model,idx,source,true_label,ood_score,pred_label,correct
AA-only (before retrain),0,AA_pure,ID,0.784392,ID,1
AA-only (before retrain),1,AA_pure,ID,0.63107,ID,1
AA-only (before retrain),2,AA_pure,ID,0.385804,ID,1
AA-only (before retrain),3,AA_pure,ID,0.562172,ID,1
AA-only (before retrain),4,AA_pure,ID,0.44619,ID,1
AA-only (before retrain),5,AA_pure,ID,0.402614,ID,1
AA-only (before retrain),6,AA_pure,ID,0.509429,ID,1
AA-only (before retrain),7,AA_pure,ID,0.95098,OOD,0
AA-only (before retrain),8,AA_pure,ID,0.503512,ID,1
AA-only (before retrain),9,AA_pure,ID,0.422073,ID,1
AA-only (before retrain),10,AA_pure,ID,0.420912,ID,1
AA-only (before retrain),11,AA_pure,ID,0.950341,OOD,0
AA-only (before retrain),12,AA_pure,ID,0.934001,OOD,0
AA-only (before retrain),13,AA_pure,ID,0.414509,ID,1
AA-only (before retrain),14,AA_pure,ID,0.413168,ID,1
AA-only (before retrain),15,AA_pure,ID,0.586129,ID,1
AA-only (before retrain),16,AA_pure,ID,0.446438,ID,1
AA-only (before retrain),17,AA_pure,ID,0.546744,ID,1
AA-only (before retrain),18,AA_pure,ID,0.487057,ID,1
AA-only (before retrain),19,AA_pure,ID,0.428657,ID,1
AA-only (before retrain),20,AA_pure,ID,0.587691,ID,1
AA-only (before retrain),21,AA_pure,ID,0.403051,ID,1
AA-only (before retrain),22,AA_pure,ID,0.469366,ID,1
AA-only (before retrain),23,AA_pure,ID,0.467232,ID,1
AA-only (before retrain),24,AA_pure,ID,0.604164,ID,1
AA-only (before retrain),25,AA_pure,ID,0.711225,ID,1
AA-only (before retrain),26,AA_pure,ID,0.396454,ID,1
AA-only (before retrain),27,AA_pure,ID,0.635425,ID,1
AA-only (before retrain),28,AA_pure,ID,0.746755,ID,1
AA-only (before retrain),29,AA_pure,ID,0.675145,ID,1
AA-only (before retrain),30,AA_pure,ID,0.55349,ID,1
AA-only (before retrain),31,AA_pure,ID,0.579348,ID,1
AA-only (before retrain),32,AA_pure,ID,0.578495,ID,1
AA-only (before retrain),33,AA_pure,ID,0.546167,ID,1
AA-only (before retrain),34,AA_pure,ID,0.564587,ID,1
AA-only (before retrain),35,AA_pure,ID,0.696846,ID,1
AA-only (before retrain),36,AA_pure,ID,0.392795,ID,1
AA-only (before retrain),37,AA_pure,ID,0.47617,ID,1
AA-only (before retrain),38,AA_pure,ID,0.35913,ID,1
AA-only (before retrain),39,AA_pure,ID,0.612458,ID,1
AA-only (before retrain),40,AA_pure,ID,0.508632,ID,1
AA-only (before retrain),41,AA_pure,ID,0.836744,OOD,0
AA-only (before retrain),42,AA_pure,ID,0.544676,ID,1
AA-only (before retrain),43,AA_pure,ID,0.503072,ID,1
AA-only (before retrain),44,AA_pure,ID,0.496532,ID,1
AA-only (before retrain),45,AA_pure,ID,0.881694,OOD,0
AA-only (before retrain),46,AA_pure,ID,0.737441,ID,1
AA-only (before retrain),47,AA_pure,ID,0.467816,ID,1
AA-only (before retrain),48,AA_pure,ID,0.458445,ID,1
AA-only (before retrain),49,AA_pure,ID,0.608178,ID,1
AA-only (before retrain),50,AA_pure,ID,0.411581,ID,1
AA-only (before retrain),51,AA_pure,ID,0.540155,ID,1
AA-only (before retrain),52,AA_pure,ID,0.379722,ID,1
AA-only (before retrain),53,AA_pure,ID,0.777784,ID,1
AA-only (before retrain),54,AA_pure,ID,0.722496,ID,1
AA-only (before retrain),55,AA_pure,ID,0.619502,ID,1
AA-only (before retrain),56,AA_pure,ID,0.651661,ID,1
AA-only (before retrain),57,AA_pure,ID,0.387833,ID,1
AA-only (before retrain),58,AA_pure,ID,0.556006,ID,1
AA-only (before retrain),59,AA_pure,ID,0.725466,ID,1
AA-only (before retrain),60,AA_pure,ID,0.478822,ID,1
AA-only (before retrain),61,AA_pure,ID,1.0,OOD,0
AA-only (before retrain),62,AA_pure,ID,0.472244,ID,1
AA-only (before retrain),63,AA_pure,ID,0.435154,ID,1
AA-only (before retrain),64,AA_pure,ID,0.35558,ID,1
AA-only (before retrain),65,AA_pure,ID,0.741611,ID,1
AA-only (before retrain),66,AA_pure,ID,0.514711,ID,1
AA-only (before retrain),67,AA_pure,ID,0.574862,ID,1
AA-only (before retrain),68,AA_pure,ID,0.446636,ID,1
AA-only (before retrain),69,AA_pure,ID,0.559021,ID,1
AA-only (before retrain),70,AA_pure,ID,0.53379,ID,1
AA-only (before retrain),71,AA_pure,ID,0.470007,ID,1
AA-only (before retrain),72,AA_pure,ID,0.471307,ID,1
AA-only (before retrain),73,AA_pure,ID,0.484403,ID,1
AA-only (before retrain),74,AA_pure,ID,0.580981,ID,1
AA-only (before retrain),75,AA_pure,ID,0.430589,ID,1
AA-only (before retrain),76,AA_pure,ID,0.596813,ID,1
AA-only (before retrain),77,AA_pure,ID,0.360882,ID,1
AA-only (before retrain),78,AA_pure,ID,0.577206,ID,1
AA-only (before retrain),79,AA_pure,ID,0.591322,ID,1
AA-only (before retrain),80,AA_pure,ID,0.58513,ID,1
AA-only (before retrain),81,AA_pure,ID,0.816876,OOD,0
AA-only (before retrain),82,AA_pure,ID,0.382677,ID,1
AA-only (before retrain),83,AA_pure,ID,0.463436,ID,1
AA-only (before retrain),84,AA_pure,ID,0.545347,ID,1
AA-only (before retrain),85,AA_pure,ID,0.409578,ID,1
AA-only (before retrain),86,AA_pure,ID,0.532613,ID,1
AA-only (before retrain),87,AA_pure,ID,0.507567,ID,1
AA-only (before retrain),88,AA_pure,ID,0.556229,ID,1
AA-only (before retrain),89,AA_pure,ID,0.598446,ID,1
AA-only (before retrain),90,AA_pure,ID,0.50967,ID,1
AA-only (before retrain),91,AA_pure,ID,0.60674,ID,1
AA-only (before retrain),92,AA_pure,ID,0.459319,ID,1
AA-only (before retrain),93,AA_pure,ID,0.411046,ID,1
AA-only (before retrain),94,AA_pure,ID,0.646909,ID,1
AA-only (before retrain),95,AA_pure,ID,0.467809,ID,1
AA-only (before retrain),96,AA_pure,ID,0.470496,ID,1
AA-only (before retrain),97,AA_pure,ID,0.558397,ID,1
AA-only (before retrain),98,AA_pure,ID,0.506079,ID,1
AA-only (before retrain),99,AA_pure,ID,0.57664,ID,1
AA-only (before retrain),100,AA_pure,ID,0.563969,ID,1
AA-only (before retrain),101,AA_pure,ID,0.472654,ID,1
AA-only (before retrain),102,AA_pure,ID,0.749659,ID,1
AA-only (before retrain),103,AA_pure,ID,0.468363,ID,1
AA-only (before retrain),104,AA_pure,ID,0.464679,ID,1
AA-only (before retrain),105,AA_pure,ID,0.526448,ID,1
AA-only (before retrain),106,AA_pure,ID,0.48564,ID,1
AA-only (before retrain),107,AA_pure,ID,0.388613,ID,1
AA-only (before retrain),108,AA_pure,ID,0.608039,ID,1
AA-only (before retrain),109,AA_pure,ID,0.725155,ID,1
AA-only (before retrain),110,AA_pure,ID,0.430739,ID,1
AA-only (before retrain),111,AA_pure,ID,0.424151,ID,1
AA-only (before retrain),112,AA_pure,ID,0.391823,ID,1
AA-only (before retrain),113,AA_pure,ID,0.549159,ID,1
AA-only (before retrain),114,AA_pure,ID,0.668769,ID,1
AA-only (before retrain),115,AA_pure,ID,0.442538,ID,1
AA-only (before retrain),116,AA_pure,ID,0.648143,ID,1
AA-only (before retrain),117,AA_pure,ID,0.579285,ID,1
AA-only (before retrain),118,AA_pure,ID,0.429388,ID,1
AA-only (before retrain),119,AA_pure,ID,0.558263,ID,1
AA-only (before retrain),120,AA_pure,ID,0.495433,ID,1
AA-only (before retrain),121,AA_pure,ID,0.408454,ID,1
AA-only (before retrain),122,AA_pure,ID,0.431192,ID,1
AA-only (before retrain),123,AA_pure,ID,0.718239,ID,1
AA-only (before retrain),124,AA_pure,ID,0.52773,ID,1
AA-only (before retrain),125,AA_pure,ID,0.40977,ID,1
AA-only (before retrain),126,AA_pure,ID,0.68659,ID,1
AA-only (before retrain),127,AA_pure,ID,0.386734,ID,1
AA-only (before retrain),128,AA_pure,ID,0.607594,ID,1
AA-only (before retrain),129,AA_pure,ID,0.76035,ID,1
AA-only (before retrain),130,AA_pure,ID,0.509039,ID,1
AA-only (before retrain),131,AA_pure,ID,0.46366,ID,1
AA-only (before retrain),132,AA_pure,ID,0.5412,ID,1
AA-only (before retrain),133,AA_pure,ID,0.507429,ID,1
AA-only (before retrain),134,AA_pure,ID,0.410402,ID,1
AA-only (before retrain),135,AA_pure,ID,0.562438,ID,1
AA-only (before retrain),136,AA_pure,ID,0.822805,OOD,0
AA-only (before retrain),137,AA_pure,ID,0.637522,ID,1
AA-only (before retrain),138,AA_pure,ID,0.928269,OOD,0
AA-only (before retrain),139,AA_pure,ID,0.531131,ID,1
AA-only (before retrain),140,AA_pure,ID,0.59018,ID,1
AA-only (before retrain),141,AA_pure,ID,0.382702,ID,1
AA-only (before retrain),142,AA_pure,ID,0.96274,OOD,0
AA-only (before retrain),143,AA_pure,ID,0.44285,ID,1
AA-only (before retrain),144,AA_pure,ID,0.749802,ID,1
AA-only (before retrain),145,AA_pure,ID,0.552983,ID,1
AA-only (before retrain),146,AA_pure,ID,0.46945,ID,1
AA-only (before retrain),147,AA_pure,ID,0.466606,ID,1
AA-only (before retrain),148,AA_pure,ID,0.548897,ID,1
AA-only (before retrain),149,AA_pure,ID,0.435389,ID,1
AA-only (before retrain),150,AA_pure,ID,0.452032,ID,1
AA-only (before retrain),151,AA_pure,ID,0.413947,ID,1
AA-only (before retrain),152,AA_pure,ID,0.52156,ID,1
AA-only (before retrain),153,AA_pure,ID,0.426222,ID,1
AA-only (before retrain),154,AA_pure,ID,0.767936,ID,1
AA-only (before retrain),155,AA_pure,ID,0.529878,ID,1
AA-only (before retrain),156,AA_pure,ID,0.380812,ID,1
AA-only (before retrain),157,AA_pure,ID,0.404811,ID,1
AA-only (before retrain),158,AA_pure,ID,0.756055,ID,1
AA-only (before retrain),159,AA_pure,ID,0.517243,ID,1
AA-only (before retrain),160,AA_pure,ID,0.468458,ID,1
AA-only (before retrain),161,AA_pure,ID,0.431782,ID,1
AA-only (before retrain),162,AA_pure,ID,0.372681,ID,1
AA-only (before retrain),163,AA_pure,ID,0.526716,ID,1
AA-only (before retrain),164,AA_pure,ID,0.508922,ID,1
AA-only (before retrain),165,AA_pure,ID,0.481495,ID,1
AA-only (before retrain),166,AA_pure,ID,0.598478,ID,1
AA-only (before retrain),167,AA_pure,ID,0.535845,ID,1
AA-only (before retrain),168,AA_pure,ID,0.942373,OOD,0
AA-only (before retrain),169,AA_pure,ID,0.731388,ID,1
AA-only (before retrain),170,AA_pure,ID,0.784861,ID,1
AA-only (before retrain),171,AA_pure,ID,0.473598,ID,1
AA-only (before retrain),172,AA_pure,ID,0.568313,ID,1
AA-only (before retrain),173,AA_pure,ID,0.632105,ID,1
AA-only (before retrain),174,AA_pure,ID,0.489108,ID,1
AA-only (before retrain),175,AA_pure,ID,0.620445,ID,1
AA-only (before retrain),176,AA_pure,ID,0.603111,ID,1
AA-only (before retrain),177,AA_pure,ID,0.583867,ID,1
AA-only (before retrain),178,AA_pure,ID,0.722185,ID,1
AA-only (before retrain),179,AA_pure,ID,0.6179,ID,1
AA-only (before retrain),180,AA_pure,ID,0.693711,ID,1
AA-only (before retrain),181,AA_pure,ID,0.506093,ID,1
AA-only (before retrain),182,AA_pure,ID,0.744293,ID,1
AA-only (before retrain),183,AA_pure,ID,0.411106,ID,1
AA-only (before retrain),184,AA_pure,ID,0.579475,ID,1
AA-only (before retrain),185,AA_pure,ID,0.610791,ID,1
AA-only (before retrain),186,AA_pure,ID,0.51667,ID,1
AA-only (before retrain),187,AA_pure,ID,0.484889,ID,1
AA-only (before retrain),188,AA_pure,ID,0.48666,ID,1
AA-only (before retrain),189,AA_pure,ID,0.531548,ID,1
AA-only (before retrain),190,AA_pure,ID,0.632015,ID,1
AA-only (before retrain),191,AA_pure,ID,0.74267,ID,1
AA-only (before retrain),192,AA_pure,ID,0.555421,ID,1
AA-only (before retrain),193,AA_pure,ID,0.588423,ID,1
AA-only (before retrain),194,AA_pure,ID,0.642028,ID,1
AA-only (before retrain),195,AA_pure,ID,0.484449,ID,1
AA-only (before retrain),196,AA_pure,ID,0.524062,ID,1
AA-only (before retrain),197,AA_pure,ID,0.485676,ID,1
AA-only (before retrain),198,AA_pure,ID,0.526127,ID,1
AA-only (before retrain),199,AA_pure,ID,0.614457,ID,1
AA-only (before retrain),200,AA_pure,ID,0.548889,ID,1
AA-only (before retrain),201,AA_pure,ID,0.460691,ID,1
AA-only (before retrain),202,AA_pure,ID,0.534501,ID,1
AA-only (before retrain),203,AA_pure,ID,0.590447,ID,1
AA-only (before retrain),204,AA_pure,ID,0.397762,ID,1
AA-only (before retrain),205,AA_pure,ID,0.497957,ID,1
AA-only (before retrain),206,AA_pure,ID,0.488271,ID,1
AA-only (before retrain),207,AA_pure,ID,0.59619,ID,1
AA-only (before retrain),208,AA_pure,ID,0.391946,ID,1
AA-only (before retrain),209,AA_pure,ID,0.72765,ID,1
AA-only (before retrain),210,AA_pure,ID,0.402292,ID,1
AA-only (before retrain),211,AA_pure,ID,0.563646,ID,1
AA-only (before retrain),212,AA_pure,ID,0.524438,ID,1
AA-only (before retrain),213,AA_pure,ID,0.530886,ID,1
AA-only (before retrain),214,AA_pure,ID,0.713993,ID,1
AA-only (before retrain),215,AA_pure,ID,0.394891,ID,1
AA-only (before retrain),216,AA_pure,ID,0.465739,ID,1
AA-only (before retrain),217,AA_pure,ID,0.480321,ID,1
AA-only (before retrain),218,AA_pure,ID,0.454926,ID,1
AA-only (before retrain),219,AA_pure,ID,0.539669,ID,1
AA-only (before retrain),220,AA_pure,ID,0.5648,ID,1
AA-only (before retrain),221,AA_pure,ID,0.511185,ID,1
AA-only (before retrain),222,AA_pure,ID,0.459809,ID,1
AA-only (before retrain),223,AA_pure,ID,0.797091,ID,1
AA-only (before retrain),224,AA_pure,ID,0.514508,ID,1
AA-only (before retrain),225,AA_pure,ID,0.481633,ID,1
AA-only (before retrain),226,AA_pure,ID,0.702704,ID,1
AA-only (before retrain),227,AA_pure,ID,0.503445,ID,1
AA-only (before retrain),228,AA_pure,ID,0.568602,ID,1
AA-only (before retrain),229,AA_pure,ID,0.402566,ID,1
AA-only (before retrain),230,AA_pure,ID,0.531253,ID,1
AA-only (before retrain),231,AA_pure,ID,0.390466,ID,1
AA-only (before retrain),232,AA_pure,ID,0.657621,ID,1
AA-only (before retrain),233,AA_pure,ID,0.540277,ID,1
AA-only (before retrain),234,AA_pure,ID,0.591441,ID,1
AA-only (before retrain),235,AA_pure,ID,0.80276,OOD,0
AA-only (before retrain),236,AA_pure,ID,0.607539,ID,1
AA-only (before retrain),237,AA_pure,ID,0.553738,ID,1
AA-only (before retrain),238,AA_pure,ID,0.357769,ID,1
AA-only (before retrain),239,AA_pure,ID,0.921975,OOD,0
AA-only (before retrain),240,AA_pure,ID,0.413804,ID,1
AA-only (before retrain),241,AA_pure,ID,0.466364,ID,1
AA-only (before retrain),242,AA_pure,ID,0.592244,ID,1
AA-only (before retrain),243,AA_pure,ID,0.505592,ID,1
AA-only (before retrain),244,AA_pure,ID,0.34209,ID,1
AA-only (before retrain),245,AA_pure,ID,0.430874,ID,1
AA-only (before retrain),246,AA_pure,ID,0.47348,ID,1
AA-only (before retrain),247,AA_pure,ID,0.894299,OOD,0
AA-only (before retrain),248,AA_pure,ID,0.54184,ID,1
AA-only (before retrain),249,AA_pure,ID,0.410795,ID,1
AA-only (before retrain),250,AA_pure,ID,0.560899,ID,1
AA-only (before retrain),251,AA_pure,ID,0.690402,ID,1
AA-only (before retrain),252,AA_pure,ID,0.492633,ID,1
AA-only (before retrain),253,AA_pure,ID,0.442849,ID,1
AA-only (before retrain),254,AA_pure,ID,0.390045,ID,1
AA-only (before retrain),255,AA_pure,ID,0.552414,ID,1
AA-only (before retrain),256,AA_pure,ID,0.441793,ID,1
AA-only (before retrain),257,AA_pure,ID,0.676052,ID,1
AA-only (before retrain),258,AA_pure,ID,0.687063,ID,1
AA-only (before retrain),259,AA_pure,ID,0.562997,ID,1
AA-only (before retrain),260,AA_pure,ID,0.57907,ID,1
AA-only (before retrain),261,AA_pure,ID,0.624517,ID,1
AA-only (before retrain),262,AA_pure,ID,0.657226,ID,1
AA-only (before retrain),263,AA_pure,ID,0.437645,ID,1
AA-only (before retrain),264,AA_pure,ID,0.648853,ID,1
AA-only (before retrain),265,AA_pure,ID,0.505501,ID,1
AA-only (before retrain),266,AA_pure,ID,0.507642,ID,1
AA-only (before retrain),267,AA_pure,ID,0.526752,ID,1
AA-only (before retrain),268,AA_pure,ID,0.406543,ID,1
AA-only (before retrain),269,AA_pure,ID,0.504108,ID,1
AA-only (before retrain),270,AA_pure,ID,0.930157,OOD,0
AA-only (before retrain),271,AA_pure,ID,0.718345,ID,1
AA-only (before retrain),272,AA_pure,ID,0.418048,ID,1
AA-only (before retrain),273,AA_pure,ID,0.545435,ID,1
AA-only (before retrain),274,AA_pure,ID,0.469206,ID,1
AA-only (before retrain),275,AA_pure,ID,0.726008,ID,1
AA-only (before retrain),276,AA_pure,ID,0.524131,ID,1
AA-only (before retrain),277,AA_pure,ID,0.618212,ID,1
AA-only (before retrain),278,AA_pure,ID,0.569332,ID,1
AA-only (before retrain),279,AA_pure,ID,0.455158,ID,1
AA-only (before retrain),280,AA_pure,ID,0.562636,ID,1
AA-only (before retrain),281,AA_pure,ID,0.454845,ID,1
AA-only (before retrain),282,AA_pure,ID,0.410791,ID,1
AA-only (before retrain),283,AA_pure,ID,0.507807,ID,1
AA-only (before retrain),284,AA_pure,ID,0.453922,ID,1
AA-only (before retrain),285,AA_pure,ID,0.468093,ID,1
AA-only (before retrain),286,AA_pure,ID,0.512066,ID,1
AA-only (before retrain),287,AA_pure,ID,0.553605,ID,1
AA-only (before retrain),288,AA_pure,ID,0.408808,ID,1
AA-only (before retrain),289,AA_pure,ID,0.716862,ID,1
AA-only (before retrain),290,AA_pure,ID,0.692941,ID,1
AA-only (before retrain),291,AA_pure,ID,0.487596,ID,1
AA-only (before retrain),292,AA_pure,ID,0.496052,ID,1
AA-only (before retrain),293,AA_pure,ID,0.392442,ID,1
AA-only (before retrain),294,AA_pure,ID,0.701313,ID,1
AA-only (before retrain),295,AA_pure,ID,0.598284,ID,1
AA-only (before retrain),296,AA_pure,ID,0.504737,ID,1
AA-only (before retrain),297,AA_pure,ID,0.533004,ID,1
AA-only (before retrain),298,AA_pure,ID,0.58665,ID,1
AA-only (before retrain),299,AA_pure,ID,0.588621,ID,1
AA-only (before retrain),300,AA_pure,ID,0.574271,ID,1
AA-only (before retrain),301,AA_pure,ID,0.808636,OOD,0
AA-only (before retrain),302,AA_pure,ID,0.396499,ID,1
AA-only (before retrain),303,AA_pure,ID,0.484018,ID,1
AA-only (before retrain),304,AA_pure,ID,0.693075,ID,1
AA-only (before retrain),305,AA_pure,ID,0.534247,ID,1
AA-only (before retrain),306,AA_pure,ID,0.800841,OOD,0
AA-only (before retrain),307,AA_pure,ID,0.4745,ID,1
AA-only (before retrain),308,AA_pure,ID,0.82474,OOD,0
AA-only (before retrain),309,AA_pure,ID,0.56319,ID,1
AA-only (before retrain),310,AA_pure,ID,0.578786,ID,1
AA-only (before retrain),311,AA_pure,ID,0.549253,ID,1
AA-only (before retrain),312,AA_pure,ID,0.486114,ID,1
AA-only (before retrain),313,AA_pure,ID,0.561152,ID,1
AA-only (before retrain),314,AA_pure,ID,0.42618,ID,1
AA-only (before retrain),315,AA_pure,ID,0.65723,ID,1
AA-only (before retrain),316,AA_pure,ID,0.3876,ID,1
AA-only (before retrain),317,AA_pure,ID,0.497878,ID,1
AA-only (before retrain),318,AA_pure,ID,0.719421,ID,1
AA-only (before retrain),319,AA_pure,ID,0.412455,ID,1
AA-only (before retrain),320,AA_pure,ID,0.476754,ID,1
AA-only (before retrain),321,AA_pure,ID,0.473179,ID,1
AA-only (before retrain),322,AA_pure,ID,0.501736,ID,1
AA-only (before retrain),323,AA_pure,ID,0.628569,ID,1
AA-only (before retrain),324,AA_pure,ID,0.570903,ID,1
AA-only (before retrain),325,AA_pure,ID,0.403649,ID,1
AA-only (before retrain),326,AA_pure,ID,0.569763,ID,1
AA-only (before retrain),327,AA_pure,ID,0.378034,ID,1
AA-only (before retrain),328,AA_pure,ID,0.444481,ID,1
AA-only (before retrain),329,AA_pure,ID,0.442329,ID,1
AA-only (before retrain),330,AA_pure,ID,0.477115,ID,1
AA-only (before retrain),331,AA_pure,ID,0.448538,ID,1
AA-only (before retrain),332,AA_pure,ID,0.469747,ID,1
AA-only (before retrain),333,AA_pure,ID,0.680755,ID,1
AA-only (before retrain),334,AA_pure,ID,0.448519,ID,1
AA-only (before retrain),335,AA_pure,ID,0.482773,ID,1
AA-only (before retrain),336,AA_pure,ID,0.414253,ID,1
AA-only (before retrain),337,AA_pure,ID,0.679863,ID,1
AA-only (before retrain),338,AA_pure,ID,0.574171,ID,1
AA-only (before retrain),339,AA_pure,ID,0.576143,ID,1
AA-only (before retrain),340,AA_pure,ID,0.792674,ID,1
AA-only (before retrain),341,AA_pure,ID,0.656207,ID,1
AA-only (before retrain),342,AA_pure,ID,0.529501,ID,1
AA-only (before retrain),343,AA_pure,ID,0.403411,ID,1
AA-only (before retrain),344,AA_pure,ID,0.55544,ID,1
AA-only (before retrain),345,AA_pure,ID,0.55506,ID,1
AA-only (before retrain),346,AA_pure,ID,0.480861,ID,1
AA-only (before retrain),347,AA_pure,ID,0.699464,ID,1
AA-only (before retrain),348,AA_pure,ID,0.596049,ID,1
AA-only (before retrain),349,AA_pure,ID,0.570815,ID,1
AA-only (before retrain),350,AA_pure,ID,0.567811,ID,1
AA-only (before retrain),351,AA_pure,ID,0.660099,ID,1
AA-only (before retrain),352,AA_pure,ID,0.429119,ID,1
AA-only (before retrain),353,AA_pure,ID,0.534987,ID,1
AA-only (before retrain),354,AA_pure,ID,0.59139,ID,1
AA-only (before retrain),355,AA_pure,ID,0.423639,ID,1
AA-only (before retrain),356,AA_pure,ID,0.449715,ID,1
AA-only (before retrain),357,AA_pure,ID,0.521446,ID,1
AA-only (before retrain),358,AA_pure,ID,0.624517,ID,1
AA-only (before retrain),359,AA_pure,ID,0.513149,ID,1
AA-only (before retrain),360,AA_pure,ID,0.456504,ID,1
AA-only (before retrain),361,AA_pure,ID,0.585667,ID,1
AA-only (before retrain),362,AA_pure,ID,0.680799,ID,1
AA-only (before retrain),363,AA_pure,ID,0.569906,ID,1
AA-only (before retrain),364,AA_pure,ID,0.536663,ID,1
AA-only (before retrain),365,AA_pure,ID,0.638461,ID,1
AA-only (before retrain),366,AA_pure,ID,0.614121,ID,1
AA-only (before retrain),367,AA_pure,ID,0.749708,ID,1
AA-only (before retrain),368,AA_pure,ID,0.350359,ID,1
AA-only (before retrain),369,AA_pure,ID,0.419752,ID,1
AA-only (before retrain),370,AA_pure,ID,0.571699,ID,1
AA-only (before retrain),371,AA_pure,ID,0.48038,ID,1
AA-only (before retrain),372,AA_pure,ID,0.415827,ID,1
AA-only (before retrain),373,AA_pure,ID,0.559158,ID,1
AA-only (before retrain),374,AA_pure,ID,0.528121,ID,1
AA-only (before retrain),375,AA_pure,ID,0.69942,ID,1
AA-only (before retrain),376,AA_pure,ID,0.592757,ID,1
AA-only (before retrain),377,AA_pure,ID,0.524821,ID,1
AA-only (before retrain),378,AA_pure,ID,0.462953,ID,1
AA-only (before retrain),379,AA_pure,ID,0.452631,ID,1
AA-only (before retrain),380,AA_pure,ID,0.482613,ID,1
AA-only (before retrain),381,AA_pure,ID,0.407955,ID,1
AA-only (before retrain),382,AA_pure,ID,0.59148,ID,1
AA-only (before retrain),383,AA_pure,ID,0.387032,ID,1
AA-only (before retrain),384,AA_pure,ID,0.483052,ID,1
AA-only (before retrain),385,AA_pure,ID,0.497592,ID,1
AA-only (before retrain),386,AA_pure,ID,0.397587,ID,1
AA-only (before retrain),387,AA_pure,ID,0.791519,ID,1
AA-only (before retrain),388,AA_pure,ID,0.636119,ID,1
AA-only (before retrain),389,AA_pure,ID,0.471982,ID,1
AA-only (before retrain),390,AA_pure,ID,0.533282,ID,1
AA-only (before retrain),391,AA_pure,ID,0.520913,ID,1
AA-only (before retrain),392,AA_pure,ID,0.644922,ID,1
AA-only (before retrain),393,AA_pure,ID,0.835253,OOD,0
AA-only (before retrain),394,AA_pure,ID,0.637617,ID,1
AA-only (before retrain),395,AA_pure,ID,0.458114,ID,1
AA-only (before retrain),396,AA_pure,ID,0.933407,OOD,0
AA-only (before retrain),397,AA_pure,ID,0.47968,ID,1
AA-only (before retrain),398,AA_pure,ID,0.442501,ID,1
AA-only (before retrain),399,AA_pure,ID,0.451157,ID,1
AA-only (before retrain),400,AA_pure,ID,0.409326,ID,1
AA-only (before retrain),401,AA_pure,ID,0.405215,ID,1
AA-only (before retrain),402,AA_pure,ID,0.509528,ID,1
AA-only (before retrain),403,AA_pure,ID,0.64668,ID,1
AA-only (before retrain),404,AA_pure,ID,0.593708,ID,1
AA-only (before retrain),405,AA_pure,ID,0.527789,ID,1
AA-only (before retrain),406,AA_pure,ID,0.927109,OOD,0
AA-only (before retrain),407,AA_pure,ID,0.536204,ID,1
AA-only (before retrain),408,AA_pure,ID,0.473764,ID,1
AA-only (before retrain),409,AA_pure,ID,0.389779,ID,1
AA-only (before retrain),410,AA_pure,ID,0.487315,ID,1
AA-only (before retrain),411,AA_pure,ID,0.417537,ID,1
AA-only (before retrain),412,AA_pure,ID,0.54682,ID,1
AA-only (before retrain),413,AA_pure,ID,0.507679,ID,1
AA-only (before retrain),414,AA_pure,ID,0.460777,ID,1
AA-only (before retrain),415,AA_pure,ID,0.8546,OOD,0
AA-only (before retrain),416,AA_pure,ID,0.968124,OOD,0
AA-only (before retrain),417,AA_pure,ID,0.4299,ID,1
AA-only (before retrain),418,AA_pure,ID,0.569805,ID,1
AA-only (before retrain),419,AA_pure,ID,0.604814,ID,1
AA-only (before retrain),420,AA_pure,ID,0.506388,ID,1
AA-only (before retrain),421,AA_pure,ID,0.482635,ID,1
AA-only (before retrain),422,AA_pure,ID,0.554185,ID,1
AA-only (before retrain),423,AA_pure,ID,0.484081,ID,1
AA-only (before retrain),424,AA_pure,ID,0.368826,ID,1
AA-only (before retrain),425,AA_pure,ID,0.468539,ID,1
AA-only (before retrain),426,AA_pure,ID,0.500401,ID,1
AA-only (before retrain),427,AA_pure,ID,0.538915,ID,1
AA-only (before retrain),428,AA_pure,ID,0.614484,ID,1
AA-only (before retrain),429,AA_pure,ID,0.515733,ID,1
AA-only (before retrain),430,AA_pure,ID,0.525219,ID,1
AA-only (before retrain),431,AA_pure,ID,0.544519,ID,1
AA-only (before retrain),432,AA_pure,ID,0.665794,ID,1
AA-only (before retrain),433,AA_pure,ID,0.648378,ID,1
AA-only (before retrain),434,AA_pure,ID,0.700691,ID,1
AA-only (before retrain),435,AA_pure,ID,0.470681,ID,1
AA-only (before retrain),436,AA_pure,ID,0.547336,ID,1
AA-only (before retrain),437,AA_pure,ID,0.392922,ID,1
AA-only (before retrain),438,AA_pure,ID,0.47641,ID,1
AA-only (before retrain),439,AA_pure,ID,0.513781,ID,1
AA-only (before retrain),440,AA_pure,ID,0.664472,ID,1
AA-only (before retrain),441,AA_pure,ID,0.483983,ID,1
AA-only (before retrain),442,AA_pure,ID,0.431126,ID,1
AA-only (before retrain),443,AA_pure,ID,0.614154,ID,1
AA-only (before retrain),444,AA_pure,ID,0.603274,ID,1
AA-only (before retrain),445,AA_pure,ID,0.562398,ID,1
AA-only (before retrain),446,AA_pure,ID,0.456865,ID,1
AA-only (before retrain),447,AA_pure,ID,0.422073,ID,1
AA-only (before retrain),448,AA_pure,ID,0.541225,ID,1
AA-only (before retrain),449,AA_pure,ID,0.422198,ID,1
AA-only (before retrain),450,AA_pure,ID,0.682734,ID,1
AA-only (before retrain),451,AA_pure,ID,0.441129,ID,1
AA-only (before retrain),452,AA_pure,ID,0.384315,ID,1
AA-only (before retrain),453,AA_pure,ID,0.411639,ID,1
AA-only (before retrain),454,AA_pure,ID,0.500034,ID,1
AA-only (before retrain),455,AA_pure,ID,0.672718,ID,1
AA-only (before retrain),456,AA_pure,ID,0.597592,ID,1
AA-only (before retrain),457,AA_pure,ID,0.750457,ID,1
AA-only (before retrain),458,AA_pure,ID,0.462119,ID,1
AA-only (before retrain),459,AA_pure,ID,0.494993,ID,1
AA-only (before retrain),460,AA_pure,ID,0.506722,ID,1
AA-only (before retrain),461,AA_pure,ID,0.450827,ID,1
AA-only (before retrain),462,AA_pure,ID,0.473681,ID,1
AA-only (before retrain),463,AA_pure,ID,0.517864,ID,1
AA-only (before retrain),464,AA_pure,ID,0.586052,ID,1
AA-only (before retrain),465,AA_pure,ID,0.619431,ID,1
AA-only (before retrain),466,AA_pure,ID,0.695549,ID,1
AA-only (before retrain),467,AA_pure,ID,0.500876,ID,1
AA-only (before retrain),468,AA_pure,ID,0.442132,ID,1
AA-only (before retrain),469,AA_pure,ID,0.546912,ID,1
AA-only (before retrain),470,AA_pure,ID,0.618318,ID,1
AA-only (before retrain),471,AA_pure,ID,0.450608,ID,1
AA-only (before retrain),472,AA_pure,ID,0.513265,ID,1
AA-only (before retrain),473,AA_pure,ID,0.383431,ID,1
AA-only (before retrain),474,AA_pure,ID,0.391749,ID,1
AA-only (before retrain),475,AA_pure,ID,0.388761,ID,1
AA-only (before retrain),476,AA_pure,ID,0.521917,ID,1
AA-only (before retrain),477,AA_pure,ID,0.78904,ID,1
AA-only (before retrain),478,AA_pure,ID,0.585798,ID,1
AA-only (before retrain),479,AA_pure,ID,0.809898,OOD,0
AA-only (before retrain),480,AA_pure,ID,0.403467,ID,1
AA-only (before retrain),481,AA_pure,ID,0.901866,OOD,0
AA-only (before retrain),482,AA_pure,ID,0.529403,ID,1
AA-only (before retrain),483,AA_pure,ID,0.592637,ID,1
AA-only (before retrain),484,AA_pure,ID,0.504988,ID,1
AA-only (before retrain),485,AA_pure,ID,0.590837,ID,1
AA-only (before retrain),486,AA_pure,ID,0.514433,ID,1
AA-only (before retrain),487,AA_pure,ID,0.50557,ID,1
AA-only (before retrain),488,AA_pure,ID,0.406843,ID,1
AA-only (before retrain),489,AA_pure,ID,0.547685,ID,1
AA-only (before retrain),490,AA_pure,ID,0.55675,ID,1
AA-only (before retrain),491,AA_pure,ID,0.449908,ID,1
AA-only (before retrain),492,AA_pure,ID,0.502263,ID,1
AA-only (before retrain),493,AA_pure,ID,0.787858,ID,1
AA-only (before retrain),494,AA_pure,ID,0.545503,ID,1
AA-only (before retrain),495,AA_pure,ID,0.493549,ID,1
AA-only (before retrain),496,AA_pure,ID,0.614547,ID,1
AA-only (before retrain),497,AA_pure,ID,0.35052,ID,1
AA-only (before retrain),498,AA_pure,ID,0.459932,ID,1
AA-only (before retrain),499,AA_pure,ID,0.513113,ID,1
AA-only (before retrain),500,AA_pure,ID,1.0,OOD,0
AA-only (before retrain),501,AA_pure,ID,0.813851,OOD,0
AA-only (before retrain),502,AA_pure,ID,0.650786,ID,1
AA-only (before retrain),503,AA_pure,ID,0.599123,ID,1
AA-only (before retrain),504,AA_pure,ID,0.812386,OOD,0
AA-only (before retrain),505,AA_pure,ID,0.462576,ID,1
AA-only (before retrain),506,AA_pure,ID,0.620852,ID,1
AA-only (before retrain),507,AA_pure,ID,0.343689,ID,1
AA-only (before retrain),508,AA_pure,ID,0.463994,ID,1
AA-only (before retrain),509,AA_pure,ID,0.371532,ID,1
AA-only (before retrain),510,AA_pure,ID,0.518544,ID,1
AA-only (before retrain),511,AA_pure,ID,0.480889,ID,1
AA-only (before retrain),512,AA_pure,ID,0.604752,ID,1
AA-only (before retrain),513,AA_pure,ID,0.586316,ID,1
AA-only (before retrain),514,AA_pure,ID,0.700302,ID,1
AA-only (before retrain),515,AA_pure,ID,0.479669,ID,1
AA-only (before retrain),516,AA_pure,ID,0.743009,ID,1
AA-only (before retrain),517,AA_pure,ID,0.475186,ID,1
AA-only (before retrain),518,AA_pure,ID,0.706662,ID,1
AA-only (before retrain),519,AA_pure,ID,0.422193,ID,1
AA-only (before retrain),520,AA_pure,ID,0.458964,ID,1
AA-only (before retrain),521,AA_pure,ID,0.607128,ID,1
AA-only (before retrain),522,AA_pure,ID,0.445072,ID,1
AA-only (before retrain),523,AA_pure,ID,0.853256,OOD,0
AA-only (before retrain),524,AA_pure,ID,0.514584,ID,1
AA-only (before retrain),525,AA_pure,ID,0.553081,ID,1
AA-only (before retrain),526,AA_pure,ID,0.517473,ID,1
AA-only (before retrain),527,AA_pure,ID,0.481127,ID,1
AA-only (before retrain),528,AA_pure,ID,0.531127,ID,1
AA-only (before retrain),529,AA_pure,ID,0.353677,ID,1
AA-only (before retrain),530,AA_pure,ID,0.500426,ID,1
AA-only (before retrain),531,AA_pure,ID,0.513535,ID,1
AA-only (before retrain),532,AA_pure,ID,0.508564,ID,1
AA-only (before retrain),533,AA_pure,ID,0.449155,ID,1
AA-only (before retrain),534,AA_pure,ID,0.448133,ID,1
AA-only (before retrain),535,AA_pure,ID,0.59738,ID,1
AA-only (before retrain),536,AA_pure,ID,0.602804,ID,1
AA-only (before retrain),537,AA_pure,ID,0.43908,ID,1
AA-only (before retrain),538,AA_pure,ID,0.45689,ID,1
AA-only (before retrain),539,AA_pure,ID,0.960864,OOD,0
AA-only (before retrain),540,AA_pure,ID,0.573495,ID,1
AA-only (before retrain),541,AA_pure,ID,0.479336,ID,1
AA-only (before retrain),542,AA_pure,ID,0.694689,ID,1
AA-only (before retrain),543,AA_pure,ID,0.497538,ID,1
AA-only (before retrain),544,AA_pure,ID,0.581456,ID,1
AA-only (before retrain),545,AA_pure,ID,0.440862,ID,1
AA-only (before retrain),546,AA_pure,ID,0.485719,ID,1
AA-only (before retrain),547,AA_pure,ID,0.87661,OOD,0
AA-only (before retrain),548,AA_pure,ID,0.609502,ID,1
AA-only (before retrain),549,AA_pure,ID,0.444104,ID,1
AA-only (before retrain),550,AA_pure,ID,0.485446,ID,1
AA-only (before retrain),551,AA_pure,ID,0.811039,OOD,0
AA-only (before retrain),552,AA_pure,ID,0.437455,ID,1
AA-only (before retrain),553,AA_pure,ID,0.486764,ID,1
AA-only (before retrain),554,AA_pure,ID,0.427501,ID,1
AA-only (before retrain),555,AA_pure,ID,0.437586,ID,1
AA-only (before retrain),556,AA_pure,ID,0.644666,ID,1
AA-only (before retrain),557,AA_pure,ID,0.525005,ID,1
AA-only (before retrain),558,AA_pure,ID,0.444217,ID,1
AA-only (before retrain),559,AA_pure,ID,0.723228,ID,1
AA-only (before retrain),560,AA_pure,ID,0.600838,ID,1
AA-only (before retrain),561,AA_pure,ID,0.477794,ID,1
AA-only (before retrain),562,AA_pure,ID,0.42906,ID,1
AA-only (before retrain),563,AA_pure,ID,0.543093,ID,1
AA-only (before retrain),564,AA_pure,ID,0.420584,ID,1
AA-only (before retrain),565,AA_pure,ID,0.390165,ID,1
AA-only (before retrain),566,AA_pure,ID,0.52522,ID,1
AA-only (before retrain),567,AA_pure,ID,0.510952,ID,1
AA-only (before retrain),568,AA_pure,ID,0.443715,ID,1
AA-only (before retrain),569,AA_pure,ID,0.502381,ID,1
AA-only (before retrain),570,AA_pure,ID,0.610274,ID,1
AA-only (before retrain),571,AA_pure,ID,0.518252,ID,1
AA-only (before retrain),572,AA_pure,ID,0.579052,ID,1
AA-only (before retrain),573,AA_pure,ID,0.505643,ID,1
AA-only (before retrain),574,AA_pure,ID,0.426381,ID,1
AA-only (before retrain),575,AA_pure,ID,0.575107,ID,1
AA-only (before retrain),576,AA_pure,ID,0.433951,ID,1
AA-only (before retrain),577,AA_pure,ID,0.864052,OOD,0
AA-only (before retrain),578,AA_pure,ID,0.583256,ID,1
AA-only (before retrain),579,AA_pure,ID,0.445823,ID,1
AA-only (before retrain),580,AA_pure,ID,0.717421,ID,1
AA-only (before retrain),581,AA_pure,ID,0.480163,ID,1
AA-only (before retrain),582,AA_pure,ID,0.770559,ID,1
AA-only (before retrain),583,AA_pure,ID,0.489805,ID,1
AA-only (before retrain),584,AA_pure,ID,0.870394,OOD,0
AA-only (before retrain),585,AA_pure,ID,0.552624,ID,1
AA-only (before retrain),586,AA_pure,ID,0.413314,ID,1
AA-only (before retrain),587,AA_pure,ID,0.440646,ID,1
AA-only (before retrain),588,AA_pure,ID,0.597165,ID,1
AA-only (before retrain),589,AA_pure,ID,0.447052,ID,1
AA-only (before retrain),590,AA_pure,ID,0.446533,ID,1
AA-only (before retrain),591,AA_pure,ID,0.541111,ID,1
AA-only (before retrain),592,AA_pure,ID,0.645865,ID,1
AA-only (before retrain),593,AA_pure,ID,0.521861,ID,1
AA-only (before retrain),594,AA_pure,ID,0.601019,ID,1
AA-only (before retrain),595,AA_pure,ID,0.458897,ID,1
AA-only (before retrain),596,AA_pure,ID,0.780369,ID,1
AA-only (before retrain),597,AA_pure,ID,0.550661,ID,1
AA-only (before retrain),598,AA_pure,ID,0.622974,ID,1
AA-only (before retrain),599,AA_pure,ID,0.607117,ID,1
AA-only (before retrain),600,AA_pure,ID,0.625816,ID,1
AA-only (before retrain),601,AA_pure,ID,0.484648,ID,1
AA-only (before retrain),602,AA_pure,ID,0.469868,ID,1
AA-only (before retrain),603,AA_pure,ID,0.585959,ID,1
AA-only (before retrain),604,AA_pure,ID,0.438906,ID,1
AA-only (before retrain),605,AA_pure,ID,0.498988,ID,1
AA-only (before retrain),606,AA_pure,ID,0.60361,ID,1
AA-only (before retrain),607,AA_pure,ID,0.456909,ID,1
AA-only (before retrain),608,AA_pure,ID,0.549234,ID,1
AA-only (before retrain),609,AA_pure,ID,0.572992,ID,1
AA-only (before retrain),610,AA_pure,ID,0.516498,ID,1
AA-only (before retrain),611,AA_pure,ID,0.505033,ID,1
AA-only (before retrain),612,AA_pure,ID,0.676879,ID,1
AA-only (before retrain),613,AA_pure,ID,0.469722,ID,1
AA-only (before retrain),614,AA_pure,ID,0.3604,ID,1
AA-only (before retrain),615,AA_pure,ID,0.506701,ID,1
AA-only (before retrain),616,AA_pure,ID,0.428379,ID,1
AA-only (before retrain),617,AA_pure,ID,0.467431,ID,1
AA-only (before retrain),618,AA_pure,ID,0.44298,ID,1
AA-only (before retrain),619,AA_pure,ID,0.662291,ID,1
AA-only (before retrain),620,AA_pure,ID,0.400872,ID,1
AA-only (before retrain),621,AA_pure,ID,0.513346,ID,1
AA-only (before retrain),622,AA_pure,ID,0.789364,ID,1
AA-only (before retrain),623,AA_pure,ID,0.646194,ID,1
AA-only (before retrain),624,AA_pure,ID,0.667842,ID,1
AA-only (before retrain),625,AA_pure,ID,0.965243,OOD,0
AA-only (before retrain),626,AA_pure,ID,0.588793,ID,1
AA-only (before retrain),627,AA_pure,ID,0.490246,ID,1
AA-only (before retrain),628,AA_pure,ID,0.479645,ID,1
AA-only (before retrain),629,AA_pure,ID,0.526795,ID,1
AA-only (before retrain),630,AA_pure,ID,0.488562,ID,1
AA-only (before retrain),631,AA_pure,ID,0.385582,ID,1
AA-only (before retrain),632,AA_pure,ID,0.634998,ID,1
AA-only (before retrain),633,AA_pure,ID,0.380506,ID,1
AA-only (before retrain),634,AA_pure,ID,0.529985,ID,1
AA-only (before retrain),635,AA_pure,ID,0.416252,ID,1
AA-only (before retrain),636,AA_pure,ID,0.436528,ID,1
AA-only (before retrain),637,AA_pure,ID,0.562215,ID,1
AA-only (before retrain),638,AA_pure,ID,0.602343,ID,1
AA-only (before retrain),639,AA_pure,ID,0.462346,ID,1
AA-only (before retrain),640,AA_pure,ID,0.516655,ID,1
AA-only (before retrain),641,AA_pure,ID,0.92019,OOD,0
AA-only (before retrain),642,AA_pure,ID,0.566476,ID,1
AA-only (before retrain),643,AA_pure,ID,0.453465,ID,1
AA-only (before retrain),644,AA_pure,ID,0.371016,ID,1
AA-only (before retrain),645,AA_pure,ID,0.508476,ID,1
AA-only (before retrain),646,AA_pure,ID,0.39414,ID,1
AA-only (before retrain),647,AA_pure,ID,0.767532,ID,1
AA-only (before retrain),648,AA_pure,ID,0.6544,ID,1
AA-only (before retrain),649,AA_pure,ID,0.497471,ID,1
AA-only (before retrain),650,AA_pure,ID,0.768605,ID,1
AA-only (before retrain),651,AA_pure,ID,0.586895,ID,1
AA-only (before retrain),652,AA_pure,ID,0.490164,ID,1
AA-only (before retrain),653,AA_pure,ID,0.594571,ID,1
AA-only (before retrain),654,AA_pure,ID,0.349358,ID,1
AA-only (before retrain),655,AA_pure,ID,0.533823,ID,1
AA-only (before retrain),656,AA_pure,ID,0.42211,ID,1
AA-only (before retrain),657,AA_pure,ID,0.512387,ID,1
AA-only (before retrain),658,AA_pure,ID,0.442538,ID,1
AA-only (before retrain),659,AA_pure,ID,0.397446,ID,1
AA-only (before retrain),660,AA_pure,ID,0.409347,ID,1
AA-only (before retrain),661,AA_pure,ID,0.421228,ID,1
AA-only (before retrain),662,AA_pure,ID,0.461909,ID,1
AA-only (before retrain),663,AA_pure,ID,0.380705,ID,1
AA-only (before retrain),664,AA_pure,ID,0.774116,ID,1
AA-only (before retrain),665,AA_pure,ID,0.608431,ID,1
AA-only (before retrain),666,AA_pure,ID,0.389436,ID,1
AA-only (before retrain),667,AA_pure,ID,0.549557,ID,1
AA-only (before retrain),668,AA_pure,ID,0.564152,ID,1
AA-only (before retrain),669,AA_pure,ID,0.457711,ID,1
AA-only (before retrain),670,AA_pure,ID,0.456507,ID,1
AA-only (before retrain),671,AA_pure,ID,0.79433,ID,1
AA-only (before retrain),672,AA_pure,ID,0.517101,ID,1
AA-only (before retrain),673,AA_pure,ID,0.460279,ID,1
AA-only (before retrain),674,AA_pure,ID,0.500956,ID,1
AA-only (before retrain),675,AA_pure,ID,0.36209,ID,1
AA-only (before retrain),676,AA_pure,ID,0.655664,ID,1
AA-only (before retrain),677,AA_pure,ID,0.915426,OOD,0
AA-only (before retrain),678,AA_pure,ID,0.610605,ID,1
AA-only (before retrain),679,AA_pure,ID,0.647909,ID,1
AA-only (before retrain),680,AA_pure,ID,0.535744,ID,1
AA-only (before retrain),681,AA_pure,ID,0.521356,ID,1
AA-only (before retrain),682,AA_pure,ID,0.45924,ID,1
AA-only (before retrain),683,AA_pure,ID,0.572778,ID,1
AA-only (before retrain),684,AA_pure,ID,0.544989,ID,1
AA-only (before retrain),685,AA_pure,ID,0.951555,OOD,0
AA-only (before retrain),686,AA_pure,ID,0.567481,ID,1
AA-only (before retrain),687,AA_pure,ID,0.368491,ID,1
AA-only (before retrain),688,AA_pure,ID,0.748064,ID,1
AA-only (before retrain),689,AA_pure,ID,0.474697,ID,1
AA-only (before retrain),690,AA_pure,ID,0.604017,ID,1
AA-only (before retrain),691,AA_pure,ID,0.612005,ID,1
AA-only (before retrain),692,AA_pure,ID,0.508115,ID,1
AA-only (before retrain),693,AA_pure,ID,0.487668,ID,1
AA-only (before retrain),694,AA_pure,ID,0.415762,ID,1
AA-only (before retrain),695,AA_pure,ID,0.774149,ID,1
AA-only (before retrain),696,AA_pure,ID,0.388937,ID,1
AA-only (before retrain),697,AA_pure,ID,0.5458,ID,1
AA-only (before retrain),698,AA_pure,ID,0.37717,ID,1
AA-only (before retrain),699,AA_pure,ID,0.597452,ID,1
AA-only (before retrain),700,AA_pure,ID,0.30947,ID,1
AA-only (before retrain),701,AA_pure,ID,0.592603,ID,1
AA-only (before retrain),702,AA_pure,ID,0.849845,OOD,0
AA-only (before retrain),703,AA_pure,ID,0.561303,ID,1
AA-only (before retrain),704,AA_pure,ID,0.486599,ID,1
AA-only (before retrain),705,AA_pure,ID,0.515705,ID,1
AA-only (before retrain),706,AA_pure,ID,0.826859,OOD,0
AA-only (before retrain),707,AA_pure,ID,0.95492,OOD,0
AA-only (before retrain),708,AA_pure,ID,0.434355,ID,1
AA-only (before retrain),709,AA_pure,ID,0.510703,ID,1
AA-only (before retrain),710,AA_pure,ID,0.831766,OOD,0
AA-only (before retrain),711,AA_pure,ID,0.63966,ID,1
AA-only (before retrain),712,AA_pure,ID,0.482888,ID,1
AA-only (before retrain),713,AA_pure,ID,0.547103,ID,1
AA-only (before retrain),714,AA_pure,ID,0.459421,ID,1
AA-only (before retrain),715,AA_pure,ID,0.545597,ID,1
AA-only (before retrain),716,AA_pure,ID,0.556601,ID,1
AA-only (before retrain),717,AA_pure,ID,0.492156,ID,1
AA-only (before retrain),718,AA_pure,ID,0.581611,ID,1
AA-only (before retrain),719,AA_pure,ID,0.485704,ID,1
AA-only (before retrain),720,AA_pure,ID,0.58272,ID,1
AA-only (before retrain),721,AA_pure,ID,0.630188,ID,1
AA-only (before retrain),722,AA_pure,ID,0.640015,ID,1
AA-only (before retrain),723,AA_pure,ID,1.0,OOD,0
AA-only (before retrain),724,AA_pure,ID,0.42619,ID,1
AA-only (before retrain),725,AA_pure,ID,0.53255,ID,1
AA-only (before retrain),726,AA_pure,ID,0.454173,ID,1
AA-only (before retrain),727,AA_pure,ID,0.654859,ID,1
AA-only (before retrain),728,AA_pure,ID,0.453739,ID,1
AA-only (before retrain),729,AA_pure,ID,0.662679,ID,1
AA-only (before retrain),730,AA_pure,ID,0.491779,ID,1
AA-only (before retrain),731,AA_pure,ID,0.602358,ID,1
AA-only (before retrain),732,AA_pure,ID,0.529682,ID,1
AA-only (before retrain),733,AA_pure,ID,0.591142,ID,1
AA-only (before retrain),734,AA_pure,ID,0.531956,ID,1
AA-only (before retrain),735,AA_pure,ID,0.348403,ID,1
AA-only (before retrain),736,AA_pure,ID,0.658871,ID,1
AA-only (before retrain),737,AA_pure,ID,0.449669,ID,1
AA-only (before retrain),738,AA_pure,ID,0.582717,ID,1
AA-only (before retrain),739,AA_pure,ID,0.423201,ID,1
AA-only (before retrain),740,AA_pure,ID,0.371161,ID,1
AA-only (before retrain),741,AA_pure,ID,0.535763,ID,1
AA-only (before retrain),742,AA_pure,ID,0.415803,ID,1
AA-only (before retrain),743,AA_pure,ID,0.461451,ID,1
AA-only (before retrain),744,AA_pure,ID,0.725467,ID,1
AA-only (before retrain),745,AA_pure,ID,0.797082,ID,1
AA-only (before retrain),746,AA_pure,ID,0.463588,ID,1
AA-only (before retrain),747,AA_pure,ID,0.571296,ID,1
AA-only (before retrain),748,AA_pure,ID,0.507471,ID,1
AA-only (before retrain),749,AA_pure,ID,0.45906,ID,1
AA-only (before retrain),750,AA_pure,ID,0.449438,ID,1
AA-only (before retrain),751,AA_pure,ID,0.469087,ID,1
AA-only (before retrain),752,AA_pure,ID,0.556796,ID,1
AA-only (before retrain),753,AA_pure,ID,0.494546,ID,1
AA-only (before retrain),754,AA_pure,ID,0.600734,ID,1
AA-only (before retrain),755,AA_pure,ID,0.490042,ID,1
AA-only (before retrain),756,AA_pure,ID,0.636725,ID,1
AA-only (before retrain),757,AA_pure,ID,0.495616,ID,1
AA-only (before retrain),758,AA_pure,ID,0.66312,ID,1
AA-only (before retrain),759,AA_pure,ID,0.533883,ID,1
AA-only (before retrain),760,AA_pure,ID,0.472093,ID,1
AA-only (before retrain),761,AA_pure,ID,0.516341,ID,1
AA-only (before retrain),762,AA_pure,ID,0.42124,ID,1
AA-only (before retrain),763,AA_pure,ID,0.615724,ID,1
AA-only (before retrain),764,AA_pure,ID,0.531787,ID,1
AA-only (before retrain),765,AA_pure,ID,0.366189,ID,1
AA-only (before retrain),766,AA_pure,ID,0.413945,ID,1
AA-only (before retrain),767,AA_pure,ID,0.54394,ID,1
AA-only (before retrain),768,AA_pure,ID,0.465919,ID,1
AA-only (before retrain),769,AA_pure,ID,0.736066,ID,1
AA-only (before retrain),770,AA_pure,ID,0.554594,ID,1
AA-only (before retrain),771,AA_pure,ID,0.502611,ID,1
AA-only (before retrain),772,AA_pure,ID,0.665407,ID,1
AA-only (before retrain),773,AA_pure,ID,0.547516,ID,1
AA-only (before retrain),774,AA_pure,ID,0.500279,ID,1
AA-only (before retrain),775,AA_pure,ID,0.704933,ID,1
AA-only (before retrain),776,AA_pure,ID,0.414719,ID,1
AA-only (before retrain),777,AA_pure,ID,0.428459,ID,1
AA-only (before retrain),778,AA_pure,ID,0.345638,ID,1
AA-only (before retrain),779,AA_pure,ID,0.442315,ID,1
AA-only (before retrain),780,AA_pure,ID,0.526936,ID,1
AA-only (before retrain),781,AA_pure,ID,0.502887,ID,1
AA-only (before retrain),782,AA_pure,ID,0.439037,ID,1
AA-only (before retrain),783,AA_pure,ID,0.552578,ID,1
AA-only (before retrain),784,AA_pure,ID,0.369453,ID,1
AA-only (before retrain),785,AA_pure,ID,0.512086,ID,1
AA-only (before retrain),786,AA_pure,ID,0.463122,ID,1
AA-only (before retrain),787,AA_pure,ID,0.512816,ID,1
AA-only (before retrain),788,AA_pure,ID,0.607271,ID,1
AA-only (before retrain),789,AA_pure,ID,0.57519,ID,1
AA-only (before retrain),790,AA_pure,ID,0.757915,ID,1
AA-only (before retrain),791,AA_pure,ID,0.589641,ID,1
AA-only (before retrain),792,AA_pure,ID,0.580382,ID,1
AA-only (before retrain),793,AA_pure,ID,0.498373,ID,1
AA-only (before retrain),794,AA_pure,ID,0.536312,ID,1
AA-only (before retrain),795,AA_pure,ID,0.625765,ID,1
AA-only (before retrain),796,AA_pure,ID,0.483332,ID,1
AA-only (before retrain),797,AA_pure,ID,0.531612,ID,1
AA-only (before retrain),798,AA_pure,ID,0.585777,ID,1
AA-only (before retrain),799,AA_pure,ID,0.550411,ID,1
AA-only (before retrain),800,AA_pure,ID,0.521032,ID,1
AA-only (before retrain),801,AA_pure,ID,0.683919,ID,1
AA-only (before retrain),802,AA_pure,ID,0.710906,ID,1
AA-only (before retrain),803,AA_pure,ID,0.422575,ID,1
AA-only (before retrain),804,AA_pure,ID,0.405814,ID,1
AA-only (before retrain),805,AA_pure,ID,0.488776,ID,1
AA-only (before retrain),806,AA_pure,ID,0.417945,ID,1
AA-only (before retrain),807,AA_pure,ID,0.372446,ID,1
AA-only (before retrain),808,AA_pure,ID,0.48837,ID,1
AA-only (before retrain),809,AA_pure,ID,0.74578,ID,1
AA-only (before retrain),810,AA_pure,ID,0.446245,ID,1
AA-only (before retrain),811,AA_pure,ID,0.568268,ID,1
AA-only (before retrain),812,AA_pure,ID,0.439492,ID,1
AA-only (before retrain),813,AA_pure,ID,0.589718,ID,1
AA-only (before retrain),814,AA_pure,ID,0.528244,ID,1
AA-only (before retrain),815,AA_pure,ID,0.920533,OOD,0
AA-only (before retrain),816,AA_pure,ID,0.661278,ID,1
AA-only (before retrain),817,AA_pure,ID,0.591823,ID,1
AA-only (before retrain),818,AA_pure,ID,0.562308,ID,1
AA-only (before retrain),819,AA_pure,ID,0.77342,ID,1
AA-only (before retrain),820,AA_pure,ID,0.469048,ID,1
AA-only (before retrain),821,AA_pure,ID,0.420609,ID,1
AA-only (before retrain),822,AA_pure,ID,0.600971,ID,1
AA-only (before retrain),823,AA_pure,ID,0.639373,ID,1
AA-only (before retrain),824,AA_pure,ID,0.476474,ID,1
AA-only (before retrain),825,AA_pure,ID,0.479551,ID,1
AA-only (before retrain),826,AA_pure,ID,0.415877,ID,1
AA-only (before retrain),827,AA_pure,ID,0.489275,ID,1
AA-only (before retrain),828,AA_pure,ID,0.426674,ID,1
AA-only (before retrain),829,AA_pure,ID,0.609473,ID,1
AA-only (before retrain),830,AA_pure,ID,0.541514,ID,1
AA-only (before retrain),831,AA_pure,ID,0.475144,ID,1
AA-only (before retrain),832,AA_pure,ID,0.485,ID,1
AA-only (before retrain),833,AA_pure,ID,0.507681,ID,1
AA-only (before retrain),834,AA_pure,ID,0.581374,ID,1
AA-only (before retrain),835,AA_pure,ID,0.668638,ID,1
AA-only (before retrain),836,AA_pure,ID,0.503494,ID,1
AA-only (before retrain),837,AA_pure,ID,0.443091,ID,1
AA-only (before retrain),838,AA_pure,ID,0.407638,ID,1
AA-only (before retrain),839,AA_pure,ID,0.394609,ID,1
AA-only (before retrain),840,AA_pure,ID,0.628835,ID,1
AA-only (before retrain),841,AA_pure,ID,0.946338,OOD,0
AA-only (before retrain),842,AA_pure,ID,0.489896,ID,1
AA-only (before retrain),843,AA_pure,ID,0.66357,ID,1
AA-only (before retrain),844,AA_pure,ID,0.662229,ID,1
AA-only (before retrain),845,AA_pure,ID,0.492169,ID,1
AA-only (before retrain),846,AA_pure,ID,0.889099,OOD,0
AA-only (before retrain),847,AA_pure,ID,0.354578,ID,1
AA-only (before retrain),848,AA_pure,ID,0.38603,ID,1
AA-only (before retrain),849,AA_pure,ID,0.548248,ID,1
AA-only (before retrain),850,AA_pure,ID,0.472322,ID,1
AA-only (before retrain),851,AA_pure,ID,0.482288,ID,1
AA-only (before retrain),852,AA_pure,ID,0.624302,ID,1
AA-only (before retrain),853,AA_pure,ID,0.425194,ID,1
AA-only (before retrain),854,AA_pure,ID,0.653808,ID,1
AA-only (before retrain),855,AA_pure,ID,0.467288,ID,1
AA-only (before retrain),856,AA_pure,ID,0.435113,ID,1
AA-only (before retrain),857,AA_pure,ID,0.666213,ID,1
AA-only (before retrain),858,AA_pure,ID,0.47893,ID,1
AA-only (before retrain),859,AA_pure,ID,0.515434,ID,1
AA-only (before retrain),860,AA_pure,ID,0.611219,ID,1
AA-only (before retrain),861,AA_pure,ID,0.553262,ID,1
AA-only (before retrain),862,AA_pure,ID,0.402004,ID,1
AA-only (before retrain),863,AA_pure,ID,0.520163,ID,1
AA-only (before retrain),864,AA_pure,ID,0.351245,ID,1
AA-only (before retrain),865,AA_pure,ID,0.682516,ID,1
AA-only (before retrain),866,AA_pure,ID,0.765467,ID,1
AA-only (before retrain),867,AA_pure,ID,0.446277,ID,1
AA-only (before retrain),868,AA_pure,ID,0.514214,ID,1
AA-only (before retrain),869,AA_pure,ID,0.453379,ID,1
AA-only (before retrain),870,AA_pure,ID,0.521628,ID,1
AA-only (before retrain),871,AA_pure,ID,0.465871,ID,1
AA-only (before retrain),872,AA_pure,ID,0.516669,ID,1
AA-only (before retrain),873,AA_pure,ID,0.646056,ID,1
AA-only (before retrain),874,AA_pure,ID,0.398343,ID,1
AA-only (before retrain),875,AA_pure,ID,0.532857,ID,1
AA-only (before retrain),876,AA_pure,ID,0.492052,ID,1
AA-only (before retrain),877,AA_pure,ID,0.375212,ID,1
AA-only (before retrain),878,AA_pure,ID,0.517464,ID,1
AA-only (before retrain),879,AA_pure,ID,0.551512,ID,1
AA-only (before retrain),880,AA_pure,ID,0.741946,ID,1
AA-only (before retrain),881,AA_pure,ID,0.960555,OOD,0
AA-only (before retrain),882,AA_pure,ID,0.451461,ID,1
AA-only (before retrain),883,AA_pure,ID,0.473122,ID,1
AA-only (before retrain),884,AA_pure,ID,0.644736,ID,1
AA-only (before retrain),885,AA_pure,ID,0.409881,ID,1
AA-only (before retrain),886,AA_pure,ID,0.625976,ID,1
AA-only (before retrain),887,AA_pure,ID,0.587872,ID,1
AA-only (before retrain),888,AA_pure,ID,0.542924,ID,1
AA-only (before retrain),889,AA_pure,ID,0.581311,ID,1
AA-only (before retrain),890,AA_pure,ID,0.533576,ID,1
AA-only (before retrain),891,AA_pure,ID,0.491633,ID,1
AA-only (before retrain),892,AA_pure,ID,0.616386,ID,1
AA-only (before retrain),893,AA_pure,ID,0.485686,ID,1
AA-only (before retrain),894,AA_pure,ID,0.460151,ID,1
AA-only (before retrain),895,AA_pure,ID,0.643501,ID,1
AA-only (before retrain),896,AA_pure,ID,0.663515,ID,1
AA-only (before retrain),897,AA_pure,ID,0.393936,ID,1
AA-only (before retrain),898,AA_pure,ID,0.569212,ID,1
AA-only (before retrain),899,AA_pure,ID,0.50953,ID,1
AA-only (before retrain),900,AA_pure,ID,0.525141,ID,1
AA-only (before retrain),901,AA_pure,ID,0.446358,ID,1
AA-only (before retrain),902,AA_pure,ID,0.708033,ID,1
AA-only (before retrain),903,AA_pure,ID,0.418861,ID,1
AA-only (before retrain),904,AA_pure,ID,0.425172,ID,1
AA-only (before retrain),905,AA_pure,ID,0.506038,ID,1
AA-only (before retrain),906,AA_pure,ID,0.465002,ID,1
AA-only (before retrain),907,AA_pure,ID,0.373274,ID,1
AA-only (before retrain),908,AA_pure,ID,0.563602,ID,1
AA-only (before retrain),909,AA_pure,ID,0.547832,ID,1
AA-only (before retrain),910,AA_pure,ID,0.525889,ID,1
AA-only (before retrain),911,AA_pure,ID,0.784839,ID,1
AA-only (before retrain),912,AA_pure,ID,0.67228,ID,1
AA-only (before retrain),913,AA_pure,ID,0.42686,ID,1
AA-only (before retrain),914,AA_pure,ID,0.405157,ID,1
AA-only (before retrain),915,AA_pure,ID,0.440482,ID,1
AA-only (before retrain),916,AA_pure,ID,0.433202,ID,1
AA-only (before retrain),917,AA_pure,ID,0.421781,ID,1
AA-only (before retrain),918,AA_pure,ID,0.378158,ID,1
AA-only (before retrain),919,AA_pure,ID,0.455105,ID,1
AA-only (before retrain),920,AA_pure,ID,0.415208,ID,1
AA-only (before retrain),921,AA_pure,ID,0.437522,ID,1
AA-only (before retrain),922,AA_pure,ID,0.748706,ID,1
AA-only (before retrain),923,AA_pure,ID,0.651215,ID,1
AA-only (before retrain),924,AA_pure,ID,0.504052,ID,1
AA-only (before retrain),925,AA_pure,ID,0.433315,ID,1
AA-only (before retrain),926,AA_pure,ID,0.689539,ID,1
AA-only (before retrain),927,AA_pure,ID,0.495494,ID,1
AA-only (before retrain),928,AA_pure,ID,0.805205,OOD,0
AA-only (before retrain),929,AA_pure,ID,0.544207,ID,1
AA-only (before retrain),930,AA_pure,ID,0.518651,ID,1
AA-only (before retrain),931,AA_pure,ID,0.530404,ID,1
AA-only (before retrain),932,AA_pure,ID,0.495191,ID,1
AA-only (before retrain),933,AA_pure,ID,0.397093,ID,1
AA-only (before retrain),934,AA_pure,ID,0.479798,ID,1
AA-only (before retrain),935,AA_pure,ID,0.60059,ID,1
AA-only (before retrain),936,AA_pure,ID,0.517328,ID,1
AA-only (before retrain),937,AA_pure,ID,0.619518,ID,1
AA-only (before retrain),938,AA_pure,ID,0.608907,ID,1
AA-only (before retrain),939,AA_pure,ID,0.571104,ID,1
AA-only (before retrain),940,AA_pure,ID,0.64751,ID,1
AA-only (before retrain),941,AA_pure,ID,0.56276,ID,1
AA-only (before retrain),942,AA_pure,ID,0.57999,ID,1
AA-only (before retrain),943,AA_pure,ID,0.569228,ID,1
AA-only (before retrain),944,AA_pure,ID,0.39465,ID,1
AA-only (before retrain),945,AA_pure,ID,0.73687,ID,1
AA-only (before retrain),946,AA_pure,ID,0.567605,ID,1
AA-only (before retrain),947,AA_pure,ID,0.49652,ID,1
AA-only (before retrain),948,AA_pure,ID,0.477913,ID,1
AA-only (before retrain),949,AA_pure,ID,0.515805,ID,1
AA-only (before retrain),950,AA_pure,ID,0.537499,ID,1
AA-only (before retrain),951,AA_pure,ID,0.572304,ID,1
AA-only (before retrain),952,AA_pure,ID,0.502817,ID,1
AA-only (before retrain),953,AA_pure,ID,0.549921,ID,1
AA-only (before retrain),954,AA_pure,ID,0.470035,ID,1
AA-only (before retrain),955,AA_pure,ID,0.403637,ID,1
AA-only (before retrain),956,AA_pure,ID,0.433735,ID,1
AA-only (before retrain),957,AA_pure,ID,0.596026,ID,1
AA-only (before retrain),958,AA_pure,ID,0.771764,ID,1
AA-only (before retrain),959,AA_pure,ID,0.64626,ID,1
AA-only (before retrain),960,AA_pure,ID,0.606026,ID,1
AA-only (before retrain),961,AA_pure,ID,0.430946,ID,1
AA-only (before retrain),962,AA_pure,ID,0.516721,ID,1
AA-only (before retrain),963,AA_pure,ID,0.687497,ID,1
AA-only (before retrain),964,AA_pure,ID,0.460456,ID,1
AA-only (before retrain),965,AA_pure,ID,0.438945,ID,1
AA-only (before retrain),966,AA_pure,ID,0.809548,OOD,0
AA-only (before retrain),967,AA_pure,ID,0.582519,ID,1
AA-only (before retrain),968,AA_pure,ID,0.421388,ID,1
AA-only (before retrain),969,AA_pure,ID,0.698813,ID,1
AA-only (before retrain),970,AA_pure,ID,0.760261,ID,1
AA-only (before retrain),971,AA_pure,ID,0.526815,ID,1
AA-only (before retrain),972,AA_pure,ID,0.486329,ID,1
AA-only (before retrain),0,AAM_mineral_rich,OOD,0.791822,ID,0
AA-only (before retrain),1,AAM_mineral_rich,OOD,1.0,OOD,1
AA-only (before retrain),2,AAM_mineral_rich,OOD,1.0,OOD,1
AA-only (before retrain),3,AAM_mineral_rich,OOD,0.98795,OOD,1
AA-only (before retrain),4,AAM_mineral_rich,OOD,1.0,OOD,1
AA-only (before retrain),5,AAM_mineral_rich,OOD,1.0,OOD,1
AA-only (before retrain),6,AAM_mineral_rich,OOD,1.0,OOD,1
AA-only (before retrain),7,AAM_mineral_rich,OOD,1.0,OOD,1
AA-only (before retrain),8,AAM_mineral_rich,OOD,1.0,OOD,1
AA-only (before retrain),9,AAM_mineral_rich,OOD,0.862159,OOD,1
AA-only (before retrain),10,AAM_mineral_rich,OOD,1.0,OOD,1
AA-only (before retrain),11,AAM_mineral_rich,OOD,1.0,OOD,1
AA-only (before retrain),12,AAM_mineral_rich,OOD,1.0,OOD,1
AA-only (before retrain),13,AAM_mineral_rich,OOD,1.0,OOD,1
AA-only (before retrain),14,AAM_mineral_rich,OOD,1.0,OOD,1
AA-only (before retrain),15,AAM_mineral_rich,OOD,1.0,OOD,1
AA-only (before retrain),16,AAM_mineral_rich,OOD,1.0,OOD,1
AA-only (before retrain),17,AAM_mineral_rich,OOD,1.0,OOD,1
AA-only (before retrain),18,AAM_mineral_rich,OOD,1.0,OOD,1
AA-only (before retrain),19,AAM_mineral_rich,OOD,0.946492,OOD,1
AA-only (before retrain),20,AAM_mineral_rich,OOD,1.0,OOD,1
AA-only (before retrain),21,AAM_mineral_rich,OOD,1.0,OOD,1
AA-only (before retrain),22,AAM_mineral_rich,OOD,1.0,OOD,1
AA-only (before retrain),23,AAM_mineral_rich,OOD,1.0,OOD,1
AA-only (before retrain),24,AAM_mineral_rich,OOD,1.0,OOD,1
AA-only (before retrain),25,AAM_mineral_rich,OOD,1.0,OOD,1
AA-only (before retrain),26,AAM_mineral_rich,OOD,1.0,OOD,1
AA-only (before retrain),27,AAM_mineral_rich,OOD,0.67867,ID,0
AA-only (before retrain),28,AAM_mineral_rich,OOD,1.0,OOD,1
AA-only (before retrain),29,AAM_mineral_rich,OOD,1.0,OOD,1
AA-only (before retrain),30,AAM_mineral_rich,OOD,1.0,OOD,1
AA-only (before retrain),31,AAM_mineral_rich,OOD,1.0,OOD,1
AA-only (before retrain),32,AAM_mineral_rich,OOD,1.0,OOD,1
AA-only (before retrain),33,AAM_mineral_rich,OOD,0.969474,OOD,1
AA-only (before retrain),34,AAM_mineral_rich,OOD,1.0,OOD,1
AA-only (before retrain),35,AAM_mineral_rich,OOD,1.0,OOD,1
AA-only (before retrain),36,AAM_mineral_rich,OOD,0.928632,OOD,1
AA-only (before retrain),37,AAM_mineral_rich,OOD,1.0,OOD,1
AA-only (before retrain),38,AAM_mineral_rich,OOD,1.0,OOD,1
AA-only (before retrain),39,AAM_mineral_rich,OOD,1.0,OOD,1
AA-only (before retrain),40,AAM_mineral_rich,OOD,1.0,OOD,1
AA-only (before retrain),41,AAM_mineral_rich,OOD,1.0,OOD,1
AA-only (before retrain),42,AAM_mineral_rich,OOD,1.0,OOD,1
AA-only (before retrain),43,AAM_mineral_rich,OOD,1.0,OOD,1
AA-only (before retrain),44,AAM_mineral_rich,OOD,0.968962,OOD,1
AA-only (before retrain),45,AAM_mineral_rich,OOD,0.999689,OOD,1
AA-only (before retrain),46,AAM_mineral_rich,OOD,1.0,OOD,1
AA-only (before retrain),47,AAM_mineral_rich,OOD,0.955623,OOD,1
AA-only (before retrain),48,AAM_mineral_rich,OOD,0.976188,OOD,1
AA-only (before retrain),49,AAM_mineral_rich,OOD,1.0,OOD,1
AA-only (before retrain),50,AAM_mineral_rich,OOD,1.0,OOD,1
AA-only (before retrain),51,AAM_mineral_rich,OOD,0.831692,OOD,1
AA-only (before retrain),52,AAM_mineral_rich,OOD,1.0,OOD,1
AA-only (before retrain),53,AAM_mineral_rich,OOD,1.0,OOD,1
AA-only (before retrain),54,AAM_mineral_rich,OOD,0.948485,OOD,1
AA-only (before retrain),55,AAM_mineral_rich,OOD,0.995365,OOD,1
AA-only (before retrain),56,AAM_mineral_rich,OOD,1.0,OOD,1
AA-only (before retrain),57,AAM_mineral_rich,OOD,0.971295,OOD,1
AA-only (before retrain),58,AAM_mineral_rich,OOD,1.0,OOD,1
AA-only (before retrain),59,AAM_mineral_rich,OOD,0.947963,OOD,1
AA-only (before retrain),60,AAM_mineral_rich,OOD,1.0,OOD,1
AA-only (before retrain),61,AAM_mineral_rich,OOD,1.0,OOD,1
AA-only (before retrain),62,AAM_mineral_rich,OOD,0.884759,OOD,1
AA-only (before retrain),63,AAM_mineral_rich,OOD,1.0,OOD,1
AA-only (before retrain),64,AAM_mineral_rich,OOD,1.0,OOD,1
AA-only (before retrain),65,AAM_mineral_rich,OOD,1.0,OOD,1
AA-only (before retrain),66,AAM_mineral_rich,OOD,0.907255,OOD,1
AA-only (before retrain),67,AAM_mineral_rich,OOD,1.0,OOD,1
AA-only (before retrain),68,AAM_mineral_rich,OOD,0.905009,OOD,1
AA-only (before retrain),69,AAM_mineral_rich,OOD,0.966651,OOD,1
AA-only (before retrain),70,AAM_mineral_rich,OOD,1.0,OOD,1
AA-only (before retrain),71,AAM_mineral_rich,OOD,0.938008,OOD,1
AA-only (before retrain),72,AAM_mineral_rich,OOD,1.0,OOD,1
AA-only (before retrain),73,AAM_mineral_rich,OOD,1.0,OOD,1
AA-only (before retrain),74,AAM_mineral_rich,OOD,1.0,OOD,1
AA-only (before retrain),75,AAM_mineral_rich,OOD,1.0,OOD,1
AA-only (before retrain),76,AAM_mineral_rich,OOD,1.0,OOD,1
AA-only (before retrain),77,AAM_mineral_rich,OOD,0.993259,OOD,1
AA-only (before retrain),78,AAM_mineral_rich,OOD,1.0,OOD,1
AA-only (before retrain),79,AAM_mineral_rich,OOD,1.0,OOD,1
AA-only (before retrain),80,AAM_mineral_rich,OOD,1.0,OOD,1
AA-only (before retrain),81,AAM_mineral_rich,OOD,0.917882,OOD,1
AA-only (before retrain),82,AAM_mineral_rich,OOD,1.0,OOD,1
AA-only (before retrain),83,AAM_mineral_rich,OOD,1.0,OOD,1
AA-only (before retrain),84,AAM_mineral_rich,OOD,1.0,OOD,1
AA-only (before retrain),85,AAM_mineral_rich,OOD,1.0,OOD,1
AA-only (before retrain),86,AAM_mineral_rich,OOD,1.0,OOD,1
AA-only (before retrain),87,AAM_mineral_rich,OOD,1.0,OOD,1
AA-only (before retrain),88,AAM_mineral_rich,OOD,0.979717,OOD,1
AA-only (before retrain),89,AAM_mineral_rich,OOD,1.0,OOD,1
AA-only (before retrain),90,AAM_mineral_rich,OOD,1.0,OOD,1
AA-only (before retrain),91,AAM_mineral_rich,OOD,0.911425,OOD,1
AA-only (before retrain),92,AAM_mineral_rich,OOD,1.0,OOD,1
AA-only (before retrain),93,AAM_mineral_rich,OOD,0.87563,OOD,1
AA-only (before retrain),94,AAM_mineral_rich,OOD,0.949818,OOD,1
AA-only (before retrain),95,AAM_mineral_rich,OOD,1.0,OOD,1
AA-only (before retrain),96,AAM_mineral_rich,OOD,0.863529,OOD,1
AA-only (before retrain),97,AAM_mineral_rich,OOD,1.0,OOD,1
AA-only (before retrain),98,AAM_mineral_rich,OOD,1.0,OOD,1
AA-only (before retrain),99,AAM_mineral_rich,OOD,1.0,OOD,1
AA-only (before retrain),100,AAM_mineral_rich,OOD,1.0,OOD,1
AA-only (before retrain),101,AAM_mineral_rich,OOD,1.0,OOD,1
AA-only (before retrain),102,AAM_mineral_rich,OOD,0.889419,OOD,1
AA-only (before retrain),103,AAM_mineral_rich,OOD,1.0,OOD,1
AA-only (before retrain),104,AAM_mineral_rich,OOD,1.0,OOD,1
AA-only (before retrain),105,AAM_mineral_rich,OOD,1.0,OOD,1
AA-only (before retrain),106,AAM_mineral_rich,OOD,0.928363,OOD,1
AA-only (before retrain),107,AAM_mineral_rich,OOD,1.0,OOD,1
AA-only (before retrain),108,AAM_mineral_rich,OOD,0.926914,OOD,1
AA-only (before retrain),109,AAM_mineral_rich,OOD,1.0,OOD,1
AA-only (before retrain),110,AAM_mineral_rich,OOD,0.910152,OOD,1
AA-only (before retrain),111,AAM_mineral_rich,OOD,1.0,OOD,1
AA-only (before retrain),112,AAM_mineral_rich,OOD,0.94645,OOD,1
AA-only (before retrain),113,AAM_mineral_rich,OOD,0.99791,OOD,1
AA-only (before retrain),114,AAM_mineral_rich,OOD,1.0,OOD,1
AA-only (before retrain),115,AAM_mineral_rich,OOD,1.0,OOD,1
AA-only (before retrain),116,AAM_mineral_rich,OOD,0.917832,OOD,1
AA-only (before retrain),117,AAM_mineral_rich,OOD,0.979203,OOD,1
AA-only (before retrain),118,AAM_mineral_rich,OOD,1.0,OOD,1
AA-only (before retrain),119,AAM_mineral_rich,OOD,0.981993,OOD,1
AA-only (before retrain),120,AAM_mineral_rich,OOD,0.925491,OOD,1
AA-only (before retrain),121,AAM_mineral_rich,OOD,1.0,OOD,1
AA-only (before retrain),122,AAM_mineral_rich,OOD,1.0,OOD,1
AA-only (before retrain),123,AAM_mineral_rich,OOD,0.90369,OOD,1
AA-only (before retrain),124,AAM_mineral_rich,OOD,1.0,OOD,1
AA-only (before retrain),125,AAM_mineral_rich,OOD,0.954594,OOD,1
AA-only (before retrain),126,AAM_mineral_rich,OOD,0.909737,OOD,1
AA-only (before retrain),127,AAM_mineral_rich,OOD,0.958877,OOD,1
AA-only (before retrain),128,AAM_mineral_rich,OOD,1.0,OOD,1
AA-only (before retrain),129,AAM_mineral_rich,OOD,1.0,OOD,1
AA-only (before retrain),130,AAM_mineral_rich,OOD,1.0,OOD,1
AA-only (before retrain),131,AAM_mineral_rich,OOD,0.996003,OOD,1
AA-only (before retrain),132,AAM_mineral_rich,OOD,1.0,OOD,1
AA-only (before retrain),133,AAM_mineral_rich,OOD,0.852675,OOD,1
AA-only (before retrain),134,AAM_mineral_rich,OOD,1.0,OOD,1
AA-only (before retrain),135,AAM_mineral_rich,OOD,0.980616,OOD,1
AA-only (before retrain),136,AAM_mineral_rich,OOD,1.0,OOD,1
AA-only (before retrain),137,AAM_mineral_rich,OOD,1.0,OOD,1
AA-only (before retrain),138,AAM_mineral_rich,OOD,1.0,OOD,1
AA-only (before retrain),139,AAM_mineral_rich,OOD,1.0,OOD,1
AA-only (before retrain),140,AAM_mineral_rich,OOD,1.0,OOD,1
AA-only (before retrain),141,AAM_mineral_rich,OOD,0.959476,OOD,1
AA-only (before retrain),142,AAM_mineral_rich,OOD,1.0,OOD,1
AA-only (before retrain),143,AAM_mineral_rich,OOD,0.857785,OOD,1
AA-only (before retrain),144,AAM_mineral_rich,OOD,1.0,OOD,1
AA-only (before retrain),145,AAM_mineral_rich,OOD,1.0,OOD,1
AA-only (before retrain),146,AAM_mineral_rich,OOD,1.0,OOD,1
AA-only (before retrain),147,AAM_mineral_rich,OOD,1.0,OOD,1
AA-only (before retrain),148,AAM_mineral_rich,OOD,1.0,OOD,1
AA-only (before retrain),149,AAM_mineral_rich,OOD,1.0,OOD,1
AA-only (before retrain),150,AAM_mineral_rich,OOD,1.0,OOD,1
AA-only (before retrain),151,AAM_mineral_rich,OOD,1.0,OOD,1
AA-only (before retrain),152,AAM_mineral_rich,OOD,0.997618,OOD,1
AA-only (before retrain),153,AAM_mineral_rich,OOD,1.0,OOD,1
AA-only (before retrain),154,AAM_mineral_rich,OOD,1.0,OOD,1
AA-only (before retrain),155,AAM_mineral_rich,OOD,1.0,OOD,1
AA-only (before retrain),156,AAM_mineral_rich,OOD,1.0,OOD,1
AA-only (before retrain),157,AAM_mineral_rich,OOD,1.0,OOD,1
AA-only (before retrain),158,AAM_mineral_rich,OOD,0.999917,OOD,1
AA-only (before retrain),159,AAM_mineral_rich,OOD,1.0,OOD,1
AA-only (before retrain),160,AAM_mineral_rich,OOD,0.97441,OOD,1
AA-only (before retrain),161,AAM_mineral_rich,OOD,1.0,OOD,1
AA-only (before retrain),162,AAM_mineral_rich,OOD,1.0,OOD,1
AA-only (before retrain),163,AAM_mineral_rich,OOD,1.0,OOD,1
AA-only (before retrain),164,AAM_mineral_rich,OOD,1.0,OOD,1
AA-only (before retrain),165,AAM_mineral_rich,OOD,1.0,OOD,1
AA-only (before retrain),166,AAM_mineral_rich,OOD,1.0,OOD,1
AA-only (before retrain),167,AAM_mineral_rich,OOD,1.0,OOD,1
AA-only (before retrain),168,AAM_mineral_rich,OOD,1.0,OOD,1
AA-only (before retrain),169,AAM_mineral_rich,OOD,1.0,OOD,1
AA-only (before retrain),170,AAM_mineral_rich,OOD,1.0,OOD,1
AA-only (before retrain),171,AAM_mineral_rich,OOD,0.910627,OOD,1
AA-only (before retrain),172,AAM_mineral_rich,OOD,0.890423,OOD,1
AA-only (before retrain),173,AAM_mineral_rich,OOD,1.0,OOD,1
AA-only (before retrain),174,AAM_mineral_rich,OOD,1.0,OOD,1
AA-only (before retrain),175,AAM_mineral_rich,OOD,1.0,OOD,1
AA-only (before retrain),176,AAM_mineral_rich,OOD,1.0,OOD,1
AA-only (before retrain),177,AAM_mineral_rich,OOD,1.0,OOD,1
AA-only (before retrain),178,AAM_mineral_rich,OOD,1.0,OOD,1
AA-only (before retrain),179,AAM_mineral_rich,OOD,0.923456,OOD,1
AA-only (before retrain),180,AAM_mineral_rich,OOD,1.0,OOD,1
AA-only (before retrain),181,AAM_mineral_rich,OOD,0.993864,OOD,1
AA-only (before retrain),182,AAM_mineral_rich,OOD,1.0,OOD,1
AA-only (before retrain),183,AAM_mineral_rich,OOD,1.0,OOD,1
AA-only (before retrain),184,AAM_mineral_rich,OOD,1.0,OOD,1
AA-only (before retrain),185,AAM_mineral_rich,OOD,1.0,OOD,1
AA-only (before retrain),186,AAM_mineral_rich,OOD,0.946548,OOD,1
AA-only (before retrain),187,AAM_mineral_rich,OOD,1.0,OOD,1
AA-only (before retrain),188,AAM_mineral_rich,OOD,0.935423,OOD,1
AA-only (before retrain),189,AAM_mineral_rich,OOD,1.0,OOD,1
AA-only (before retrain),190,AAM_mineral_rich,OOD,1.0,OOD,1
AA-only (before retrain),191,AAM_mineral_rich,OOD,0.897165,OOD,1
AA-only (before retrain),192,AAM_mineral_rich,OOD,1.0,OOD,1
AA-only (before retrain),193,AAM_mineral_rich,OOD,0.910383,OOD,1
AA-only (before retrain),194,AAM_mineral_rich,OOD,1.0,OOD,1
AA-only (before retrain),195,AAM_mineral_rich,OOD,1.0,OOD,1
AA-only (before retrain),196,AAM_mineral_rich,OOD,1.0,OOD,1
AA-only (before retrain),197,AAM_mineral_rich,OOD,1.0,OOD,1
AA-only (before retrain),198,AAM_mineral_rich,OOD,0.991553,OOD,1
AA-only (before retrain),199,AAM_mineral_rich,OOD,1.0,OOD,1
AA-only (before retrain),200,AAM_mineral_rich,OOD,0.928419,OOD,1
AA-only (before retrain),201,AAM_mineral_rich,OOD,1.0,OOD,1
AA-only (before retrain),202,AAM_mineral_rich,OOD,1.0,OOD,1
AA-only (before retrain),203,AAM_mineral_rich,OOD,0.948634,OOD,1
AA-only (before retrain),204,AAM_mineral_rich,OOD,1.0,OOD,1
AA-only (before retrain),205,AAM_mineral_rich,OOD,1.0,OOD,1
AA-only (before retrain),206,AAM_mineral_rich,OOD,1.0,OOD,1
AA-only (before retrain),207,AAM_mineral_rich,OOD,0.961999,OOD,1
AA-only (before retrain),208,AAM_mineral_rich,OOD,1.0,OOD,1
AA-only (before retrain),209,AAM_mineral_rich,OOD,1.0,OOD,1
AA-only (before retrain),210,AAM_mineral_rich,OOD,1.0,OOD,1
AA-only (before retrain),211,AAM_mineral_rich,OOD,1.0,OOD,1
AA-only (before retrain),212,AAM_mineral_rich,OOD,1.0,OOD,1
AA-only (before retrain),213,AAM_mineral_rich,OOD,1.0,OOD,1
AA-only (before retrain),214,AAM_mineral_rich,OOD,0.972957,OOD,1
AA-only (before retrain),215,AAM_mineral_rich,OOD,1.0,OOD,1
AA-only (before retrain),216,AAM_mineral_rich,OOD,1.0,OOD,1
AA-only (before retrain),217,AAM_mineral_rich,OOD,1.0,OOD,1
AA-only (before retrain),218,AAM_mineral_rich,OOD,1.0,OOD,1
AA-only (before retrain),219,AAM_mineral_rich,OOD,1.0,OOD,1
AA-only (before retrain),220,AAM_mineral_rich,OOD,0.919002,OOD,1
AA-only (before retrain),221,AAM_mineral_rich,OOD,1.0,OOD,1
AA-only (before retrain),222,AAM_mineral_rich,OOD,0.96637,OOD,1
AA-only (before retrain),223,AAM_mineral_rich,OOD,1.0,OOD,1
AA-only (before retrain),224,AAM_mineral_rich,OOD,1.0,OOD,1
AA-only (before retrain),225,AAM_mineral_rich,OOD,1.0,OOD,1
AA-only (before retrain),226,AAM_mineral_rich,OOD,1.0,OOD,1
AA-only (before retrain),227,AAM_mineral_rich,OOD,0.811463,OOD,1
AA-only (before retrain),228,AAM_mineral_rich,OOD,1.0,OOD,1
AA-only (before retrain),229,AAM_mineral_rich,OOD,1.0,OOD,1
AA-only (before retrain),230,AAM_mineral_rich,OOD,0.905823,OOD,1
AA-only (before retrain),231,AAM_mineral_rich,OOD,1.0,OOD,1
AA-only (before retrain),232,AAM_mineral_rich,OOD,0.982265,OOD,1
AA-only (before retrain),233,AAM_mineral_rich,OOD,1.0,OOD,1
AA-only (before retrain),234,AAM_mineral_rich,OOD,1.0,OOD,1
AA-only (before retrain),235,AAM_mineral_rich,OOD,1.0,OOD,1
AA-only (before retrain),236,AAM_mineral_rich,OOD,1.0,OOD,1
AA-only (before retrain),237,AAM_mineral_rich,OOD,0.978406,OOD,1
AA-only (before retrain),238,AAM_mineral_rich,OOD,1.0,OOD,1
AA-only (before retrain),239,AAM_mineral_rich,OOD,1.0,OOD,1
AA-only (before retrain),240,AAM_mineral_rich,OOD,1.0,OOD,1
AA-only (before retrain),241,AAM_mineral_rich,OOD,1.0,OOD,1
AA-only (before retrain),242,AAM_mineral_rich,OOD,0.997785,OOD,1
AA-only (before retrain),243,AAM_mineral_rich,OOD,0.923511,OOD,1
AA-only (before retrain),244,AAM_mineral_rich,OOD,1.0,OOD,1
AA-only (before retrain),245,AAM_mineral_rich,OOD,1.0,OOD,1
AA-only (before retrain),246,AAM_mineral_rich,OOD,1.0,OOD,1
AA-only (before retrain),247,AAM_mineral_rich,OOD,0.978016,OOD,1
AA-only (before retrain),248,AAM_mineral_rich,OOD,1.0,OOD,1
AA-only (before retrain),249,AAM_mineral_rich,OOD,0.968672,OOD,1
AA-only (before retrain),250,AAM_mineral_rich,OOD,0.9039,OOD,1
AA-only (before retrain),251,AAM_mineral_rich,OOD,1.0,OOD,1
AA-only (before retrain),252,AAM_mineral_rich,OOD,1.0,OOD,1
AA-only (before retrain),253,AAM_mineral_rich,OOD,0.956315,OOD,1
AA-only (before retrain),254,AAM_mineral_rich,OOD,0.896384,OOD,1
AA-only (before retrain),255,AAM_mineral_rich,OOD,1.0,OOD,1
AA-only (before retrain),256,AAM_mineral_rich,OOD,1.0,OOD,1
AA-only (before retrain),257,AAM_mineral_rich,OOD,1.0,OOD,1
AA-only (before retrain),258,AAM_mineral_rich,OOD,0.98586,OOD,1
AA-only (before retrain),259,AAM_mineral_rich,OOD,1.0,OOD,1
AA-only (before retrain),260,AAM_mineral_rich,OOD,0.959268,OOD,1
AA-only (before retrain),261,AAM_mineral_rich,OOD,1.0,OOD,1
AA-only (before retrain),262,AAM_mineral_rich,OOD,1.0,OOD,1
AA-only (before retrain),263,AAM_mineral_rich,OOD,1.0,OOD,1
AA-only (before retrain),264,AAM_mineral_rich,OOD,1.0,OOD,1
AA-only (before retrain),265,AAM_mineral_rich,OOD,0.985857,OOD,1
AA-only (before retrain),266,AAM_mineral_rich,OOD,1.0,OOD,1
AA-only (before retrain),267,AAM_mineral_rich,OOD,0.844742,OOD,1
AA-only (before retrain),268,AAM_mineral_rich,OOD,0.839947,OOD,1
AA-only (before retrain),269,AAM_mineral_rich,OOD,1.0,OOD,1
AA-only (before retrain),270,AAM_mineral_rich,OOD,0.920762,OOD,1
AA-only (before retrain),271,AAM_mineral_rich,OOD,1.0,OOD,1
AA-only (before retrain),272,AAM_mineral_rich,OOD,1.0,OOD,1
AA-only (before retrain),273,AAM_mineral_rich,OOD,1.0,OOD,1
AA-only (before retrain),274,AAM_mineral_rich,OOD,1.0,OOD,1
AA-only (before retrain),275,AAM_mineral_rich,OOD,1.0,OOD,1
AA-only (before retrain),276,AAM_mineral_rich,OOD,1.0,OOD,1
AA-only (before retrain),277,AAM_mineral_rich,OOD,1.0,OOD,1
AA-only (before retrain),278,AAM_mineral_rich,OOD,1.0,OOD,1
AA-only (before retrain),279,AAM_mineral_rich,OOD,1.0,OOD,1
AA-only (before retrain),280,AAM_mineral_rich,OOD,1.0,OOD,1
AA-only (before retrain),281,AAM_mineral_rich,OOD,1.0,OOD,1
AA-only (before retrain),282,AAM_mineral_rich,OOD,1.0,OOD,1
AA-only (before retrain),283,AAM_mineral_rich,OOD,1.0,OOD,1
AA-only (before retrain),284,AAM_mineral_rich,OOD,1.0,OOD,1
AA-only (before retrain),285,AAM_mineral_rich,OOD,1.0,OOD,1
AA-only (before retrain),286,AAM_mineral_rich,OOD,0.89508,OOD,1
AA-only (before retrain),287,AAM_mineral_rich,OOD,1.0,OOD,1
AA-only (before retrain),288,AAM_mineral_rich,OOD,0.967003,OOD,1
AA-only (before retrain),289,AAM_mineral_rich,OOD,1.0,OOD,1
AA-only (before retrain),290,AAM_mineral_rich,OOD,0.932681,OOD,1
AA-only (before retrain),291,AAM_mineral_rich,OOD,0.986028,OOD,1
AA-only (before retrain),292,AAM_mineral_rich,OOD,1.0,OOD,1
AA-only (before retrain),293,AAM_mineral_rich,OOD,0.977977,OOD,1
AA-only (before retrain),294,AAM_mineral_rich,OOD,1.0,OOD,1
AA-only (before retrain),295,AAM_mineral_rich,OOD,1.0,OOD,1
AA-only (before retrain),296,AAM_mineral_rich,OOD,1.0,OOD,1
AA-only (before retrain),297,AAM_mineral_rich,OOD,1.0,OOD,1
AA-only (before retrain),298,AAM_mineral_rich,OOD,1.0,OOD,1
AA-only (before retrain),299,AAM_mineral_rich,OOD,0.864567,OOD,1
AA-only (before retrain),300,AAM_mineral_rich,OOD,1.0,OOD,1
AA-only (before retrain),301,AAM_mineral_rich,OOD,0.979896,OOD,1
AA-only (before retrain),302,AAM_mineral_rich,OOD,1.0,OOD,1
AA-only (before retrain),303,AAM_mineral_rich,OOD,0.959381,OOD,1
AA-only (before retrain),304,AAM_mineral_rich,OOD,0.920325,OOD,1
AA-only (before retrain),305,AAM_mineral_rich,OOD,1.0,OOD,1
AA-only (before retrain),306,AAM_mineral_rich,OOD,1.0,OOD,1
AA-only (before retrain),307,AAM_mineral_rich,OOD,0.98521,OOD,1
AA-only (before retrain),308,AAM_mineral_rich,OOD,1.0,OOD,1
AA-only (before retrain),309,AAM_mineral_rich,OOD,1.0,OOD,1
AA-only (before retrain),310,AAM_mineral_rich,OOD,1.0,OOD,1
AA-only (before retrain),311,AAM_mineral_rich,OOD,1.0,OOD,1
AA-only (before retrain),312,AAM_mineral_rich,OOD,1.0,OOD,1
AA-only (before retrain),313,AAM_mineral_rich,OOD,1.0,OOD,1
AA-only (before retrain),314,AAM_mineral_rich,OOD,1.0,OOD,1
AA-only (before retrain),315,AAM_mineral_rich,OOD,1.0,OOD,1
AA-only (before retrain),316,AAM_mineral_rich,OOD,0.99517,OOD,1
AA-only (before retrain),317,AAM_mineral_rich,OOD,1.0,OOD,1
AA-only (before retrain),318,AAM_mineral_rich,OOD,0.925707,OOD,1
AA-only (before retrain),319,AAM_mineral_rich,OOD,1.0,OOD,1
AA-only (before retrain),320,AAM_mineral_rich,OOD,1.0,OOD,1
AA-only (before retrain),321,AAM_mineral_rich,OOD,1.0,OOD,1
AA-only (before retrain),322,AAM_mineral_rich,OOD,1.0,OOD,1
AA-only (before retrain),323,AAM_mineral_rich,OOD,1.0,OOD,1
AA-only (before retrain),324,AAM_mineral_rich,OOD,0.970051,OOD,1
AA-only (before retrain),325,AAM_mineral_rich,OOD,1.0,OOD,1
AA-only (before retrain),326,AAM_mineral_rich,OOD,1.0,OOD,1
AA-only (before retrain),327,AAM_mineral_rich,OOD,0.670402,ID,0
AA-only (before retrain),328,AAM_mineral_rich,OOD,1.0,OOD,1
AA-only (before retrain),329,AAM_mineral_rich,OOD,1.0,OOD,1
AA-only (before retrain),330,AAM_mineral_rich,OOD,1.0,OOD,1
AA-only (before retrain),331,AAM_mineral_rich,OOD,1.0,OOD,1
AA-only (before retrain),332,AAM_mineral_rich,OOD,1.0,OOD,1
AA-only (before retrain),333,AAM_mineral_rich,OOD,1.0,OOD,1
AA-only (before retrain),334,AAM_mineral_rich,OOD,1.0,OOD,1
AA-only (before retrain),335,AAM_mineral_rich,OOD,1.0,OOD,1
AA-only (before retrain),336,AAM_mineral_rich,OOD,0.931127,OOD,1
AA-only (before retrain),337,AAM_mineral_rich,OOD,1.0,OOD,1
AA-only (before retrain),338,AAM_mineral_rich,OOD,1.0,OOD,1
AA-only (before retrain),339,AAM_mineral_rich,OOD,1.0,OOD,1
AA-only (before retrain),340,AAM_mineral_rich,OOD,1.0,OOD,1
AA-only (before retrain),341,AAM_mineral_rich,OOD,1.0,OOD,1
AA-only (before retrain),342,AAM_mineral_rich,OOD,1.0,OOD,1
AA-only (before retrain),343,AAM_mineral_rich,OOD,0.99374,OOD,1
AA-only (before retrain),344,AAM_mineral_rich,OOD,0.981602,OOD,1
AA-only (before retrain),345,AAM_mineral_rich,OOD,1.0,OOD,1
AA-only (before retrain),346,AAM_mineral_rich,OOD,0.969188,OOD,1
AA-only (before retrain),347,AAM_mineral_rich,OOD,0.950895,OOD,1
AA-only (before retrain),348,AAM_mineral_rich,OOD,1.0,OOD,1
AA-only (before retrain),349,AAM_mineral_rich,OOD,1.0,OOD,1
AA-only (before retrain),350,AAM_mineral_rich,OOD,1.0,OOD,1
AA-only (before retrain),351,AAM_mineral_rich,OOD,1.0,OOD,1
AA-only (before retrain),352,AAM_mineral_rich,OOD,1.0,OOD,1
AA-only (before retrain),353,AAM_mineral_rich,OOD,1.0,OOD,1
AA-only (before retrain),354,AAM_mineral_rich,OOD,0.943985,OOD,1
AA-only (before retrain),355,AAM_mineral_rich,OOD,1.0,OOD,1
AA-only (before retrain),356,AAM_mineral_rich,OOD,0.860516,OOD,1
AA-only (before retrain),357,AAM_mineral_rich,OOD,1.0,OOD,1
AA-only (before retrain),358,AAM_mineral_rich,OOD,1.0,OOD,1
AA-only (before retrain),359,AAM_mineral_rich,OOD,1.0,OOD,1
AA-only (before retrain),360,AAM_mineral_rich,OOD,0.999853,OOD,1
AA-only (before retrain),361,AAM_mineral_rich,OOD,1.0,OOD,1
AA-only (before retrain),362,AAM_mineral_rich,OOD,1.0,OOD,1
AA-only (before retrain),363,AAM_mineral_rich,OOD,1.0,OOD,1
AA-only (before retrain),364,AAM_mineral_rich,OOD,1.0,OOD,1
AA-only (before retrain),365,AAM_mineral_rich,OOD,1.0,OOD,1
AA-only (before retrain),366,AAM_mineral_rich,OOD,1.0,OOD,1
AA-only (before retrain),367,AAM_mineral_rich,OOD,1.0,OOD,1
AA-only (before retrain),368,AAM_mineral_rich,OOD,1.0,OOD,1
AA-only (before retrain),369,AAM_mineral_rich,OOD,0.934603,OOD,1
AA-only (before retrain),370,AAM_mineral_rich,OOD,0.971134,OOD,1
AA-only (before retrain),371,AAM_mineral_rich,OOD,1.0,OOD,1
AA-only (before retrain),372,AAM_mineral_rich,OOD,1.0,OOD,1
AA-only (before retrain),373,AAM_mineral_rich,OOD,1.0,OOD,1
AA-only (before retrain),374,AAM_mineral_rich,OOD,0.946035,OOD,1
AA-only (before retrain),375,AAM_mineral_rich,OOD,1.0,OOD,1
AA-only (before retrain),376,AAM_mineral_rich,OOD,1.0,OOD,1
AA-only (before retrain),377,AAM_mineral_rich,OOD,1.0,OOD,1
AA-only (before retrain),378,AAM_mineral_rich,OOD,1.0,OOD,1
AA-only (before retrain),379,AAM_mineral_rich,OOD,1.0,OOD,1
AA-only (before retrain),380,AAM_mineral_rich,OOD,1.0,OOD,1
AA-only (before retrain),381,AAM_mineral_rich,OOD,0.871977,OOD,1
AA-only (before retrain),382,AAM_mineral_rich,OOD,1.0,OOD,1
AA-only (before retrain),383,AAM_mineral_rich,OOD,0.97191,OOD,1
AA-only (before retrain),384,AAM_mineral_rich,OOD,0.966774,OOD,1
AA-only (before retrain),385,AAM_mineral_rich,OOD,1.0,OOD,1
AA-only (before retrain),386,AAM_mineral_rich,OOD,1.0,OOD,1
AA-only (before retrain),387,AAM_mineral_rich,OOD,1.0,OOD,1
AA-only (before retrain),388,AAM_mineral_rich,OOD,1.0,OOD,1
AA-only (before retrain),389,AAM_mineral_rich,OOD,0.919497,OOD,1
AA-only (before retrain),390,AAM_mineral_rich,OOD,1.0,OOD,1
AA-only (before retrain),391,AAM_mineral_rich,OOD,1.0,OOD,1
AA-only (before retrain),392,AAM_mineral_rich,OOD,0.950158,OOD,1
AA-only (before retrain),393,AAM_mineral_rich,OOD,1.0,OOD,1
AA-only (before retrain),394,AAM_mineral_rich,OOD,1.0,OOD,1
AA-only (before retrain),395,AAM_mineral_rich,OOD,1.0,OOD,1
AA-only (before retrain),396,AAM_mineral_rich,OOD,0.92747,OOD,1
AA-only (before retrain),397,AAM_mineral_rich,OOD,1.0,OOD,1
AA-only (before retrain),398,AAM_mineral_rich,OOD,1.0,OOD,1
AA-only (before retrain),399,AAM_mineral_rich,OOD,1.0,OOD,1
AA-only (before retrain),400,AAM_mineral_rich,OOD,0.998479,OOD,1
AA-only (before retrain),401,AAM_mineral_rich,OOD,1.0,OOD,1
AA-only (before retrain),402,AAM_mineral_rich,OOD,1.0,OOD,1
AA-only (before retrain),403,AAM_mineral_rich,OOD,1.0,OOD,1
AA-only (before retrain),404,AAM_mineral_rich,OOD,1.0,OOD,1
AA-only (before retrain),405,AAM_mineral_rich,OOD,1.0,OOD,1
AA-only (before retrain),406,AAM_mineral_rich,OOD,1.0,OOD,1
AA-only (before retrain),407,AAM_mineral_rich,OOD,0.935262,OOD,1
AA-only (before retrain),408,AAM_mineral_rich,OOD,1.0,OOD,1
AA-only (before retrain),409,AAM_mineral_rich,OOD,0.920862,OOD,1
AA-only (before retrain),410,AAM_mineral_rich,OOD,1.0,OOD,1
AA-only (before retrain),411,AAM_mineral_rich,OOD,0.986976,OOD,1
AA-only (before retrain),412,AAM_mineral_rich,OOD,1.0,OOD,1
AA-only (before retrain),413,AAM_mineral_rich,OOD,0.917189,OOD,1
AA-only (before retrain),414,AAM_mineral_rich,OOD,1.0,OOD,1
AA-only (before retrain),415,AAM_mineral_rich,OOD,1.0,OOD,1
AA-only (before retrain),416,AAM_mineral_rich,OOD,1.0,OOD,1
AA-only (before retrain),417,AAM_mineral_rich,OOD,1.0,OOD,1
AA-only (before retrain),418,AAM_mineral_rich,OOD,1.0,OOD,1
AA-only (before retrain),419,AAM_mineral_rich,OOD,1.0,OOD,1
AA-only (before retrain),420,AAM_mineral_rich,OOD,1.0,OOD,1
AA-only (before retrain),421,AAM_mineral_rich,OOD,0.876482,OOD,1
AA-only (before retrain),422,AAM_mineral_rich,OOD,1.0,OOD,1
AA-only (before retrain),423,AAM_mineral_rich,OOD,0.936177,OOD,1
AA-only (before retrain),424,AAM_mineral_rich,OOD,0.973278,OOD,1
AA-only (before retrain),425,AAM_mineral_rich,OOD,1.0,OOD,1
AA-only (before retrain),426,AAM_mineral_rich,OOD,1.0,OOD,1
AA-only (before retrain),427,AAM_mineral_rich,OOD,0.990596,OOD,1
AA-only (before retrain),428,AAM_mineral_rich,OOD,0.897606,OOD,1
AA-only (before retrain),429,AAM_mineral_rich,OOD,0.934797,OOD,1
AA-only (before retrain),430,AAM_mineral_rich,OOD,1.0,OOD,1
AA-only (before retrain),431,AAM_mineral_rich,OOD,0.981605,OOD,1
AA-only (before retrain),432,AAM_mineral_rich,OOD,0.926381,OOD,1
AA-only (before retrain),433,AAM_mineral_rich,OOD,1.0,OOD,1
AA-only (before retrain),434,AAM_mineral_rich,OOD,0.789278,ID,0
AA-only (before retrain),435,AAM_mineral_rich,OOD,0.94556,OOD,1
AA-only (before retrain),436,AAM_mineral_rich,OOD,1.0,OOD,1
AA-only (before retrain),437,AAM_mineral_rich,OOD,1.0,OOD,1
AA-only (before retrain),438,AAM_mineral_rich,OOD,0.920731,OOD,1
AA-only (before retrain),439,AAM_mineral_rich,OOD,1.0,OOD,1
AA-only (before retrain),440,AAM_mineral_rich,OOD,1.0,OOD,1
AA-only (before retrain),441,AAM_mineral_rich,OOD,1.0,OOD,1
AA-only (before retrain),442,AAM_mineral_rich,OOD,1.0,OOD,1
AA-only (before retrain),443,AAM_mineral_rich,OOD,0.888105,OOD,1
AA-only (before retrain),444,AAM_mineral_rich,OOD,1.0,OOD,1
AA-only (before retrain),445,AAM_mineral_rich,OOD,1.0,OOD,1
AA-only (before retrain),446,AAM_mineral_rich,OOD,1.0,OOD,1
AA-only (before retrain),447,AAM_mineral_rich,OOD,1.0,OOD,1
AA-only (before retrain),448,AAM_mineral_rich,OOD,1.0,OOD,1
AA-only (before retrain),449,AAM_mineral_rich,OOD,1.0,OOD,1
AA-only (before retrain),450,AAM_mineral_rich,OOD,1.0,OOD,1
AA-only (before retrain),451,AAM_mineral_rich,OOD,0.951553,OOD,1
AA-only (before retrain),452,AAM_mineral_rich,OOD,1.0,OOD,1
AA-only (before retrain),453,AAM_mineral_rich,OOD,1.0,OOD,1
AA-only (before retrain),454,AAM_mineral_rich,OOD,1.0,OOD,1
AA-only (before retrain),455,AAM_mineral_rich,OOD,0.944887,OOD,1
AA-only (before retrain),456,AAM_mineral_rich,OOD,1.0,OOD,1
AA-only (before retrain),457,AAM_mineral_rich,OOD,1.0,OOD,1
AA-only (before retrain),458,AAM_mineral_rich,OOD,1.0,OOD,1
AA-only (before retrain),459,AAM_mineral_rich,OOD,1.0,OOD,1
AA-only (before retrain),460,AAM_mineral_rich,OOD,1.0,OOD,1
AA-only (before retrain),461,AAM_mineral_rich,OOD,1.0,OOD,1
AA-only (before retrain),462,AAM_mineral_rich,OOD,0.940947,OOD,1
AA-only (before retrain),463,AAM_mineral_rich,OOD,1.0,OOD,1
AA-only (before retrain),464,AAM_mineral_rich,OOD,0.897871,OOD,1
AA-only (before retrain),465,AAM_mineral_rich,OOD,1.0,OOD,1
AA-only (before retrain),466,AAM_mineral_rich,OOD,1.0,OOD,1
AA-only (before retrain),467,AAM_mineral_rich,OOD,0.920443,OOD,1
AA-only (before retrain),468,AAM_mineral_rich,OOD,0.962374,OOD,1
AA-only (before retrain),469,AAM_mineral_rich,OOD,1.0,OOD,1
AA-only (before retrain),470,AAM_mineral_rich,OOD,1.0,OOD,1
AA-only (before retrain),471,AAM_mineral_rich,OOD,1.0,OOD,1
AA-only (before retrain),472,AAM_mineral_rich,OOD,1.0,OOD,1
AA-only (before retrain),473,AAM_mineral_rich,OOD,1.0,OOD,1
AA-only (before retrain),474,AAM_mineral_rich,OOD,1.0,OOD,1
AA-only (before retrain),475,AAM_mineral_rich,OOD,1.0,OOD,1
AA-only (before retrain),476,AAM_mineral_rich,OOD,0.988763,OOD,1
AA-only (before retrain),477,AAM_mineral_rich,OOD,1.0,OOD,1
AA-only (before retrain),478,AAM_mineral_rich,OOD,1.0,OOD,1
AA-only (before retrain),479,AAM_mineral_rich,OOD,1.0,OOD,1
AA-only (before retrain),480,AAM_mineral_rich,OOD,1.0,OOD,1
AA-only (before retrain),481,AAM_mineral_rich,OOD,1.0,OOD,1
AA-only (before retrain),482,AAM_mineral_rich,OOD,1.0,OOD,1
AA-only (before retrain),483,AAM_mineral_rich,OOD,1.0,OOD,1
AA-only (before retrain),484,AAM_mineral_rich,OOD,1.0,OOD,1
AA-only (before retrain),485,AAM_mineral_rich,OOD,0.952924,OOD,1
AA-only (before retrain),486,AAM_mineral_rich,OOD,1.0,OOD,1
AA-only (before retrain),487,AAM_mineral_rich,OOD,0.97996,OOD,1
AA-only (before retrain),488,AAM_mineral_rich,OOD,0.960678,OOD,1
AA-only (before retrain),489,AAM_mineral_rich,OOD,1.0,OOD,1
AA-only (before retrain),490,AAM_mineral_rich,OOD,1.0,OOD,1
AA-only (before retrain),491,AAM_mineral_rich,OOD,1.0,OOD,1
AA-only (before retrain),492,AAM_mineral_rich,OOD,1.0,OOD,1
AA-only (before retrain),493,AAM_mineral_rich,OOD,0.987995,OOD,1
AA-only (before retrain),494,AAM_mineral_rich,OOD,1.0,OOD,1
AA-only (before retrain),495,AAM_mineral_rich,OOD,0.936754,OOD,1
AA-only (before retrain),496,AAM_mineral_rich,OOD,1.0,OOD,1
AA-only (before retrain),497,AAM_mineral_rich,OOD,0.907037,OOD,1
AA-only (before retrain),498,AAM_mineral_rich,OOD,1.0,OOD,1
AA-only (before retrain),499,AAM_mineral_rich,OOD,0.968004,OOD,1
AA-only (before retrain),500,AAM_mineral_rich,OOD,1.0,OOD,1
AA-only (before retrain),501,AAM_mineral_rich,OOD,0.97675,OOD,1
AA-only (before retrain),502,AAM_mineral_rich,OOD,1.0,OOD,1
AA-only (before retrain),503,AAM_mineral_rich,OOD,0.974702,OOD,1
AA-only (before retrain),504,AAM_mineral_rich,OOD,1.0,OOD,1
AA-only (before retrain),505,AAM_mineral_rich,OOD,1.0,OOD,1
AA-only (before retrain),506,AAM_mineral_rich,OOD,1.0,OOD,1
AA-only (before retrain),507,AAM_mineral_rich,OOD,1.0,OOD,1
AA-only (before retrain),508,AAM_mineral_rich,OOD,1.0,OOD,1
AA-only (before retrain),509,AAM_mineral_rich,OOD,1.0,OOD,1
AA-only (before retrain),510,AAM_mineral_rich,OOD,1.0,OOD,1
AA-only (before retrain),511,AAM_mineral_rich,OOD,1.0,OOD,1
AA-only (before retrain),512,AAM_mineral_rich,OOD,0.954334,OOD,1
AA-only (before retrain),513,AAM_mineral_rich,OOD,0.960498,OOD,1
AA-only (before retrain),514,AAM_mineral_rich,OOD,0.886199,OOD,1
AA-only (before retrain),515,AAM_mineral_rich,OOD,1.0,OOD,1
AA-only (before retrain),516,AAM_mineral_rich,OOD,0.775174,ID,0
AA-only (before retrain),517,AAM_mineral_rich,OOD,1.0,OOD,1
AA-only (before retrain),518,AAM_mineral_rich,OOD,0.887954,OOD,1
AA-only (before retrain),519,AAM_mineral_rich,OOD,0.978298,OOD,1
AA-only (before retrain),520,AAM_mineral_rich,OOD,1.0,OOD,1
AA-only (before retrain),521,AAM_mineral_rich,OOD,0.93844,OOD,1
AA-only (before retrain),522,AAM_mineral_rich,OOD,1.0,OOD,1
AA-only (before retrain),523,AAM_mineral_rich,OOD,0.981636,OOD,1
AA-only (before retrain),524,AAM_mineral_rich,OOD,0.999161,OOD,1
AA-only (before retrain),525,AAM_mineral_rich,OOD,0.996221,OOD,1
AA-only (before retrain),526,AAM_mineral_rich,OOD,1.0,OOD,1
AA-only (before retrain),527,AAM_mineral_rich,OOD,1.0,OOD,1
AA-only (before retrain),528,AAM_mineral_rich,OOD,0.926131,OOD,1
AA-only (before retrain),529,AAM_mineral_rich,OOD,1.0,OOD,1
AA-only (before retrain),530,AAM_mineral_rich,OOD,1.0,OOD,1
AA-only (before retrain),531,AAM_mineral_rich,OOD,0.93515,OOD,1
AA-only (before retrain),532,AAM_mineral_rich,OOD,1.0,OOD,1
AA-only (before retrain),533,AAM_mineral_rich,OOD,0.938349,OOD,1
AA-only (before retrain),534,AAM_mineral_rich,OOD,1.0,OOD,1
AA-only (before retrain),535,AAM_mineral_rich,OOD,0.960389,OOD,1
AA-only (before retrain),536,AAM_mineral_rich,OOD,1.0,OOD,1
AA-only (before retrain),537,AAM_mineral_rich,OOD,0.980926,OOD,1
AA-only (before retrain),538,AAM_mineral_rich,OOD,1.0,OOD,1
AA-only (before retrain),539,AAM_mineral_rich,OOD,1.0,OOD,1
AA-only (before retrain),540,AAM_mineral_rich,OOD,1.0,OOD,1
AA-only (before retrain),541,AAM_mineral_rich,OOD,1.0,OOD,1
AA-only (before retrain),542,AAM_mineral_rich,OOD,0.912244,OOD,1
AA-only (before retrain),543,AAM_mineral_rich,OOD,0.995947,OOD,1
AA-only (before retrain),544,AAM_mineral_rich,OOD,0.986822,OOD,1
AA-only (before retrain),545,AAM_mineral_rich,OOD,1.0,OOD,1
AA-only (before retrain),546,AAM_mineral_rich,OOD,1.0,OOD,1
AA-only (before retrain),547,AAM_mineral_rich,OOD,1.0,OOD,1
AA-only (before retrain),548,AAM_mineral_rich,OOD,1.0,OOD,1
AA-only (before retrain),549,AAM_mineral_rich,OOD,1.0,OOD,1
AA-only (before retrain),550,AAM_mineral_rich,OOD,0.895393,OOD,1
AA-only (before retrain),551,AAM_mineral_rich,OOD,1.0,OOD,1
AA-only (before retrain),552,AAM_mineral_rich,OOD,0.972795,OOD,1
AA-only (before retrain),553,AAM_mineral_rich,OOD,1.0,OOD,1
AA-only (before retrain),554,AAM_mineral_rich,OOD,1.0,OOD,1
AA-only (before retrain),555,AAM_mineral_rich,OOD,1.0,OOD,1
AA-only (before retrain),556,AAM_mineral_rich,OOD,1.0,OOD,1
AA-only (before retrain),557,AAM_mineral_rich,OOD,1.0,OOD,1
AA-only (before retrain),558,AAM_mineral_rich,OOD,0.9983,OOD,1
AA-only (before retrain),559,AAM_mineral_rich,OOD,1.0,OOD,1
AA-only (before retrain),560,AAM_mineral_rich,OOD,1.0,OOD,1
AA-only (before retrain),561,AAM_mineral_rich,OOD,1.0,OOD,1
AA-only (before retrain),562,AAM_mineral_rich,OOD,1.0,OOD,1
AA-only (before retrain),563,AAM_mineral_rich,OOD,0.986523,OOD,1
AA-only (before retrain),564,AAM_mineral_rich,OOD,0.936547,OOD,1
AA-only (before retrain),565,AAM_mineral_rich,OOD,1.0,OOD,1
AA-only (before retrain),566,AAM_mineral_rich,OOD,1.0,OOD,1
AA-only (before retrain),567,AAM_mineral_rich,OOD,0.950224,OOD,1
AA-only (before retrain),568,AAM_mineral_rich,OOD,1.0,OOD,1
AA-only (before retrain),569,AAM_mineral_rich,OOD,1.0,OOD,1
AA-only (before retrain),570,AAM_mineral_rich,OOD,1.0,OOD,1
AA-only (before retrain),571,AAM_mineral_rich,OOD,1.0,OOD,1
AA-only (before retrain),572,AAM_mineral_rich,OOD,1.0,OOD,1
AA-only (before retrain),573,AAM_mineral_rich,OOD,0.929942,OOD,1
AA-only (before retrain),574,AAM_mineral_rich,OOD,1.0,OOD,1
AA-only (before retrain),575,AAM_mineral_rich,OOD,1.0,OOD,1
AA-only (before retrain),576,AAM_mineral_rich,OOD,0.853706,OOD,1
AA-only (before retrain),577,AAM_mineral_rich,OOD,1.0,OOD,1
AA-only (before retrain),578,AAM_mineral_rich,OOD,0.939855,OOD,1
AA-only (before retrain),579,AAM_mineral_rich,OOD,0.953647,OOD,1
AA-only (before retrain),580,AAM_mineral_rich,OOD,1.0,OOD,1
AA-only (before retrain),581,AAM_mineral_rich,OOD,1.0,OOD,1
AA-only (before retrain),582,AAM_mineral_rich,OOD,1.0,OOD,1
AA-only (before retrain),583,AAM_mineral_rich,OOD,1.0,OOD,1
AA-only (before retrain),584,AAM_mineral_rich,OOD,0.941002,OOD,1
AA-only (before retrain),585,AAM_mineral_rich,OOD,1.0,OOD,1
AA-only (before retrain),586,AAM_mineral_rich,OOD,1.0,OOD,1
AA-only (before retrain),587,AAM_mineral_rich,OOD,0.996437,OOD,1
AA-only (before retrain),588,AAM_mineral_rich,OOD,1.0,OOD,1
AA-only (before retrain),589,AAM_mineral_rich,OOD,0.974647,OOD,1
AA-only (before retrain),590,AAM_mineral_rich,OOD,1.0,OOD,1
AA-only (before retrain),591,AAM_mineral_rich,OOD,0.926466,OOD,1
AA-only (before retrain),592,AAM_mineral_rich,OOD,0.707341,ID,0
AA-only (before retrain),593,AAM_mineral_rich,OOD,1.0,OOD,1
AA-only (before retrain),594,AAM_mineral_rich,OOD,1.0,OOD,1
AA-only (before retrain),595,AAM_mineral_rich,OOD,1.0,OOD,1
AA-only (before retrain),596,AAM_mineral_rich,OOD,1.0,OOD,1
AA-only (before retrain),597,AAM_mineral_rich,OOD,1.0,OOD,1
AA-only (before retrain),598,AAM_mineral_rich,OOD,1.0,OOD,1
AA-only (before retrain),599,AAM_mineral_rich,OOD,1.0,OOD,1
AA-only (before retrain),600,AAM_mineral_rich,OOD,0.955247,OOD,1
AA-only (before retrain),601,AAM_mineral_rich,OOD,1.0,OOD,1
AA-only (before retrain),602,AAM_mineral_rich,OOD,1.0,OOD,1
AA-only (before retrain),603,AAM_mineral_rich,OOD,0.99271,OOD,1
AA-only (before retrain),604,AAM_mineral_rich,OOD,1.0,OOD,1
AA-only (before retrain),605,AAM_mineral_rich,OOD,1.0,OOD,1
AA-only (before retrain),606,AAM_mineral_rich,OOD,1.0,OOD,1
AA-only (before retrain),607,AAM_mineral_rich,OOD,1.0,OOD,1
AA-only (before retrain),608,AAM_mineral_rich,OOD,0.978044,OOD,1
AA-only (before retrain),609,AAM_mineral_rich,OOD,0.957053,OOD,1
AA-only (before retrain),610,AAM_mineral_rich,OOD,1.0,OOD,1
AA-only (before retrain),611,AAM_mineral_rich,OOD,0.966397,OOD,1
AA-only (before retrain),612,AAM_mineral_rich,OOD,1.0,OOD,1
AA-only (before retrain),613,AAM_mineral_rich,OOD,1.0,OOD,1
AA-only (before retrain),614,AAM_mineral_rich,OOD,1.0,OOD,1
AA-only (before retrain),615,AAM_mineral_rich,OOD,0.971043,OOD,1
AA-only (before retrain),616,AAM_mineral_rich,OOD,0.903039,OOD,1
AA-only (before retrain),617,AAM_mineral_rich,OOD,1.0,OOD,1
AA-only (before retrain),618,AAM_mineral_rich,OOD,0.823684,OOD,1
AA-only (before retrain),619,AAM_mineral_rich,OOD,0.93116,OOD,1
AA-only (before retrain),620,AAM_mineral_rich,OOD,1.0,OOD,1
AA-only (before retrain),621,AAM_mineral_rich,OOD,0.925206,OOD,1
AA-only (before retrain),622,AAM_mineral_rich,OOD,1.0,OOD,1
AA-only (before retrain),623,AAM_mineral_rich,OOD,1.0,OOD,1
AA-only (before retrain),624,AAM_mineral_rich,OOD,0.964494,OOD,1
AA-only (before retrain),625,AAM_mineral_rich,OOD,1.0,OOD,1
AA-only (before retrain),626,AAM_mineral_rich,OOD,1.0,OOD,1
AA-only (before retrain),627,AAM_mineral_rich,OOD,1.0,OOD,1
AA-only (before retrain),628,AAM_mineral_rich,OOD,1.0,OOD,1
AA-only (before retrain),629,AAM_mineral_rich,OOD,1.0,OOD,1
AA-only (before retrain),630,AAM_mineral_rich,OOD,1.0,OOD,1
AA-only (before retrain),631,AAM_mineral_rich,OOD,1.0,OOD,1
AA-only (before retrain),632,AAM_mineral_rich,OOD,1.0,OOD,1
AA-only (before retrain),633,AAM_mineral_rich,OOD,1.0,OOD,1
AA-only (before retrain),634,AAM_mineral_rich,OOD,1.0,OOD,1
AA-only (before retrain),635,AAM_mineral_rich,OOD,1.0,OOD,1
AA-only (before retrain),636,AAM_mineral_rich,OOD,0.931404,OOD,1
AA-only (before retrain),637,AAM_mineral_rich,OOD,1.0,OOD,1
AA-only (before retrain),638,AAM_mineral_rich,OOD,1.0,OOD,1
AA-only (before retrain),639,AAM_mineral_rich,OOD,0.551263,ID,0
AA-only (before retrain),640,AAM_mineral_rich,OOD,1.0,OOD,1
AA-only (before retrain),641,AAM_mineral_rich,OOD,0.984594,OOD,1
AA-only (before retrain),642,AAM_mineral_rich,OOD,0.949941,OOD,1
AA-only (before retrain),643,AAM_mineral_rich,OOD,0.93972,OOD,1
AA-only (before retrain),644,AAM_mineral_rich,OOD,0.985904,OOD,1
AA-only (before retrain),645,AAM_mineral_rich,OOD,1.0,OOD,1
AA-only (before retrain),646,AAM_mineral_rich,OOD,0.887703,OOD,1
AA-only (before retrain),647,AAM_mineral_rich,OOD,1.0,OOD,1
AA-only (before retrain),648,AAM_mineral_rich,OOD,1.0,OOD,1
AA-only (before retrain),649,AAM_mineral_rich,OOD,1.0,OOD,1
AA-only (before retrain),650,AAM_mineral_rich,OOD,0.98356,OOD,1
AA-only (before retrain),651,AAM_mineral_rich,OOD,1.0,OOD,1
AA-only (before retrain),652,AAM_mineral_rich,OOD,1.0,OOD,1
AA-only (before retrain),653,AAM_mineral_rich,OOD,1.0,OOD,1
AA-only (before retrain),654,AAM_mineral_rich,OOD,1.0,OOD,1
AA-only (before retrain),655,AAM_mineral_rich,OOD,1.0,OOD,1
AA-only (before retrain),656,AAM_mineral_rich,OOD,0.96028,OOD,1
AA-only (before retrain),657,AAM_mineral_rich,OOD,1.0,OOD,1
AA-only (before retrain),658,AAM_mineral_rich,OOD,1.0,OOD,1
AA-only (before retrain),659,AAM_mineral_rich,OOD,1.0,OOD,1
AA-only (before retrain),660,AAM_mineral_rich,OOD,1.0,OOD,1
AA-only (before retrain),661,AAM_mineral_rich,OOD,1.0,OOD,1
AA-only (before retrain),662,AAM_mineral_rich,OOD,1.0,OOD,1
AA-only (before retrain),663,AAM_mineral_rich,OOD,1.0,OOD,1
AA-only (before retrain),664,AAM_mineral_rich,OOD,1.0,OOD,1
AA-only (before retrain),665,AAM_mineral_rich,OOD,0.900286,OOD,1
AA-only (before retrain),666,AAM_mineral_rich,OOD,1.0,OOD,1
AA-only (before retrain),667,AAM_mineral_rich,OOD,1.0,OOD,1
AA-only (before retrain),668,AAM_mineral_rich,OOD,1.0,OOD,1
AA-only (before retrain),669,AAM_mineral_rich,OOD,1.0,OOD,1
AA-only (before retrain),670,AAM_mineral_rich,OOD,0.975055,OOD,1
AA-only (before retrain),671,AAM_mineral_rich,OOD,1.0,OOD,1
AA-only (before retrain),672,AAM_mineral_rich,OOD,0.982048,OOD,1
AA-only (before retrain),673,AAM_mineral_rich,OOD,1.0,OOD,1
AA-only (before retrain),674,AAM_mineral_rich,OOD,1.0,OOD,1
AA-only (before retrain),675,AAM_mineral_rich,OOD,0.882417,OOD,1
AA-only (before retrain),676,AAM_mineral_rich,OOD,0.99072,OOD,1
AA-only (before retrain),677,AAM_mineral_rich,OOD,1.0,OOD,1
AA-only (before retrain),678,AAM_mineral_rich,OOD,1.0,OOD,1
AA-only (before retrain),679,AAM_mineral_rich,OOD,1.0,OOD,1
AA-only (before retrain),680,AAM_mineral_rich,OOD,1.0,OOD,1
AA-only (before retrain),681,AAM_mineral_rich,OOD,1.0,OOD,1
AA-only (before retrain),682,AAM_mineral_rich,OOD,0.972103,OOD,1
AA-only (before retrain),683,AAM_mineral_rich,OOD,1.0,OOD,1
AA-only (before retrain),684,AAM_mineral_rich,OOD,1.0,OOD,1
AA-only (before retrain),685,AAM_mineral_rich,OOD,1.0,OOD,1
AA-only (before retrain),686,AAM_mineral_rich,OOD,1.0,OOD,1
AA-only (before retrain),687,AAM_mineral_rich,OOD,0.894531,OOD,1
AA-only (before retrain),688,AAM_mineral_rich,OOD,1.0,OOD,1
AA-only (before retrain),689,AAM_mineral_rich,OOD,0.897691,OOD,1
AA-only (before retrain),690,AAM_mineral_rich,OOD,1.0,OOD,1
AA-only (before retrain),691,AAM_mineral_rich,OOD,1.0,OOD,1
AA-only (before retrain),692,AAM_mineral_rich,OOD,0.838826,OOD,1
AA-only (before retrain),693,AAM_mineral_rich,OOD,0.935539,OOD,1
AA-only (before retrain),694,AAM_mineral_rich,OOD,1.0,OOD,1
AA-only (before retrain),695,AAM_mineral_rich,OOD,1.0,OOD,1
AA-only (before retrain),696,AAM_mineral_rich,OOD,1.0,OOD,1
AA-only (before retrain),697,AAM_mineral_rich,OOD,1.0,OOD,1
AA-only (before retrain),698,AAM_mineral_rich,OOD,1.0,OOD,1
AA-only (before retrain),699,AAM_mineral_rich,OOD,0.984879,OOD,1
AA-only (before retrain),700,AAM_mineral_rich,OOD,1.0,OOD,1
AA-only (before retrain),701,AAM_mineral_rich,OOD,0.983432,OOD,1
AA-only (before retrain),702,AAM_mineral_rich,OOD,1.0,OOD,1
AA-only (before retrain),703,AAM_mineral_rich,OOD,1.0,OOD,1
AA-only (before retrain),704,AAM_mineral_rich,OOD,1.0,OOD,1
AA-only (before retrain),705,AAM_mineral_rich,OOD,1.0,OOD,1
AA-only (before retrain),706,AAM_mineral_rich,OOD,1.0,OOD,1
AA-only (before retrain),707,AAM_mineral_rich,OOD,1.0,OOD,1
AA-only (before retrain),708,AAM_mineral_rich,OOD,1.0,OOD,1
AA-only (before retrain),709,AAM_mineral_rich,OOD,1.0,OOD,1
AA-only (before retrain),710,AAM_mineral_rich,OOD,1.0,OOD,1
AA-only (before retrain),711,AAM_mineral_rich,OOD,1.0,OOD,1
AA-only (before retrain),712,AAM_mineral_rich,OOD,1.0,OOD,1
AA-only (before retrain),713,AAM_mineral_rich,OOD,0.970371,OOD,1
AA-only (before retrain),714,AAM_mineral_rich,OOD,1.0,OOD,1
AA-only (before retrain),715,AAM_mineral_rich,OOD,1.0,OOD,1
AA-only (before retrain),716,AAM_mineral_rich,OOD,1.0,OOD,1
AA-only (before retrain),717,AAM_mineral_rich,OOD,1.0,OOD,1
AA-only (before retrain),718,AAM_mineral_rich,OOD,1.0,OOD,1
AA-only (before retrain),719,AAM_mineral_rich,OOD,1.0,OOD,1
AA-only (before retrain),720,AAM_mineral_rich,OOD,1.0,OOD,1
AA-only (before retrain),721,AAM_mineral_rich,OOD,0.92918,OOD,1
AA-only (before retrain),722,AAM_mineral_rich,OOD,1.0,OOD,1
AA-only (before retrain),723,AAM_mineral_rich,OOD,1.0,OOD,1
AA-only (before retrain),724,AAM_mineral_rich,OOD,1.0,OOD,1
AA-only (before retrain),725,AAM_mineral_rich,OOD,1.0,OOD,1
AA-only (before retrain),726,AAM_mineral_rich,OOD,1.0,OOD,1
AA-only (before retrain),727,AAM_mineral_rich,OOD,1.0,OOD,1
AA-only (before retrain),728,AAM_mineral_rich,OOD,1.0,OOD,1
AA-only (before retrain),729,AAM_mineral_rich,OOD,1.0,OOD,1
AA-only (before retrain),730,AAM_mineral_rich,OOD,1.0,OOD,1
AA-only (before retrain),731,AAM_mineral_rich,OOD,0.922659,OOD,1
AA-only (before retrain),732,AAM_mineral_rich,OOD,1.0,OOD,1
AA-only (before retrain),733,AAM_mineral_rich,OOD,1.0,OOD,1
AA-only (before retrain),734,AAM_mineral_rich,OOD,1.0,OOD,1
AA-only (before retrain),735,AAM_mineral_rich,OOD,1.0,OOD,1
AA-only (before retrain),736,AAM_mineral_rich,OOD,1.0,OOD,1
AA-only (before retrain),737,AAM_mineral_rich,OOD,1.0,OOD,1
AA-only (before retrain),738,AAM_mineral_rich,OOD,1.0,OOD,1
AA-only (before retrain),739,AAM_mineral_rich,OOD,1.0,OOD,1
AA-only (before retrain),740,AAM_mineral_rich,OOD,1.0,OOD,1
AA-only (before retrain),741,AAM_mineral_rich,OOD,0.959494,OOD,1
AA-only (before retrain),742,AAM_mineral_rich,OOD,1.0,OOD,1
AA-only (before retrain),743,AAM_mineral_rich,OOD,0.871546,OOD,1
AA-only (before retrain),744,AAM_mineral_rich,OOD,1.0,OOD,1
AA-only (before retrain),745,AAM_mineral_rich,OOD,0.917878,OOD,1
AA-only (before retrain),746,AAM_mineral_rich,OOD,1.0,OOD,1
AA-only (before retrain),747,AAM_mineral_rich,OOD,1.0,OOD,1
AA-only (before retrain),748,AAM_mineral_rich,OOD,0.91418,OOD,1
AA-only (before retrain),749,AAM_mineral_rich,OOD,0.946851,OOD,1
AA-only (before retrain),750,AAM_mineral_rich,OOD,1.0,OOD,1
AA-only (before retrain),751,AAM_mineral_rich,OOD,1.0,OOD,1
AA-only (before retrain),752,AAM_mineral_rich,OOD,1.0,OOD,1
AA-only (before retrain),753,AAM_mineral_rich,OOD,1.0,OOD,1
AA-only (before retrain),754,AAM_mineral_rich,OOD,1.0,OOD,1
AA-only (before retrain),755,AAM_mineral_rich,OOD,1.0,OOD,1
AA-only (before retrain),756,AAM_mineral_rich,OOD,1.0,OOD,1
AA-only (before retrain),757,AAM_mineral_rich,OOD,1.0,OOD,1
AA-only (before retrain),758,AAM_mineral_rich,OOD,1.0,OOD,1
AA-only (before retrain),759,AAM_mineral_rich,OOD,0.992248,OOD,1
AA-only (before retrain),760,AAM_mineral_rich,OOD,0.765019,ID,0
AA-only (before retrain),761,AAM_mineral_rich,OOD,1.0,OOD,1
AA-only (before retrain),762,AAM_mineral_rich,OOD,0.935833,OOD,1
AA-only (before retrain),763,AAM_mineral_rich,OOD,0.809659,OOD,1
AA-only (before retrain),764,AAM_mineral_rich,OOD,1.0,OOD,1
AA-only (before retrain),765,AAM_mineral_rich,OOD,1.0,OOD,1
AA-only (before retrain),766,AAM_mineral_rich,OOD,0.916368,OOD,1
AA-only (before retrain),767,AAM_mineral_rich,OOD,1.0,OOD,1
AA-only (before retrain),768,AAM_mineral_rich,OOD,1.0,OOD,1
AA-only (before retrain),769,AAM_mineral_rich,OOD,0.958345,OOD,1
AA-only (before retrain),770,AAM_mineral_rich,OOD,1.0,OOD,1
AA-only (before retrain),771,AAM_mineral_rich,OOD,1.0,OOD,1
AA-only (before retrain),772,AAM_mineral_rich,OOD,1.0,OOD,1
AA-only (before retrain),773,AAM_mineral_rich,OOD,1.0,OOD,1
AA-only (before retrain),774,AAM_mineral_rich,OOD,1.0,OOD,1
AA-only (before retrain),775,AAM_mineral_rich,OOD,1.0,OOD,1
AA-only (before retrain),776,AAM_mineral_rich,OOD,0.991324,OOD,1
AA-only (before retrain),777,AAM_mineral_rich,OOD,0.935384,OOD,1
AA-only (before retrain),778,AAM_mineral_rich,OOD,1.0,OOD,1
AA-only (before retrain),779,AAM_mineral_rich,OOD,1.0,OOD,1
AA-only (before retrain),780,AAM_mineral_rich,OOD,1.0,OOD,1
AA-only (before retrain),781,AAM_mineral_rich,OOD,0.876953,OOD,1
AA-only (before retrain),782,AAM_mineral_rich,OOD,1.0,OOD,1
AA-only (before retrain),783,AAM_mineral_rich,OOD,1.0,OOD,1
AA-only (before retrain),784,AAM_mineral_rich,OOD,0.78015,ID,0
AA-only (before retrain),785,AAM_mineral_rich,OOD,1.0,OOD,1
AA-only (before retrain),786,AAM_mineral_rich,OOD,0.94661,OOD,1
AA-only (before retrain),787,AAM_mineral_rich,OOD,0.893234,OOD,1
AA-only (before retrain),788,AAM_mineral_rich,OOD,1.0,OOD,1
AA-only (before retrain),789,AAM_mineral_rich,OOD,0.911006,OOD,1
AA-only (before retrain),790,AAM_mineral_rich,OOD,1.0,OOD,1
AA-only (before retrain),791,AAM_mineral_rich,OOD,1.0,OOD,1
AA-only (before retrain),792,AAM_mineral_rich,OOD,1.0,OOD,1
AA-only (before retrain),793,AAM_mineral_rich,OOD,1.0,OOD,1
AA-only (before retrain),794,AAM_mineral_rich,OOD,1.0,OOD,1
AA-only (before retrain),795,AAM_mineral_rich,OOD,0.997656,OOD,1
AA-only (before retrain),796,AAM_mineral_rich,OOD,1.0,OOD,1
AA-only (before retrain),797,AAM_mineral_rich,OOD,0.946143,OOD,1
AA-only (before retrain),798,AAM_mineral_rich,OOD,1.0,OOD,1
AA-only (before retrain),799,AAM_mineral_rich,OOD,0.830561,OOD,1
AA-only (before retrain),800,AAM_mineral_rich,OOD,1.0,OOD,1
AA-only (before retrain),801,AAM_mineral_rich,OOD,1.0,OOD,1
AA-only (before retrain),802,AAM_mineral_rich,OOD,1.0,OOD,1
AA-only (before retrain),803,AAM_mineral_rich,OOD,1.0,OOD,1
AA-only (before retrain),804,AAM_mineral_rich,OOD,0.899528,OOD,1
AA-only (before retrain),805,AAM_mineral_rich,OOD,1.0,OOD,1
AA-only (before retrain),806,AAM_mineral_rich,OOD,0.900341,OOD,1
AA-only (before retrain),807,AAM_mineral_rich,OOD,1.0,OOD,1
AA-only (before retrain),808,AAM_mineral_rich,OOD,1.0,OOD,1
AA-only (before retrain),809,AAM_mineral_rich,OOD,1.0,OOD,1
AA-only (before retrain),810,AAM_mineral_rich,OOD,0.959928,OOD,1
AA-only (before retrain),811,AAM_mineral_rich,OOD,1.0,OOD,1
AA-only (before retrain),812,AAM_mineral_rich,OOD,1.0,OOD,1
AA-only (before retrain),813,AAM_mineral_rich,OOD,0.950395,OOD,1
AA-only (before retrain),814,AAM_mineral_rich,OOD,0.940855,OOD,1
AA-only (before retrain),815,AAM_mineral_rich,OOD,0.937848,OOD,1
AA-only (before retrain),816,AAM_mineral_rich,OOD,1.0,OOD,1
AA-only (before retrain),817,AAM_mineral_rich,OOD,0.949439,OOD,1
AA-only (before retrain),818,AAM_mineral_rich,OOD,1.0,OOD,1
AA-only (before retrain),819,AAM_mineral_rich,OOD,1.0,OOD,1
AA-only (before retrain),820,AAM_mineral_rich,OOD,1.0,OOD,1
AA-only (before retrain),821,AAM_mineral_rich,OOD,1.0,OOD,1
AA-only (before retrain),822,AAM_mineral_rich,OOD,1.0,OOD,1
AA-only (before retrain),823,AAM_mineral_rich,OOD,1.0,OOD,1
AA-only (before retrain),824,AAM_mineral_rich,OOD,1.0,OOD,1
AA-only (before retrain),825,AAM_mineral_rich,OOD,1.0,OOD,1
AA-only (before retrain),826,AAM_mineral_rich,OOD,1.0,OOD,1
AA-only (before retrain),827,AAM_mineral_rich,OOD,0.99493,OOD,1
AA-only (before retrain),828,AAM_mineral_rich,OOD,1.0,OOD,1
AA-only (before retrain),829,AAM_mineral_rich,OOD,1.0,OOD,1
AA-only (before retrain),830,AAM_mineral_rich,OOD,1.0,OOD,1
AA-only (before retrain),831,AAM_mineral_rich,OOD,1.0,OOD,1
AA-only (before retrain),832,AAM_mineral_rich,OOD,1.0,OOD,1
AA-only (before retrain),833,AAM_mineral_rich,OOD,1.0,OOD,1
AA-only (before retrain),834,AAM_mineral_rich,OOD,1.0,OOD,1
AA-only (before retrain),835,AAM_mineral_rich,OOD,1.0,OOD,1
AA-only (before retrain),836,AAM_mineral_rich,OOD,1.0,OOD,1
AA-only (before retrain),837,AAM_mineral_rich,OOD,1.0,OOD,1
AA-only (before retrain),838,AAM_mineral_rich,OOD,1.0,OOD,1
AA-only (before retrain),839,AAM_mineral_rich,OOD,1.0,OOD,1
AA-only (before retrain),840,AAM_mineral_rich,OOD,1.0,OOD,1
AA-only (before retrain),841,AAM_mineral_rich,OOD,1.0,OOD,1
AA-only (before retrain),842,AAM_mineral_rich,OOD,1.0,OOD,1
AA-only (before retrain),843,AAM_mineral_rich,OOD,0.983751,OOD,1
AA-only (before retrain),844,AAM_mineral_rich,OOD,1.0,OOD,1
AA-only (before retrain),845,AAM_mineral_rich,OOD,1.0,OOD,1
AA-only (before retrain),846,AAM_mineral_rich,OOD,1.0,OOD,1
AA-only (before retrain),847,AAM_mineral_rich,OOD,0.970258,OOD,1
AA-only (before retrain),848,AAM_mineral_rich,OOD,0.755126,ID,0
AA-only (before retrain),849,AAM_mineral_rich,OOD,1.0,OOD,1
AA-only (before retrain),850,AAM_mineral_rich,OOD,1.0,OOD,1
AA-only (before retrain),851,AAM_mineral_rich,OOD,0.948593,OOD,1
AA-only (before retrain),852,AAM_mineral_rich,OOD,1.0,OOD,1
AA-only (before retrain),853,AAM_mineral_rich,OOD,1.0,OOD,1
AA-only (before retrain),854,AAM_mineral_rich,OOD,0.893734,OOD,1
AA-only (before retrain),855,AAM_mineral_rich,OOD,0.917388,OOD,1
AA-only (before retrain),856,AAM_mineral_rich,OOD,0.99452,OOD,1
AA-only (before retrain),857,AAM_mineral_rich,OOD,1.0,OOD,1
AA-only (before retrain),858,AAM_mineral_rich,OOD,1.0,OOD,1
AA-only (before retrain),859,AAM_mineral_rich,OOD,0.850965,OOD,1
AA-only (before retrain),860,AAM_mineral_rich,OOD,1.0,OOD,1
AA-only (before retrain),861,AAM_mineral_rich,OOD,0.929531,OOD,1
AA-only (before retrain),862,AAM_mineral_rich,OOD,1.0,OOD,1
AA-only (before retrain),863,AAM_mineral_rich,OOD,1.0,OOD,1
AA-only (before retrain),864,AAM_mineral_rich,OOD,1.0,OOD,1
AA-only (before retrain),865,AAM_mineral_rich,OOD,0.930572,OOD,1
AA-only (before retrain),866,AAM_mineral_rich,OOD,0.972278,OOD,1
AA-only (before retrain),867,AAM_mineral_rich,OOD,1.0,OOD,1
AA-only (before retrain),868,AAM_mineral_rich,OOD,1.0,OOD,1
AA-only (before retrain),869,AAM_mineral_rich,OOD,0.856175,OOD,1
AA-only (before retrain),870,AAM_mineral_rich,OOD,1.0,OOD,1
AA-only (before retrain),871,AAM_mineral_rich,OOD,1.0,OOD,1
AA-only (before retrain),872,AAM_mineral_rich,OOD,1.0,OOD,1
AA-only (before retrain),873,AAM_mineral_rich,OOD,0.944052,OOD,1
AA-only (before retrain),874,AAM_mineral_rich,OOD,1.0,OOD,1
AA-only (before retrain),875,AAM_mineral_rich,OOD,1.0,OOD,1
AA-only (before retrain),876,AAM_mineral_rich,OOD,1.0,OOD,1
AA-only (before retrain),877,AAM_mineral_rich,OOD,1.0,OOD,1
AA-only (before retrain),878,AAM_mineral_rich,OOD,1.0,OOD,1
AA-only (before retrain),879,AAM_mineral_rich,OOD,1.0,OOD,1
AA-only (before retrain),880,AAM_mineral_rich,OOD,1.0,OOD,1
AA-only (before retrain),881,AAM_mineral_rich,OOD,0.96032,OOD,1
AA-only (before retrain),882,AAM_mineral_rich,OOD,1.0,OOD,1
AA-only (before retrain),883,AAM_mineral_rich,OOD,1.0,OOD,1
AA-only (before retrain),884,AAM_mineral_rich,OOD,1.0,OOD,1
AA-only (before retrain),885,AAM_mineral_rich,OOD,1.0,OOD,1
AA-only (before retrain),886,AAM_mineral_rich,OOD,0.952479,OOD,1
AA-only (before retrain),887,AAM_mineral_rich,OOD,1.0,OOD,1
AA-only (before retrain),888,AAM_mineral_rich,OOD,1.0,OOD,1
AA-only (before retrain),889,AAM_mineral_rich,OOD,1.0,OOD,1
AA-only (before retrain),890,AAM_mineral_rich,OOD,1.0,OOD,1
AA-only (before retrain),891,AAM_mineral_rich,OOD,1.0,OOD,1
AA-only (before retrain),892,AAM_mineral_rich,OOD,0.913372,OOD,1
AA-only (before retrain),893,AAM_mineral_rich,OOD,1.0,OOD,1
AA-only (before retrain),894,AAM_mineral_rich,OOD,0.874048,OOD,1
AA-only (before retrain),895,AAM_mineral_rich,OOD,0.96494,OOD,1
AA-only (before retrain),896,AAM_mineral_rich,OOD,0.98507,OOD,1
AA-only (before retrain),897,AAM_mineral_rich,OOD,1.0,OOD,1
AA-only (before retrain),898,AAM_mineral_rich,OOD,0.95611,OOD,1
AA-only (before retrain),899,AAM_mineral_rich,OOD,1.0,OOD,1
AA-only (before retrain),900,AAM_mineral_rich,OOD,0.962146,OOD,1
AA-only (before retrain),901,AAM_mineral_rich,OOD,1.0,OOD,1
AA-only (before retrain),902,AAM_mineral_rich,OOD,0.989909,OOD,1
AA-only (before retrain),903,AAM_mineral_rich,OOD,1.0,OOD,1
AA-only (before retrain),904,AAM_mineral_rich,OOD,1.0,OOD,1
AA-only (before retrain),905,AAM_mineral_rich,OOD,1.0,OOD,1
AA-only (before retrain),906,AAM_mineral_rich,OOD,1.0,OOD,1
AA-only (before retrain),907,AAM_mineral_rich,OOD,0.937433,OOD,1
AA-only (before retrain),908,AAM_mineral_rich,OOD,1.0,OOD,1
AA-only (before retrain),909,AAM_mineral_rich,OOD,1.0,OOD,1
AA-only (before retrain),910,AAM_mineral_rich,OOD,0.880404,OOD,1
AA-only (before retrain),911,AAM_mineral_rich,OOD,0.934351,OOD,1
AA-only (before retrain),912,AAM_mineral_rich,OOD,1.0,OOD,1
AA-only (before retrain),913,AAM_mineral_rich,OOD,1.0,OOD,1
AA-only (before retrain),914,AAM_mineral_rich,OOD,1.0,OOD,1
AA-only (before retrain),915,AAM_mineral_rich,OOD,1.0,OOD,1
AA-only (before retrain),916,AAM_mineral_rich,OOD,1.0,OOD,1
AA-only (before retrain),917,AAM_mineral_rich,OOD,0.97528,OOD,1
AA-only (before retrain),918,AAM_mineral_rich,OOD,1.0,OOD,1
AA-only (before retrain),919,AAM_mineral_rich,OOD,1.0,OOD,1
AA-only (before retrain),920,AAM_mineral_rich,OOD,1.0,OOD,1
AA-only (before retrain),921,AAM_mineral_rich,OOD,1.0,OOD,1
AA-only (before retrain),922,AAM_mineral_rich,OOD,1.0,OOD,1
AA-only (before retrain),923,AAM_mineral_rich,OOD,1.0,OOD,1
AA-only (before retrain),924,AAM_mineral_rich,OOD,0.918604,OOD,1
AA-only (before retrain),925,AAM_mineral_rich,OOD,1.0,OOD,1
AA-only (before retrain),926,AAM_mineral_rich,OOD,0.946903,OOD,1
AA-only (before retrain),927,AAM_mineral_rich,OOD,1.0,OOD,1
AA-only (before retrain),928,AAM_mineral_rich,OOD,0.926728,OOD,1
AA-only (before retrain),929,AAM_mineral_rich,OOD,1.0,OOD,1
AA-only (before retrain),930,AAM_mineral_rich,OOD,1.0,OOD,1
AA-only (before retrain),931,AAM_mineral_rich,OOD,1.0,OOD,1
AA-only (before retrain),932,AAM_mineral_rich,OOD,1.0,OOD,1
AA-only (before retrain),933,AAM_mineral_rich,OOD,1.0,OOD,1
AA-only (before retrain),934,AAM_mineral_rich,OOD,1.0,OOD,1
AA-only (before retrain),935,AAM_mineral_rich,OOD,0.527821,ID,0
AA-only (before retrain),936,AAM_mineral_rich,OOD,1.0,OOD,1
AA-only (before retrain),937,AAM_mineral_rich,OOD,0.994292,OOD,1
AA-only (before retrain),938,AAM_mineral_rich,OOD,0.929972,OOD,1
AA-only (before retrain),939,AAM_mineral_rich,OOD,1.0,OOD,1
AA-only (before retrain),940,AAM_mineral_rich,OOD,0.963336,OOD,1
AA-only (before retrain),941,AAM_mineral_rich,OOD,1.0,OOD,1
AA-only (before retrain),942,AAM_mineral_rich,OOD,1.0,OOD,1
AA-only (before retrain),943,AAM_mineral_rich,OOD,1.0,OOD,1
AA-only (before retrain),944,AAM_mineral_rich,OOD,1.0,OOD,1
AA-only (before retrain),945,AAM_mineral_rich,OOD,0.984323,OOD,1
AA-only (before retrain),946,AAM_mineral_rich,OOD,1.0,OOD,1
AA-only (before retrain),947,AAM_mineral_rich,OOD,1.0,OOD,1
AA-only (before retrain),948,AAM_mineral_rich,OOD,1.0,OOD,1
AA-only (before retrain),949,AAM_mineral_rich,OOD,1.0,OOD,1
AA-only (before retrain),950,AAM_mineral_rich,OOD,1.0,OOD,1
AA-only (before retrain),951,AAM_mineral_rich,OOD,1.0,OOD,1
AA-only (before retrain),952,AAM_mineral_rich,OOD,1.0,OOD,1
AA-only (before retrain),953,AAM_mineral_rich,OOD,1.0,OOD,1
AA-only (before retrain),954,AAM_mineral_rich,OOD,1.0,OOD,1
AA-only (before retrain),955,AAM_mineral_rich,OOD,1.0,OOD,1
AA-only (before retrain),956,AAM_mineral_rich,OOD,1.0,OOD,1
AA-only (before retrain),957,AAM_mineral_rich,OOD,1.0,OOD,1
AA-only (before retrain),958,AAM_mineral_rich,OOD,1.0,OOD,1
AA-only (before retrain),959,AAM_mineral_rich,OOD,1.0,OOD,1
AA-only (before retrain),960,AAM_mineral_rich,OOD,0.94004,OOD,1
AA-only (before retrain),961,AAM_mineral_rich,OOD,1.0,OOD,1
AA-only (before retrain),962,AAM_mineral_rich,OOD,1.0,OOD,1
AA-only (before retrain),963,AAM_mineral_rich,OOD,1.0,OOD,1
AA-only (before retrain),964,AAM_mineral_rich,OOD,1.0,OOD,1
AA-only (before retrain),965,AAM_mineral_rich,OOD,1.0,OOD,1
AA-only (before retrain),966,AAM_mineral_rich,OOD,1.0,OOD,1
AA-only (before retrain),967,AAM_mineral_rich,OOD,1.0,OOD,1
AA-only (before retrain),968,AAM_mineral_rich,OOD,1.0,OOD,1
AA-only (before retrain),969,AAM_mineral_rich,OOD,0.856188,OOD,1
AA-only (before retrain),970,AAM_mineral_rich,OOD,1.0,OOD,1
AA-only (before retrain),971,AAM_mineral_rich,OOD,1.0,OOD,1
AA-only (before retrain),972,AAM_mineral_rich,OOD,1.0,OOD,1
AAM-retrained (after retrain),0,AA_pure,ID,0.269827,ID,1
AAM-retrained (after retrain),1,AA_pure,ID,0.924298,OOD,0
AAM-retrained (after retrain),2,AA_pure,ID,0.447381,ID,1
AAM-retrained (after retrain),3,AA_pure,ID,0.382403,ID,1
AAM-retrained (after retrain),4,AA_pure,ID,0.457122,ID,1
AAM-retrained (after retrain),5,AA_pure,ID,0.428551,ID,1
AAM-retrained (after retrain),6,AA_pure,ID,0.915035,OOD,0
AAM-retrained (after retrain),7,AA_pure,ID,0.494277,ID,1
AAM-retrained (after retrain),8,AA_pure,ID,0.327402,ID,1
AAM-retrained (after retrain),9,AA_pure,ID,0.435294,ID,1
AAM-retrained (after retrain),10,AA_pure,ID,0.479226,ID,1
AAM-retrained (after retrain),11,AA_pure,ID,0.566496,ID,1
AAM-retrained (after retrain),12,AA_pure,ID,0.667131,ID,1
AAM-retrained (after retrain),13,AA_pure,ID,0.477714,ID,1
AAM-retrained (after retrain),14,AA_pure,ID,0.500999,ID,1
AAM-retrained (after retrain),15,AA_pure,ID,0.384295,ID,1
AAM-retrained (after retrain),16,AA_pure,ID,0.47539,ID,1
AAM-retrained (after retrain),17,AA_pure,ID,0.444017,ID,1
AAM-retrained (after retrain),18,AA_pure,ID,0.492118,ID,1
AAM-retrained (after retrain),19,AA_pure,ID,0.394344,ID,1
AAM-retrained (after retrain),20,AA_pure,ID,0.52077,ID,1
AAM-retrained (after retrain),21,AA_pure,ID,0.422205,ID,1
AAM-retrained (after retrain),22,AA_pure,ID,0.625024,ID,1
AAM-retrained (after retrain),23,AA_pure,ID,0.776817,ID,1
AAM-retrained (after retrain),24,AA_pure,ID,0.691756,ID,1
AAM-retrained (after retrain),25,AA_pure,ID,0.470565,ID,1
AAM-retrained (after retrain),26,AA_pure,ID,0.341125,ID,1
AAM-retrained (after retrain),27,AA_pure,ID,0.499479,ID,1
AAM-retrained (after retrain),28,AA_pure,ID,0.570557,ID,1
AAM-retrained (after retrain),29,AA_pure,ID,0.531031,ID,1
AAM-retrained (after retrain),30,AA_pure,ID,0.371146,ID,1
AAM-retrained (after retrain),31,AA_pure,ID,0.477354,ID,1
AAM-retrained (after retrain),32,AA_pure,ID,0.481994,ID,1
AAM-retrained (after retrain),33,AA_pure,ID,0.536624,ID,1
AAM-retrained (after retrain),34,AA_pure,ID,0.534573,ID,1
AAM-retrained (after retrain),35,AA_pure,ID,0.225977,ID,1
AAM-retrained (after retrain),36,AA_pure,ID,0.408685,ID,1
AAM-retrained (after retrain),37,AA_pure,ID,0.669912,ID,1
AAM-retrained (after retrain),38,AA_pure,ID,0.404041,ID,1
AAM-retrained (after retrain),39,AA_pure,ID,0.868549,ID,1
AAM-retrained (after retrain),40,AA_pure,ID,0.763199,ID,1
AAM-retrained (after retrain),41,AA_pure,ID,0.669217,ID,1
AAM-retrained (after retrain),42,AA_pure,ID,0.603177,ID,1
AAM-retrained (after retrain),43,AA_pure,ID,0.553128,ID,1
AAM-retrained (after retrain),44,AA_pure,ID,0.771783,ID,1
AAM-retrained (after retrain),45,AA_pure,ID,0.949298,OOD,0
AAM-retrained (after retrain),46,AA_pure,ID,0.780078,ID,1
AAM-retrained (after retrain),47,AA_pure,ID,0.39568,ID,1
AAM-retrained (after retrain),48,AA_pure,ID,0.453298,ID,1
AAM-retrained (after retrain),49,AA_pure,ID,0.71014,ID,1
AAM-retrained (after retrain),50,AA_pure,ID,0.549192,ID,1
AAM-retrained (after retrain),51,AA_pure,ID,0.45773,ID,1
AAM-retrained (after retrain),52,AA_pure,ID,0.451595,ID,1
AAM-retrained (after retrain),53,AA_pure,ID,0.822405,ID,1
AAM-retrained (after retrain),54,AA_pure,ID,0.805027,ID,1
AAM-retrained (after retrain),55,AA_pure,ID,0.570366,ID,1
AAM-retrained (after retrain),56,AA_pure,ID,0.80254,ID,1
AAM-retrained (after retrain),57,AA_pure,ID,0.737554,ID,1
AAM-retrained (after retrain),58,AA_pure,ID,0.432911,ID,1
AAM-retrained (after retrain),59,AA_pure,ID,0.472606,ID,1
AAM-retrained (after retrain),60,AA_pure,ID,0.322993,ID,1
AAM-retrained (after retrain),61,AA_pure,ID,0.816488,ID,1
AAM-retrained (after retrain),62,AA_pure,ID,0.307837,ID,1
AAM-retrained (after retrain),63,AA_pure,ID,0.389324,ID,1
AAM-retrained (after retrain),64,AA_pure,ID,0.572001,ID,1
AAM-retrained (after retrain),65,AA_pure,ID,0.583775,ID,1
AAM-retrained (after retrain),66,AA_pure,ID,0.501337,ID,1
AAM-retrained (after retrain),67,AA_pure,ID,0.424965,ID,1
AAM-retrained (after retrain),68,AA_pure,ID,0.371469,ID,1
AAM-retrained (after retrain),69,AA_pure,ID,0.427532,ID,1
AAM-retrained (after retrain),70,AA_pure,ID,0.385076,ID,1
AAM-retrained (after retrain),71,AA_pure,ID,0.431168,ID,1
AAM-retrained (after retrain),72,AA_pure,ID,0.414062,ID,1
AAM-retrained (after retrain),73,AA_pure,ID,0.269291,ID,1
AAM-retrained (after retrain),74,AA_pure,ID,0.519403,ID,1
AAM-retrained (after retrain),75,AA_pure,ID,0.367133,ID,1
AAM-retrained (after retrain),76,AA_pure,ID,0.881946,ID,1
AAM-retrained (after retrain),77,AA_pure,ID,0.328424,ID,1
AAM-retrained (after retrain),78,AA_pure,ID,0.415585,ID,1
AAM-retrained (after retrain),79,AA_pure,ID,0.555877,ID,1
AAM-retrained (after retrain),80,AA_pure,ID,0.364652,ID,1
AAM-retrained (after retrain),81,AA_pure,ID,0.689685,ID,1
AAM-retrained (after retrain),82,AA_pure,ID,0.3069,ID,1
AAM-retrained (after retrain),83,AA_pure,ID,0.414684,ID,1
AAM-retrained (after retrain),84,AA_pure,ID,0.358267,ID,1
AAM-retrained (after retrain),85,AA_pure,ID,0.38012,ID,1
AAM-retrained (after retrain),86,AA_pure,ID,0.439168,ID,1
AAM-retrained (after retrain),87,AA_pure,ID,0.572513,ID,1
AAM-retrained (after retrain),88,AA_pure,ID,0.42532,ID,1
AAM-retrained (after retrain),89,AA_pure,ID,0.495393,ID,1
AAM-retrained (after retrain),90,AA_pure,ID,0.433752,ID,1
AAM-retrained (after retrain),91,AA_pure,ID,0.472469,ID,1
AAM-retrained (after retrain),92,AA_pure,ID,0.580038,ID,1
AAM-retrained (after retrain),93,AA_pure,ID,0.558401,ID,1
AAM-retrained (after retrain),94,AA_pure,ID,1.0,OOD,0
AAM-retrained (after retrain),95,AA_pure,ID,0.616625,ID,1
AAM-retrained (after retrain),96,AA_pure,ID,0.384855,ID,1
AAM-retrained (after retrain),97,AA_pure,ID,0.491312,ID,1
AAM-retrained (after retrain),98,AA_pure,ID,0.460135,ID,1
AAM-retrained (after retrain),99,AA_pure,ID,0.946963,OOD,0
AAM-retrained (after retrain),100,AA_pure,ID,0.542852,ID,1
AAM-retrained (after retrain),101,AA_pure,ID,0.407483,ID,1
AAM-retrained (after retrain),102,AA_pure,ID,0.946609,OOD,0
AAM-retrained (after retrain),103,AA_pure,ID,0.511926,ID,1
AAM-retrained (after retrain),104,AA_pure,ID,0.84695,ID,1
AAM-retrained (after retrain),105,AA_pure,ID,0.872899,ID,1
AAM-retrained (after retrain),106,AA_pure,ID,0.472669,ID,1
AAM-retrained (after retrain),107,AA_pure,ID,0.234905,ID,1
AAM-retrained (after retrain),108,AA_pure,ID,0.608807,ID,1
AAM-retrained (after retrain),109,AA_pure,ID,0.851587,ID,1
AAM-retrained (after retrain),110,AA_pure,ID,0.473552,ID,1
AAM-retrained (after retrain),111,AA_pure,ID,0.537636,ID,1
AAM-retrained (after retrain),112,AA_pure,ID,0.498738,ID,1
AAM-retrained (after retrain),113,AA_pure,ID,0.818142,ID,1
AAM-retrained (after retrain),114,AA_pure,ID,0.491684,ID,1
AAM-retrained (after retrain),115,AA_pure,ID,0.790769,ID,1
AAM-retrained (after retrain),116,AA_pure,ID,0.585731,ID,1
AAM-retrained (after retrain),117,AA_pure,ID,0.437681,ID,1
AAM-retrained (after retrain),118,AA_pure,ID,0.263814,ID,1
AAM-retrained (after retrain),119,AA_pure,ID,0.329787,ID,1
AAM-retrained (after retrain),120,AA_pure,ID,0.337355,ID,1
AAM-retrained (after retrain),121,AA_pure,ID,0.533979,ID,1
AAM-retrained (after retrain),122,AA_pure,ID,0.760211,ID,1
AAM-retrained (after retrain),123,AA_pure,ID,0.612612,ID,1
AAM-retrained (after retrain),124,AA_pure,ID,0.737053,ID,1
AAM-retrained (after retrain),125,AA_pure,ID,0.513125,ID,1
AAM-retrained (after retrain),126,AA_pure,ID,0.72268,ID,1
AAM-retrained (after retrain),127,AA_pure,ID,0.437915,ID,1
AAM-retrained (after retrain),128,AA_pure,ID,0.887903,ID,1
AAM-retrained (after retrain),129,AA_pure,ID,0.774734,ID,1
AAM-retrained (after retrain),130,AA_pure,ID,0.915661,OOD,0
AAM-retrained (after retrain),131,AA_pure,ID,0.38101,ID,1
AAM-retrained (after retrain),132,AA_pure,ID,0.861603,ID,1
AAM-retrained (after retrain),133,AA_pure,ID,0.40931,ID,1
AAM-retrained (after retrain),134,AA_pure,ID,0.378992,ID,1
AAM-retrained (after retrain),135,AA_pure,ID,0.334454,ID,1
AAM-retrained (after retrain),136,AA_pure,ID,0.291959,ID,1
AAM-retrained (after retrain),137,AA_pure,ID,0.758832,ID,1
AAM-retrained (after retrain),138,AA_pure,ID,0.538481,ID,1
AAM-retrained (after retrain),139,AA_pure,ID,0.322051,ID,1
AAM-retrained (after retrain),140,AA_pure,ID,0.331107,ID,1
AAM-retrained (after retrain),141,AA_pure,ID,0.488512,ID,1
AAM-retrained (after retrain),142,AA_pure,ID,0.691948,ID,1
AAM-retrained (after retrain),143,AA_pure,ID,0.47269,ID,1
AAM-retrained (after retrain),144,AA_pure,ID,0.590689,ID,1
AAM-retrained (after retrain),145,AA_pure,ID,0.396912,ID,1
AAM-retrained (after retrain),146,AA_pure,ID,0.343231,ID,1
AAM-retrained (after retrain),147,AA_pure,ID,0.327288,ID,1
AAM-retrained (after retrain),148,AA_pure,ID,0.825684,ID,1
AAM-retrained (after retrain),149,AA_pure,ID,0.432207,ID,1
AAM-retrained (after retrain),150,AA_pure,ID,0.691448,ID,1
AAM-retrained (after retrain),151,AA_pure,ID,0.318321,ID,1
AAM-retrained (after retrain),152,AA_pure,ID,0.621713,ID,1
AAM-retrained (after retrain),153,AA_pure,ID,0.335793,ID,1
AAM-retrained (after retrain),154,AA_pure,ID,0.824905,ID,1
AAM-retrained (after retrain),155,AA_pure,ID,0.378579,ID,1
AAM-retrained (after retrain),156,AA_pure,ID,0.419509,ID,1
AAM-retrained (after retrain),157,AA_pure,ID,0.363161,ID,1
AAM-retrained (after retrain),158,AA_pure,ID,0.563061,ID,1
AAM-retrained (after retrain),159,AA_pure,ID,0.441007,ID,1
AAM-retrained (after retrain),160,AA_pure,ID,0.526743,ID,1
AAM-retrained (after retrain),161,AA_pure,ID,0.48507,ID,1
AAM-retrained (after retrain),162,AA_pure,ID,0.394308,ID,1
AAM-retrained (after retrain),163,AA_pure,ID,0.589559,ID,1
AAM-retrained (after retrain),164,AA_pure,ID,0.82614,ID,1
AAM-retrained (after retrain),165,AA_pure,ID,0.509207,ID,1
AAM-retrained (after retrain),166,AA_pure,ID,0.393847,ID,1
AAM-retrained (after retrain),167,AA_pure,ID,0.44539,ID,1
AAM-retrained (after retrain),168,AA_pure,ID,0.551828,ID,1
AAM-retrained (after retrain),169,AA_pure,ID,1.0,OOD,0
AAM-retrained (after retrain),170,AA_pure,ID,0.663877,ID,1
AAM-retrained (after retrain),171,AA_pure,ID,0.450158,ID,1
AAM-retrained (after retrain),172,AA_pure,ID,0.367472,ID,1
AAM-retrained (after retrain),173,AA_pure,ID,0.734094,ID,1
AAM-retrained (after retrain),174,AA_pure,ID,0.498746,ID,1
AAM-retrained (after retrain),175,AA_pure,ID,0.348404,ID,1
AAM-retrained (after retrain),176,AA_pure,ID,0.367281,ID,1
AAM-retrained (after retrain),177,AA_pure,ID,0.467218,ID,1
AAM-retrained (after retrain),178,AA_pure,ID,0.64459,ID,1
AAM-retrained (after retrain),179,AA_pure,ID,0.456042,ID,1
AAM-retrained (after retrain),180,AA_pure,ID,0.434188,ID,1
AAM-retrained (after retrain),181,AA_pure,ID,0.598406,ID,1
AAM-retrained (after retrain),182,AA_pure,ID,0.521283,ID,1
AAM-retrained (after retrain),183,AA_pure,ID,0.661679,ID,1
AAM-retrained (after retrain),184,AA_pure,ID,0.730189,ID,1
AAM-retrained (after retrain),185,AA_pure,ID,0.721606,ID,1
AAM-retrained (after retrain),186,AA_pure,ID,0.586694,ID,1
AAM-retrained (after retrain),187,AA_pure,ID,0.785833,ID,1
AAM-retrained (after retrain),188,AA_pure,ID,0.539904,ID,1
AAM-retrained (after retrain),189,AA_pure,ID,0.356255,ID,1
AAM-retrained (after retrain),190,AA_pure,ID,0.875415,ID,1
AAM-retrained (after retrain),191,AA_pure,ID,0.916763,OOD,0
AAM-retrained (after retrain),192,AA_pure,ID,0.369172,ID,1
AAM-retrained (after retrain),193,AA_pure,ID,0.73539,ID,1
AAM-retrained (after retrain),194,AA_pure,ID,0.571255,ID,1
AAM-retrained (after retrain),195,AA_pure,ID,0.374242,ID,1
AAM-retrained (after retrain),196,AA_pure,ID,0.886893,ID,1
AAM-retrained (after retrain),197,AA_pure,ID,0.380472,ID,1
AAM-retrained (after retrain),198,AA_pure,ID,0.469101,ID,1
AAM-retrained (after retrain),199,AA_pure,ID,0.402467,ID,1
AAM-retrained (after retrain),200,AA_pure,ID,0.479615,ID,1
AAM-retrained (after retrain),201,AA_pure,ID,0.386897,ID,1
AAM-retrained (after retrain),202,AA_pure,ID,0.447267,ID,1
AAM-retrained (after retrain),203,AA_pure,ID,0.360688,ID,1
AAM-retrained (after retrain),204,AA_pure,ID,0.407516,ID,1
AAM-retrained (after retrain),205,AA_pure,ID,0.641482,ID,1
AAM-retrained (after retrain),206,AA_pure,ID,0.487416,ID,1
AAM-retrained (after retrain),207,AA_pure,ID,1.0,OOD,0
AAM-retrained (after retrain),208,AA_pure,ID,0.478361,ID,1
AAM-retrained (after retrain),209,AA_pure,ID,0.88,ID,1
AAM-retrained (after retrain),210,AA_pure,ID,0.465282,ID,1
AAM-retrained (after retrain),211,AA_pure,ID,0.32755,ID,1
AAM-retrained (after retrain),212,AA_pure,ID,0.524132,ID,1
AAM-retrained (after retrain),213,AA_pure,ID,0.612701,ID,1
AAM-retrained (after retrain),214,AA_pure,ID,0.73366,ID,1
AAM-retrained (after retrain),215,AA_pure,ID,0.234413,ID,1
AAM-retrained (after retrain),216,AA_pure,ID,0.573345,ID,1
AAM-retrained (after retrain),217,AA_pure,ID,0.501144,ID,1
AAM-retrained (after retrain),218,AA_pure,ID,0.581369,ID,1
AAM-retrained (after retrain),219,AA_pure,ID,0.382372,ID,1
AAM-retrained (after retrain),220,AA_pure,ID,0.528163,ID,1
AAM-retrained (after retrain),221,AA_pure,ID,0.33851,ID,1
AAM-retrained (after retrain),222,AA_pure,ID,0.576751,ID,1
AAM-retrained (after retrain),223,AA_pure,ID,0.698143,ID,1
AAM-retrained (after retrain),224,AA_pure,ID,0.452087,ID,1
AAM-retrained (after retrain),225,AA_pure,ID,0.563954,ID,1
AAM-retrained (after retrain),226,AA_pure,ID,0.655502,ID,1
AAM-retrained (after retrain),227,AA_pure,ID,0.479505,ID,1
AAM-retrained (after retrain),228,AA_pure,ID,0.373605,ID,1
AAM-retrained (after retrain),229,AA_pure,ID,0.437491,ID,1
AAM-retrained (after retrain),230,AA_pure,ID,0.533695,ID,1
AAM-retrained (after retrain),231,AA_pure,ID,0.481799,ID,1
AAM-retrained (after retrain),232,AA_pure,ID,0.653325,ID,1
AAM-retrained (after retrain),233,AA_pure,ID,0.372522,ID,1
AAM-retrained (after retrain),234,AA_pure,ID,0.426862,ID,1
AAM-retrained (after retrain),235,AA_pure,ID,0.285635,ID,1
AAM-retrained (after retrain),236,AA_pure,ID,0.533919,ID,1
AAM-retrained (after retrain),237,AA_pure,ID,0.896788,ID,1
AAM-retrained (after retrain),238,AA_pure,ID,0.414156,ID,1
AAM-retrained (after retrain),239,AA_pure,ID,0.421053,ID,1
AAM-retrained (after retrain),240,AA_pure,ID,0.390842,ID,1
AAM-retrained (after retrain),241,AA_pure,ID,0.240326,ID,1
AAM-retrained (after retrain),242,AA_pure,ID,0.489629,ID,1
AAM-retrained (after retrain),243,AA_pure,ID,0.340594,ID,1
AAM-retrained (after retrain),244,AA_pure,ID,0.409351,ID,1
AAM-retrained (after retrain),245,AA_pure,ID,0.400191,ID,1
AAM-retrained (after retrain),246,AA_pure,ID,0.520303,ID,1
AAM-retrained (after retrain),247,AA_pure,ID,0.600317,ID,1
AAM-retrained (after retrain),248,AA_pure,ID,0.346955,ID,1
AAM-retrained (after retrain),249,AA_pure,ID,0.447704,ID,1
AAM-retrained (after retrain),250,AA_pure,ID,0.959037,OOD,0
AAM-retrained (after retrain),251,AA_pure,ID,0.586801,ID,1
AAM-retrained (after retrain),252,AA_pure,ID,0.515319,ID,1
AAM-retrained (after retrain),253,AA_pure,ID,0.41229,ID,1
AAM-retrained (after retrain),254,AA_pure,ID,0.374044,ID,1
AAM-retrained (after retrain),255,AA_pure,ID,0.560369,ID,1
AAM-retrained (after retrain),256,AA_pure,ID,0.386471,ID,1
AAM-retrained (after retrain),257,AA_pure,ID,0.35116,ID,1
AAM-retrained (after retrain),258,AA_pure,ID,0.87874,ID,1
AAM-retrained (after retrain),259,AA_pure,ID,0.724171,ID,1
AAM-retrained (after retrain),260,AA_pure,ID,0.67121,ID,1
AAM-retrained (after retrain),261,AA_pure,ID,0.425398,ID,1
AAM-retrained (after retrain),262,AA_pure,ID,0.596667,ID,1
AAM-retrained (after retrain),263,AA_pure,ID,0.570512,ID,1
AAM-retrained (after retrain),264,AA_pure,ID,0.507022,ID,1
AAM-retrained (after retrain),265,AA_pure,ID,0.86418,ID,1
AAM-retrained (after retrain),266,AA_pure,ID,0.447026,ID,1
AAM-retrained (after retrain),267,AA_pure,ID,0.469226,ID,1
AAM-retrained (after retrain),268,AA_pure,ID,0.453853,ID,1
AAM-retrained (after retrain),269,AA_pure,ID,0.426817,ID,1
AAM-retrained (after retrain),270,AA_pure,ID,0.909925,OOD,0
AAM-retrained (after retrain),271,AA_pure,ID,0.384325,ID,1
AAM-retrained (after retrain),272,AA_pure,ID,0.270086,ID,1
AAM-retrained (after retrain),273,AA_pure,ID,0.614836,ID,1
AAM-retrained (after retrain),274,AA_pure,ID,0.392427,ID,1
AAM-retrained (after retrain),275,AA_pure,ID,0.388722,ID,1
AAM-retrained (after retrain),276,AA_pure,ID,0.410216,ID,1
AAM-retrained (after retrain),277,AA_pure,ID,0.461947,ID,1
AAM-retrained (after retrain),278,AA_pure,ID,0.574099,ID,1
AAM-retrained (after retrain),279,AA_pure,ID,0.299328,ID,1
AAM-retrained (after retrain),280,AA_pure,ID,0.575289,ID,1
AAM-retrained (after retrain),281,AA_pure,ID,0.802001,ID,1
AAM-retrained (after retrain),282,AA_pure,ID,0.629729,ID,1
AAM-retrained (after retrain),283,AA_pure,ID,0.712419,ID,1
AAM-retrained (after retrain),284,AA_pure,ID,0.500819,ID,1
AAM-retrained (after retrain),285,AA_pure,ID,0.413697,ID,1
AAM-retrained (after retrain),286,AA_pure,ID,0.589802,ID,1
AAM-retrained (after retrain),287,AA_pure,ID,0.376233,ID,1
AAM-retrained (after retrain),288,AA_pure,ID,0.510009,ID,1
AAM-retrained (after retrain),289,AA_pure,ID,0.466095,ID,1
AAM-retrained (after retrain),290,AA_pure,ID,0.638339,ID,1
AAM-retrained (after retrain),291,AA_pure,ID,0.402759,ID,1
AAM-retrained (after retrain),292,AA_pure,ID,0.293515,ID,1
AAM-retrained (after retrain),293,AA_pure,ID,0.329034,ID,1
AAM-retrained (after retrain),294,AA_pure,ID,0.472535,ID,1
AAM-retrained (after retrain),295,AA_pure,ID,0.459417,ID,1
AAM-retrained (after retrain),296,AA_pure,ID,0.394286,ID,1
AAM-retrained (after retrain),297,AA_pure,ID,0.53583,ID,1
AAM-retrained (after retrain),298,AA_pure,ID,0.521532,ID,1
AAM-retrained (after retrain),299,AA_pure,ID,0.394867,ID,1
AAM-retrained (after retrain),300,AA_pure,ID,0.439987,ID,1
AAM-retrained (after retrain),301,AA_pure,ID,0.561573,ID,1
AAM-retrained (after retrain),302,AA_pure,ID,0.45408,ID,1
AAM-retrained (after retrain),303,AA_pure,ID,0.596154,ID,1
AAM-retrained (after retrain),304,AA_pure,ID,0.634459,ID,1
AAM-retrained (after retrain),305,AA_pure,ID,0.499628,ID,1
AAM-retrained (after retrain),306,AA_pure,ID,0.587937,ID,1
AAM-retrained (after retrain),307,AA_pure,ID,0.396439,ID,1
AAM-retrained (after retrain),308,AA_pure,ID,0.544839,ID,1
AAM-retrained (after retrain),309,AA_pure,ID,0.444127,ID,1
AAM-retrained (after retrain),310,AA_pure,ID,0.416746,ID,1
AAM-retrained (after retrain),311,AA_pure,ID,0.634633,ID,1
AAM-retrained (after retrain),312,AA_pure,ID,0.529909,ID,1
AAM-retrained (after retrain),313,AA_pure,ID,0.506552,ID,1
AAM-retrained (after retrain),314,AA_pure,ID,0.246278,ID,1
AAM-retrained (after retrain),315,AA_pure,ID,0.458595,ID,1
AAM-retrained (after retrain),316,AA_pure,ID,0.605972,ID,1
AAM-retrained (after retrain),317,AA_pure,ID,0.432278,ID,1
AAM-retrained (after retrain),318,AA_pure,ID,0.617766,ID,1
AAM-retrained (after retrain),319,AA_pure,ID,0.786958,ID,1
AAM-retrained (after retrain),320,AA_pure,ID,0.510555,ID,1
AAM-retrained (after retrain),321,AA_pure,ID,0.509756,ID,1
AAM-retrained (after retrain),322,AA_pure,ID,0.374945,ID,1
AAM-retrained (after retrain),323,AA_pure,ID,0.469895,ID,1
AAM-retrained (after retrain),324,AA_pure,ID,0.702042,ID,1
AAM-retrained (after retrain),325,AA_pure,ID,0.533082,ID,1
AAM-retrained (after retrain),326,AA_pure,ID,0.831478,ID,1
AAM-retrained (after retrain),327,AA_pure,ID,0.512809,ID,1
AAM-retrained (after retrain),328,AA_pure,ID,0.401248,ID,1
AAM-retrained (after retrain),329,AA_pure,ID,0.412821,ID,1
AAM-retrained (after retrain),330,AA_pure,ID,0.52392,ID,1
AAM-retrained (after retrain),331,AA_pure,ID,0.394887,ID,1
AAM-retrained (after retrain),332,AA_pure,ID,0.582078,ID,1
AAM-retrained (after retrain),333,AA_pure,ID,0.560418,ID,1
AAM-retrained (after retrain),334,AA_pure,ID,0.425054,ID,1
AAM-retrained (after retrain),335,AA_pure,ID,0.383395,ID,1
AAM-retrained (after retrain),336,AA_pure,ID,0.396933,ID,1
AAM-retrained (after retrain),337,AA_pure,ID,0.356126,ID,1
AAM-retrained (after retrain),338,AA_pure,ID,0.639151,ID,1
AAM-retrained (after retrain),339,AA_pure,ID,0.722945,ID,1
AAM-retrained (after retrain),340,AA_pure,ID,0.670042,ID,1
AAM-retrained (after retrain),341,AA_pure,ID,0.523149,ID,1
AAM-retrained (after retrain),342,AA_pure,ID,0.440123,ID,1
AAM-retrained (after retrain),343,AA_pure,ID,0.590324,ID,1
AAM-retrained (after retrain),344,AA_pure,ID,0.505499,ID,1
AAM-retrained (after retrain),345,AA_pure,ID,0.340854,ID,1
AAM-retrained (after retrain),346,AA_pure,ID,0.468013,ID,1
AAM-retrained (after retrain),347,AA_pure,ID,0.742582,ID,1
AAM-retrained (after retrain),348,AA_pure,ID,0.433369,ID,1
AAM-retrained (after retrain),349,AA_pure,ID,0.542346,ID,1
AAM-retrained (after retrain),350,AA_pure,ID,0.986237,OOD,0
AAM-retrained (after retrain),351,AA_pure,ID,0.55101,ID,1
AAM-retrained (after retrain),352,AA_pure,ID,0.602809,ID,1
AAM-retrained (after retrain),353,AA_pure,ID,0.359116,ID,1
AAM-retrained (after retrain),354,AA_pure,ID,0.407104,ID,1
AAM-retrained (after retrain),355,AA_pure,ID,0.39116,ID,1
AAM-retrained (after retrain),356,AA_pure,ID,0.437532,ID,1
AAM-retrained (after retrain),357,AA_pure,ID,0.361142,ID,1
AAM-retrained (after retrain),358,AA_pure,ID,0.22357,ID,1
AAM-retrained (after retrain),359,AA_pure,ID,0.547861,ID,1
AAM-retrained (after retrain),360,AA_pure,ID,0.463531,ID,1
AAM-retrained (after retrain),361,AA_pure,ID,0.507431,ID,1
AAM-retrained (after retrain),362,AA_pure,ID,0.730359,ID,1
AAM-retrained (after retrain),363,AA_pure,ID,0.337545,ID,1
AAM-retrained (after retrain),364,AA_pure,ID,0.410984,ID,1
AAM-retrained (after retrain),365,AA_pure,ID,0.85011,ID,1
AAM-retrained (after retrain),366,AA_pure,ID,0.500997,ID,1
AAM-retrained (after retrain),367,AA_pure,ID,0.550098,ID,1
AAM-retrained (after retrain),368,AA_pure,ID,0.292139,ID,1
AAM-retrained (after retrain),369,AA_pure,ID,0.354743,ID,1
AAM-retrained (after retrain),370,AA_pure,ID,0.533002,ID,1
AAM-retrained (after retrain),371,AA_pure,ID,0.409696,ID,1
AAM-retrained (after retrain),372,AA_pure,ID,0.541475,ID,1
AAM-retrained (after retrain),373,AA_pure,ID,0.563092,ID,1
AAM-retrained (after retrain),374,AA_pure,ID,0.339436,ID,1
AAM-retrained (after retrain),375,AA_pure,ID,0.60833,ID,1
AAM-retrained (after retrain),376,AA_pure,ID,0.479044,ID,1
AAM-retrained (after retrain),377,AA_pure,ID,0.751395,ID,1
AAM-retrained (after retrain),378,AA_pure,ID,0.76944,ID,1
AAM-retrained (after retrain),379,AA_pure,ID,0.345021,ID,1
AAM-retrained (after retrain),380,AA_pure,ID,0.373254,ID,1
AAM-retrained (after retrain),381,AA_pure,ID,0.346131,ID,1
AAM-retrained (after retrain),382,AA_pure,ID,0.761696,ID,1
AAM-retrained (after retrain),383,AA_pure,ID,0.536608,ID,1
AAM-retrained (after retrain),384,AA_pure,ID,0.436989,ID,1
AAM-retrained (after retrain),385,AA_pure,ID,0.433388,ID,1
AAM-retrained (after retrain),386,AA_pure,ID,0.306662,ID,1
AAM-retrained (after retrain),387,AA_pure,ID,0.626093,ID,1
AAM-retrained (after retrain),388,AA_pure,ID,0.644719,ID,1
AAM-retrained (after retrain),389,AA_pure,ID,0.554438,ID,1
AAM-retrained (after retrain),390,AA_pure,ID,0.529284,ID,1
AAM-retrained (after retrain),391,AA_pure,ID,0.395261,ID,1
AAM-retrained (after retrain),392,AA_pure,ID,0.60231,ID,1
AAM-retrained (after retrain),393,AA_pure,ID,0.934522,OOD,0
AAM-retrained (after retrain),394,AA_pure,ID,0.524994,ID,1
AAM-retrained (after retrain),395,AA_pure,ID,0.495382,ID,1
AAM-retrained (after retrain),396,AA_pure,ID,0.60768,ID,1
AAM-retrained (after retrain),397,AA_pure,ID,0.716827,ID,1
AAM-retrained (after retrain),398,AA_pure,ID,0.367372,ID,1
AAM-retrained (after retrain),399,AA_pure,ID,0.43583,ID,1
AAM-retrained (after retrain),400,AA_pure,ID,0.365732,ID,1
AAM-retrained (after retrain),401,AA_pure,ID,0.588354,ID,1
AAM-retrained (after retrain),402,AA_pure,ID,0.385941,ID,1
AAM-retrained (after retrain),403,AA_pure,ID,0.283307,ID,1
AAM-retrained (after retrain),404,AA_pure,ID,0.354577,ID,1
AAM-retrained (after retrain),405,AA_pure,ID,0.497933,ID,1
AAM-retrained (after retrain),406,AA_pure,ID,0.471887,ID,1
AAM-retrained (after retrain),407,AA_pure,ID,0.390754,ID,1
AAM-retrained (after retrain),408,AA_pure,ID,0.341158,ID,1
AAM-retrained (after retrain),409,AA_pure,ID,0.42264,ID,1
AAM-retrained (after retrain),410,AA_pure,ID,0.358073,ID,1
AAM-retrained (after retrain),411,AA_pure,ID,0.563257,ID,1
AAM-retrained (after retrain),412,AA_pure,ID,0.782687,ID,1
AAM-retrained (after retrain),413,AA_pure,ID,0.52434,ID,1
AAM-retrained (after retrain),414,AA_pure,ID,0.736518,ID,1
AAM-retrained (after retrain),415,AA_pure,ID,0.599113,ID,1
AAM-retrained (after retrain),416,AA_pure,ID,0.688391,ID,1
AAM-retrained (after retrain),417,AA_pure,ID,0.35181,ID,1
AAM-retrained (after retrain),418,AA_pure,ID,0.618346,ID,1
AAM-retrained (after retrain),419,AA_pure,ID,0.38199,ID,1
AAM-retrained (after retrain),420,AA_pure,ID,0.341896,ID,1
AAM-retrained (after retrain),421,AA_pure,ID,0.449558,ID,1
AAM-retrained (after retrain),422,AA_pure,ID,0.364125,ID,1
AAM-retrained (after retrain),423,AA_pure,ID,0.399808,ID,1
AAM-retrained (after retrain),424,AA_pure,ID,0.448303,ID,1
AAM-retrained (after retrain),425,AA_pure,ID,0.611194,ID,1
AAM-retrained (after retrain),426,AA_pure,ID,0.435159,ID,1
AAM-retrained (after retrain),427,AA_pure,ID,0.418124,ID,1
AAM-retrained (after retrain),428,AA_pure,ID,0.593895,ID,1
AAM-retrained (after retrain),429,AA_pure,ID,0.776719,ID,1
AAM-retrained (after retrain),430,AA_pure,ID,0.350169,ID,1
AAM-retrained (after retrain),431,AA_pure,ID,0.733172,ID,1
AAM-retrained (after retrain),432,AA_pure,ID,0.336882,ID,1
AAM-retrained (after retrain),433,AA_pure,ID,0.63563,ID,1
AAM-retrained (after retrain),434,AA_pure,ID,0.613805,ID,1
AAM-retrained (after retrain),435,AA_pure,ID,0.547849,ID,1
AAM-retrained (after retrain),436,AA_pure,ID,0.302527,ID,1
AAM-retrained (after retrain),437,AA_pure,ID,0.430348,ID,1
AAM-retrained (after retrain),438,AA_pure,ID,0.822744,ID,1
AAM-retrained (after retrain),439,AA_pure,ID,0.449455,ID,1
AAM-retrained (after retrain),440,AA_pure,ID,0.931808,OOD,0
AAM-retrained (after retrain),441,AA_pure,ID,0.516946,ID,1
AAM-retrained (after retrain),442,AA_pure,ID,0.415163,ID,1
AAM-retrained (after retrain),443,AA_pure,ID,0.928514,OOD,0
AAM-retrained (after retrain),444,AA_pure,ID,0.842243,ID,1
AAM-retrained (after retrain),445,AA_pure,ID,0.966872,OOD,0
AAM-retrained (after retrain),446,AA_pure,ID,0.377103,ID,1
AAM-retrained (after retrain),447,AA_pure,ID,0.427697,ID,1
AAM-retrained (after retrain),448,AA_pure,ID,0.595009,ID,1
AAM-retrained (after retrain),449,AA_pure,ID,0.419484,ID,1
AAM-retrained (after retrain),450,AA_pure,ID,0.651833,ID,1
AAM-retrained (after retrain),451,AA_pure,ID,0.503975,ID,1
AAM-retrained (after retrain),452,AA_pure,ID,0.427329,ID,1
AAM-retrained (after retrain),453,AA_pure,ID,0.559986,ID,1
AAM-retrained (after retrain),454,AA_pure,ID,0.460598,ID,1
AAM-retrained (after retrain),455,AA_pure,ID,0.564641,ID,1
AAM-retrained (after retrain),456,AA_pure,ID,0.49414,ID,1
AAM-retrained (after retrain),457,AA_pure,ID,0.450296,ID,1
AAM-retrained (after retrain),458,AA_pure,ID,0.415343,ID,1
AAM-retrained (after retrain),459,AA_pure,ID,0.476017,ID,1
AAM-retrained (after retrain),460,AA_pure,ID,0.671659,ID,1
AAM-retrained (after retrain),461,AA_pure,ID,0.368421,ID,1
AAM-retrained (after retrain),462,AA_pure,ID,0.437351,ID,1
AAM-retrained (after retrain),463,AA_pure,ID,0.420288,ID,1
AAM-retrained (after retrain),464,AA_pure,ID,0.368296,ID,1
AAM-retrained (after retrain),465,AA_pure,ID,0.439127,ID,1
AAM-retrained (after retrain),466,AA_pure,ID,0.504274,ID,1
AAM-retrained (after retrain),467,AA_pure,ID,0.666278,ID,1
AAM-retrained (after retrain),468,AA_pure,ID,0.383183,ID,1
AAM-retrained (after retrain),469,AA_pure,ID,0.680879,ID,1
AAM-retrained (after retrain),470,AA_pure,ID,0.91659,OOD,0
AAM-retrained (after retrain),471,AA_pure,ID,0.575154,ID,1
AAM-retrained (after retrain),472,AA_pure,ID,0.403624,ID,1
AAM-retrained (after retrain),473,AA_pure,ID,0.437042,ID,1
AAM-retrained (after retrain),474,AA_pure,ID,0.370736,ID,1
AAM-retrained (after retrain),475,AA_pure,ID,0.585044,ID,1
AAM-retrained (after retrain),476,AA_pure,ID,0.594387,ID,1
AAM-retrained (after retrain),477,AA_pure,ID,0.546264,ID,1
AAM-retrained (after retrain),478,AA_pure,ID,0.827379,ID,1
AAM-retrained (after retrain),479,AA_pure,ID,0.558706,ID,1
AAM-retrained (after retrain),480,AA_pure,ID,0.574664,ID,1
AAM-retrained (after retrain),481,AA_pure,ID,0.725017,ID,1
AAM-retrained (after retrain),482,AA_pure,ID,0.373891,ID,1
AAM-retrained (after retrain),483,AA_pure,ID,0.421961,ID,1
AAM-retrained (after retrain),484,AA_pure,ID,0.385607,ID,1
AAM-retrained (after retrain),485,AA_pure,ID,0.826387,ID,1
AAM-retrained (after retrain),486,AA_pure,ID,0.535882,ID,1
AAM-retrained (after retrain),487,AA_pure,ID,0.409599,ID,1
AAM-retrained (after retrain),488,AA_pure,ID,0.410633,ID,1
AAM-retrained (after retrain),489,AA_pure,ID,0.787287,ID,1
AAM-retrained (after retrain),490,AA_pure,ID,0.444692,ID,1
AAM-retrained (after retrain),491,AA_pure,ID,0.354891,ID,1
AAM-retrained (after retrain),492,AA_pure,ID,0.291415,ID,1
AAM-retrained (after retrain),493,AA_pure,ID,0.527989,ID,1
AAM-retrained (after retrain),494,AA_pure,ID,0.785992,ID,1
AAM-retrained (after retrain),495,AA_pure,ID,0.630803,ID,1
AAM-retrained (after retrain),496,AA_pure,ID,0.891526,ID,1
AAM-retrained (after retrain),497,AA_pure,ID,0.563974,ID,1
AAM-retrained (after retrain),498,AA_pure,ID,0.470387,ID,1
AAM-retrained (after retrain),499,AA_pure,ID,0.733726,ID,1
AAM-retrained (after retrain),500,AA_pure,ID,0.851727,ID,1
AAM-retrained (after retrain),501,AA_pure,ID,0.920446,OOD,0
AAM-retrained (after retrain),502,AA_pure,ID,0.352009,ID,1
AAM-retrained (after retrain),503,AA_pure,ID,0.677705,ID,1
AAM-retrained (after retrain),504,AA_pure,ID,0.914309,OOD,0
AAM-retrained (after retrain),505,AA_pure,ID,0.432494,ID,1
AAM-retrained (after retrain),506,AA_pure,ID,0.365838,ID,1
AAM-retrained (after retrain),507,AA_pure,ID,0.576297,ID,1
AAM-retrained (after retrain),508,AA_pure,ID,0.377588,ID,1
AAM-retrained (after retrain),509,AA_pure,ID,0.477348,ID,1
AAM-retrained (after retrain),510,AA_pure,ID,0.379627,ID,1
AAM-retrained (after retrain),511,AA_pure,ID,0.475856,ID,1
AAM-retrained (after retrain),512,AA_pure,ID,0.646412,ID,1
AAM-retrained (after retrain),513,AA_pure,ID,0.491388,ID,1
AAM-retrained (after retrain),514,AA_pure,ID,0.737398,ID,1
AAM-retrained (after retrain),515,AA_pure,ID,0.347223,ID,1
AAM-retrained (after retrain),516,AA_pure,ID,0.907654,OOD,0
AAM-retrained (after retrain),517,AA_pure,ID,0.600594,ID,1
AAM-retrained (after retrain),518,AA_pure,ID,0.866705,ID,1
AAM-retrained (after retrain),519,AA_pure,ID,0.599717,ID,1
AAM-retrained (after retrain),520,AA_pure,ID,0.568059,ID,1
AAM-retrained (after retrain),521,AA_pure,ID,0.431811,ID,1
AAM-retrained (after retrain),522,AA_pure,ID,0.455635,ID,1
AAM-retrained (after retrain),523,AA_pure,ID,0.505694,ID,1
AAM-retrained (after retrain),524,AA_pure,ID,0.385683,ID,1
AAM-retrained (after retrain),525,AA_pure,ID,0.51159,ID,1
AAM-retrained (after retrain),526,AA_pure,ID,0.459,ID,1
AAM-retrained (after retrain),527,AA_pure,ID,0.387664,ID,1
AAM-retrained (after retrain),528,AA_pure,ID,0.490553,ID,1
AAM-retrained (after retrain),529,AA_pure,ID,0.483839,ID,1
AAM-retrained (after retrain),530,AA_pure,ID,0.520264,ID,1
AAM-retrained (after retrain),531,AA_pure,ID,0.374547,ID,1
AAM-retrained (after retrain),532,AA_pure,ID,0.558086,ID,1
AAM-retrained (after retrain),533,AA_pure,ID,0.607894,ID,1
AAM-retrained (after retrain),534,AA_pure,ID,0.524904,ID,1
AAM-retrained (after retrain),535,AA_pure,ID,0.694316,ID,1
AAM-retrained (after retrain),536,AA_pure,ID,0.377904,ID,1
AAM-retrained (after retrain),537,AA_pure,ID,0.545671,ID,1
AAM-retrained (after retrain),538,AA_pure,ID,0.695651,ID,1
AAM-retrained (after retrain),539,AA_pure,ID,0.767685,ID,1
AAM-retrained (after retrain),540,AA_pure,ID,1.0,OOD,0
AAM-retrained (after retrain),541,AA_pure,ID,0.384509,ID,1
AAM-retrained (after retrain),542,AA_pure,ID,0.273954,ID,1
AAM-retrained (after retrain),543,AA_pure,ID,0.386707,ID,1
AAM-retrained (after retrain),544,AA_pure,ID,0.410856,ID,1
AAM-retrained (after retrain),545,AA_pure,ID,0.758487,ID,1
AAM-retrained (after retrain),546,AA_pure,ID,0.521484,ID,1
AAM-retrained (after retrain),547,AA_pure,ID,0.616377,ID,1
AAM-retrained (after retrain),548,AA_pure,ID,0.749457,ID,1
AAM-retrained (after retrain),549,AA_pure,ID,0.505907,ID,1
AAM-retrained (after retrain),550,AA_pure,ID,0.608123,ID,1
AAM-retrained (after retrain),551,AA_pure,ID,0.323419,ID,1
AAM-retrained (after retrain),552,AA_pure,ID,0.416972,ID,1
AAM-retrained (after retrain),553,AA_pure,ID,0.419671,ID,1
AAM-retrained (after retrain),554,AA_pure,ID,0.483848,ID,1
AAM-retrained (after retrain),555,AA_pure,ID,0.72357,ID,1
AAM-retrained (after retrain),556,AA_pure,ID,0.386352,ID,1
AAM-retrained (after retrain),557,AA_pure,ID,0.464778,ID,1
AAM-retrained (after retrain),558,AA_pure,ID,0.691656,ID,1
AAM-retrained (after retrain),559,AA_pure,ID,0.559194,ID,1
AAM-retrained (after retrain),560,AA_pure,ID,0.494062,ID,1
AAM-retrained (after retrain),561,AA_pure,ID,0.420348,ID,1
AAM-retrained (after retrain),562,AA_pure,ID,0.266185,ID,1
AAM-retrained (after retrain),563,AA_pure,ID,0.540528,ID,1
AAM-retrained (after retrain),564,AA_pure,ID,0.397562,ID,1
AAM-retrained (after retrain),565,AA_pure,ID,0.35884,ID,1
AAM-retrained (after retrain),566,AA_pure,ID,0.353123,ID,1
AAM-retrained (after retrain),567,AA_pure,ID,0.423354,ID,1
AAM-retrained (after retrain),568,AA_pure,ID,0.56212,ID,1
AAM-retrained (after retrain),569,AA_pure,ID,0.51818,ID,1
AAM-retrained (after retrain),570,AA_pure,ID,0.565645,ID,1
AAM-retrained (after retrain),571,AA_pure,ID,0.391056,ID,1
AAM-retrained (after retrain),572,AA_pure,ID,0.54193,ID,1
AAM-retrained (after retrain),573,AA_pure,ID,0.561992,ID,1
AAM-retrained (after retrain),574,AA_pure,ID,0.648619,ID,1
AAM-retrained (after retrain),575,AA_pure,ID,0.523033,ID,1
AAM-retrained (after retrain),576,AA_pure,ID,0.404298,ID,1
AAM-retrained (after retrain),577,AA_pure,ID,0.653399,ID,1
AAM-retrained (after retrain),578,AA_pure,ID,0.451295,ID,1
AAM-retrained (after retrain),579,AA_pure,ID,0.471514,ID,1
AAM-retrained (after retrain),580,AA_pure,ID,0.4161,ID,1
AAM-retrained (after retrain),581,AA_pure,ID,0.480914,ID,1
AAM-retrained (after retrain),582,AA_pure,ID,0.771634,ID,1
AAM-retrained (after retrain),583,AA_pure,ID,0.424711,ID,1
AAM-retrained (after retrain),584,AA_pure,ID,0.568471,ID,1
AAM-retrained (after retrain),585,AA_pure,ID,0.343877,ID,1
AAM-retrained (after retrain),586,AA_pure,ID,0.359419,ID,1
AAM-retrained (after retrain),587,AA_pure,ID,0.350965,ID,1
AAM-retrained (after retrain),588,AA_pure,ID,0.575059,ID,1
AAM-retrained (after retrain),589,AA_pure,ID,0.356288,ID,1
AAM-retrained (after retrain),590,AA_pure,ID,0.373799,ID,1
AAM-retrained (after retrain),591,AA_pure,ID,0.331699,ID,1
AAM-retrained (after retrain),592,AA_pure,ID,1.0,OOD,0
AAM-retrained (after retrain),593,AA_pure,ID,0.590785,ID,1
AAM-retrained (after retrain),594,AA_pure,ID,0.983932,OOD,0
AAM-retrained (after retrain),595,AA_pure,ID,0.55241,ID,1
AAM-retrained (after retrain),596,AA_pure,ID,0.762456,ID,1
AAM-retrained (after retrain),597,AA_pure,ID,0.812498,ID,1
AAM-retrained (after retrain),598,AA_pure,ID,0.760949,ID,1
AAM-retrained (after retrain),599,AA_pure,ID,0.489206,ID,1
AAM-retrained (after retrain),600,AA_pure,ID,0.561929,ID,1
AAM-retrained (after retrain),601,AA_pure,ID,0.542652,ID,1
AAM-retrained (after retrain),602,AA_pure,ID,0.386614,ID,1
AAM-retrained (after retrain),603,AA_pure,ID,0.386662,ID,1
AAM-retrained (after retrain),604,AA_pure,ID,0.643215,ID,1
AAM-retrained (after retrain),605,AA_pure,ID,0.543036,ID,1
AAM-retrained (after retrain),606,AA_pure,ID,0.386123,ID,1
AAM-retrained (after retrain),607,AA_pure,ID,0.69504,ID,1
AAM-retrained (after retrain),608,AA_pure,ID,0.815839,ID,1
AAM-retrained (after retrain),609,AA_pure,ID,0.32823,ID,1
AAM-retrained (after retrain),610,AA_pure,ID,0.399233,ID,1
AAM-retrained (after retrain),611,AA_pure,ID,0.421048,ID,1
AAM-retrained (after retrain),612,AA_pure,ID,0.713077,ID,1
AAM-retrained (after retrain),613,AA_pure,ID,0.320424,ID,1
AAM-retrained (after retrain),614,AA_pure,ID,0.413537,ID,1
AAM-retrained (after retrain),615,AA_pure,ID,0.343109,ID,1
AAM-retrained (after retrain),616,AA_pure,ID,0.575786,ID,1
AAM-retrained (after retrain),617,AA_pure,ID,0.403656,ID,1
AAM-retrained (after retrain),618,AA_pure,ID,0.396203,ID,1
AAM-retrained (after retrain),619,AA_pure,ID,0.555982,ID,1
AAM-retrained (after retrain),620,AA_pure,ID,0.571253,ID,1
AAM-retrained (after retrain),621,AA_pure,ID,0.393935,ID,1
AAM-retrained (after retrain),622,AA_pure,ID,0.246539,ID,1
AAM-retrained (after retrain),623,AA_pure,ID,0.439946,ID,1
AAM-retrained (after retrain),624,AA_pure,ID,0.834017,ID,1
AAM-retrained (after retrain),625,AA_pure,ID,0.990504,OOD,0
AAM-retrained (after retrain),626,AA_pure,ID,0.961096,OOD,0
AAM-retrained (after retrain),627,AA_pure,ID,0.421571,ID,1
AAM-retrained (after retrain),628,AA_pure,ID,0.586467,ID,1
AAM-retrained (after retrain),629,AA_pure,ID,0.435525,ID,1
AAM-retrained (after retrain),630,AA_pure,ID,0.537598,ID,1
AAM-retrained (after retrain),631,AA_pure,ID,0.564608,ID,1
AAM-retrained (after retrain),632,AA_pure,ID,0.66771,ID,1
AAM-retrained (after retrain),633,AA_pure,ID,0.39465,ID,1
AAM-retrained (after retrain),634,AA_pure,ID,0.406438,ID,1
AAM-retrained (after retrain),635,AA_pure,ID,0.455133,ID,1
AAM-retrained (after retrain),636,AA_pure,ID,0.3741,ID,1
AAM-retrained (after retrain),637,AA_pure,ID,0.965617,OOD,0
AAM-retrained (after retrain),638,AA_pure,ID,0.904336,OOD,0
AAM-retrained (after retrain),639,AA_pure,ID,0.809801,ID,1
AAM-retrained (after retrain),640,AA_pure,ID,0.600847,ID,1
AAM-retrained (after retrain),641,AA_pure,ID,0.633969,ID,1
AAM-retrained (after retrain),642,AA_pure,ID,0.593088,ID,1
AAM-retrained (after retrain),643,AA_pure,ID,0.438642,ID,1
AAM-retrained (after retrain),644,AA_pure,ID,0.418016,ID,1
AAM-retrained (after retrain),645,AA_pure,ID,0.978062,OOD,0
AAM-retrained (after retrain),646,AA_pure,ID,0.433054,ID,1
AAM-retrained (after retrain),647,AA_pure,ID,0.690822,ID,1
AAM-retrained (after retrain),648,AA_pure,ID,0.515579,ID,1
AAM-retrained (after retrain),649,AA_pure,ID,0.349895,ID,1
AAM-retrained (after retrain),650,AA_pure,ID,0.785621,ID,1
AAM-retrained (after retrain),651,AA_pure,ID,0.398456,ID,1
AAM-retrained (after retrain),652,AA_pure,ID,0.424914,ID,1
AAM-retrained (after retrain),653,AA_pure,ID,0.556131,ID,1
AAM-retrained (after retrain),654,AA_pure,ID,0.644749,ID,1
AAM-retrained (after retrain),655,AA_pure,ID,0.540922,ID,1
AAM-retrained (after retrain),656,AA_pure,ID,0.354449,ID,1
AAM-retrained (after retrain),657,AA_pure,ID,0.350483,ID,1
AAM-retrained (after retrain),658,AA_pure,ID,0.585967,ID,1
AAM-retrained (after retrain),659,AA_pure,ID,0.4767,ID,1
AAM-retrained (after retrain),660,AA_pure,ID,0.462242,ID,1
AAM-retrained (after retrain),661,AA_pure,ID,0.393901,ID,1
AAM-retrained (after retrain),662,AA_pure,ID,0.526818,ID,1
AAM-retrained (after retrain),663,AA_pure,ID,0.470439,ID,1
AAM-retrained (after retrain),664,AA_pure,ID,0.76894,ID,1
AAM-retrained (after retrain),665,AA_pure,ID,0.922198,OOD,0
AAM-retrained (after retrain),666,AA_pure,ID,0.544422,ID,1
AAM-retrained (after retrain),667,AA_pure,ID,0.625571,ID,1
AAM-retrained (after retrain),668,AA_pure,ID,0.651216,ID,1
AAM-retrained (after retrain),669,AA_pure,ID,0.494924,ID,1
AAM-retrained (after retrain),670,AA_pure,ID,0.391865,ID,1
AAM-retrained (after retrain),671,AA_pure,ID,0.365962,ID,1
AAM-retrained (after retrain),672,AA_pure,ID,0.523039,ID,1
AAM-retrained (after retrain),673,AA_pure,ID,0.590193,ID,1
AAM-retrained (after retrain),674,AA_pure,ID,0.331118,ID,1
AAM-retrained (after retrain),675,AA_pure,ID,0.448238,ID,1
AAM-retrained (after retrain),676,AA_pure,ID,0.761482,ID,1
AAM-retrained (after retrain),677,AA_pure,ID,0.518575,ID,1
AAM-retrained (after retrain),678,AA_pure,ID,0.449852,ID,1
AAM-retrained (after retrain),679,AA_pure,ID,0.758958,ID,1
AAM-retrained (after retrain),680,AA_pure,ID,0.690858,ID,1
AAM-retrained (after retrain),681,AA_pure,ID,0.361899,ID,1
AAM-retrained (after retrain),682,AA_pure,ID,0.518582,ID,1
AAM-retrained (after retrain),683,AA_pure,ID,0.409971,ID,1
AAM-retrained (after retrain),684,AA_pure,ID,0.937533,OOD,0
AAM-retrained (after retrain),685,AA_pure,ID,0.56369,ID,1
AAM-retrained (after retrain),686,AA_pure,ID,0.484085,ID,1
AAM-retrained (after retrain),687,AA_pure,ID,0.501583,ID,1
AAM-retrained (after retrain),688,AA_pure,ID,0.796576,ID,1
AAM-retrained (after retrain),689,AA_pure,ID,0.339293,ID,1
AAM-retrained (after retrain),690,AA_pure,ID,0.432264,ID,1
AAM-retrained (after retrain),691,AA_pure,ID,0.560306,ID,1
AAM-retrained (after retrain),692,AA_pure,ID,0.34859,ID,1
AAM-retrained (after retrain),693,AA_pure,ID,0.503306,ID,1
AAM-retrained (after retrain),694,AA_pure,ID,0.39586,ID,1
AAM-retrained (after retrain),695,AA_pure,ID,0.615457,ID,1
AAM-retrained (after retrain),696,AA_pure,ID,0.644485,ID,1
AAM-retrained (after retrain),697,AA_pure,ID,0.430348,ID,1
AAM-retrained (after retrain),698,AA_pure,ID,0.466311,ID,1
AAM-retrained (after retrain),699,AA_pure,ID,0.610025,ID,1
AAM-retrained (after retrain),700,AA_pure,ID,0.455868,ID,1
AAM-retrained (after retrain),701,AA_pure,ID,0.81352,ID,1
AAM-retrained (after retrain),702,AA_pure,ID,0.437015,ID,1
AAM-retrained (after retrain),703,AA_pure,ID,0.598604,ID,1
AAM-retrained (after retrain),704,AA_pure,ID,0.636531,ID,1
AAM-retrained (after retrain),705,AA_pure,ID,0.334947,ID,1
AAM-retrained (after retrain),706,AA_pure,ID,0.388486,ID,1
AAM-retrained (after retrain),707,AA_pure,ID,0.595317,ID,1
AAM-retrained (after retrain),708,AA_pure,ID,0.622021,ID,1
AAM-retrained (after retrain),709,AA_pure,ID,0.498527,ID,1
AAM-retrained (after retrain),710,AA_pure,ID,0.781935,ID,1
AAM-retrained (after retrain),711,AA_pure,ID,0.622229,ID,1
AAM-retrained (after retrain),712,AA_pure,ID,0.357534,ID,1
AAM-retrained (after retrain),713,AA_pure,ID,0.957108,OOD,0
AAM-retrained (after retrain),714,AA_pure,ID,0.613366,ID,1
AAM-retrained (after retrain),715,AA_pure,ID,0.381487,ID,1
AAM-retrained (after retrain),716,AA_pure,ID,0.569901,ID,1
AAM-retrained (after retrain),717,AA_pure,ID,0.522631,ID,1
AAM-retrained (after retrain),718,AA_pure,ID,0.394584,ID,1
AAM-retrained (after retrain),719,AA_pure,ID,0.416069,ID,1
AAM-retrained (after retrain),720,AA_pure,ID,0.301393,ID,1
AAM-retrained (after retrain),721,AA_pure,ID,0.705232,ID,1
AAM-retrained (after retrain),722,AA_pure,ID,0.814207,ID,1
AAM-retrained (after retrain),723,AA_pure,ID,0.587786,ID,1
AAM-retrained (after retrain),724,AA_pure,ID,0.439845,ID,1
AAM-retrained (after retrain),725,AA_pure,ID,0.520824,ID,1
AAM-retrained (after retrain),726,AA_pure,ID,0.40843,ID,1
AAM-retrained (after retrain),727,AA_pure,ID,0.489218,ID,1
AAM-retrained (after retrain),728,AA_pure,ID,0.368892,ID,1
AAM-retrained (after retrain),729,AA_pure,ID,0.562815,ID,1
AAM-retrained (after retrain),730,AA_pure,ID,0.499146,ID,1
AAM-retrained (after retrain),731,AA_pure,ID,0.637829,ID,1
AAM-retrained (after retrain),732,AA_pure,ID,0.861689,ID,1
AAM-retrained (after retrain),733,AA_pure,ID,1.0,OOD,0
AAM-retrained (after retrain),734,AA_pure,ID,0.563706,ID,1
AAM-retrained (after retrain),735,AA_pure,ID,0.254789,ID,1
AAM-retrained (after retrain),736,AA_pure,ID,0.455578,ID,1
AAM-retrained (after retrain),737,AA_pure,ID,0.42865,ID,1
AAM-retrained (after retrain),738,AA_pure,ID,0.524585,ID,1
AAM-retrained (after retrain),739,AA_pure,ID,0.371105,ID,1
AAM-retrained (after retrain),740,AA_pure,ID,0.684635,ID,1
AAM-retrained (after retrain),741,AA_pure,ID,0.500211,ID,1
AAM-retrained (after retrain),742,AA_pure,ID,0.360397,ID,1
AAM-retrained (after retrain),743,AA_pure,ID,0.41468,ID,1
AAM-retrained (after retrain),744,AA_pure,ID,0.901048,OOD,0
AAM-retrained (after retrain),745,AA_pure,ID,0.528799,ID,1
AAM-retrained (after retrain),746,AA_pure,ID,0.526871,ID,1
AAM-retrained (after retrain),747,AA_pure,ID,0.943475,OOD,0
AAM-retrained (after retrain),748,AA_pure,ID,0.910252,OOD,0
AAM-retrained (after retrain),749,AA_pure,ID,0.417502,ID,1
AAM-retrained (after retrain),750,AA_pure,ID,0.564533,ID,1
AAM-retrained (after retrain),751,AA_pure,ID,0.515658,ID,1
AAM-retrained (after retrain),752,AA_pure,ID,0.607296,ID,1
AAM-retrained (after retrain),753,AA_pure,ID,0.526968,ID,1
AAM-retrained (after retrain),754,AA_pure,ID,0.312862,ID,1
AAM-retrained (after retrain),755,AA_pure,ID,0.377331,ID,1
AAM-retrained (after retrain),756,AA_pure,ID,0.482158,ID,1
AAM-retrained (after retrain),757,AA_pure,ID,0.355547,ID,1
AAM-retrained (after retrain),758,AA_pure,ID,1.0,OOD,0
AAM-retrained (after retrain),759,AA_pure,ID,0.458567,ID,1
AAM-retrained (after retrain),760,AA_pure,ID,0.527285,ID,1
AAM-retrained (after retrain),761,AA_pure,ID,0.415523,ID,1
AAM-retrained (after retrain),762,AA_pure,ID,0.277004,ID,1
AAM-retrained (after retrain),763,AA_pure,ID,0.536229,ID,1
AAM-retrained (after retrain),764,AA_pure,ID,0.306042,ID,1
AAM-retrained (after retrain),765,AA_pure,ID,0.467309,ID,1
AAM-retrained (after retrain),766,AA_pure,ID,0.673607,ID,1
AAM-retrained (after retrain),767,AA_pure,ID,0.462477,ID,1
AAM-retrained (after retrain),768,AA_pure,ID,0.385435,ID,1
AAM-retrained (after retrain),769,AA_pure,ID,0.819364,ID,1
AAM-retrained (after retrain),770,AA_pure,ID,0.526198,ID,1
AAM-retrained (after retrain),771,AA_pure,ID,0.75157,ID,1
AAM-retrained (after retrain),772,AA_pure,ID,0.956556,OOD,0
AAM-retrained (after retrain),773,AA_pure,ID,0.39299,ID,1
AAM-retrained (after retrain),774,AA_pure,ID,0.441313,ID,1
AAM-retrained (after retrain),775,AA_pure,ID,0.620955,ID,1
AAM-retrained (after retrain),776,AA_pure,ID,0.39613,ID,1
AAM-retrained (after retrain),777,AA_pure,ID,0.37798,ID,1
AAM-retrained (after retrain),778,AA_pure,ID,0.305372,ID,1
AAM-retrained (after retrain),779,AA_pure,ID,0.705136,ID,1
AAM-retrained (after retrain),780,AA_pure,ID,0.428831,ID,1
AAM-retrained (after retrain),781,AA_pure,ID,0.436399,ID,1
AAM-retrained (after retrain),782,AA_pure,ID,0.362974,ID,1
AAM-retrained (after retrain),783,AA_pure,ID,0.964448,OOD,0
AAM-retrained (after retrain),784,AA_pure,ID,0.445068,ID,1
AAM-retrained (after retrain),785,AA_pure,ID,0.803401,ID,1
AAM-retrained (after retrain),786,AA_pure,ID,0.401574,ID,1
AAM-retrained (after retrain),787,AA_pure,ID,0.461221,ID,1
AAM-retrained (after retrain),788,AA_pure,ID,0.879224,ID,1
AAM-retrained (after retrain),789,AA_pure,ID,0.588525,ID,1
AAM-retrained (after retrain),790,AA_pure,ID,0.834434,ID,1
AAM-retrained (after retrain),791,AA_pure,ID,0.813088,ID,1
AAM-retrained (after retrain),792,AA_pure,ID,0.546489,ID,1
AAM-retrained (after retrain),793,AA_pure,ID,0.45135,ID,1
AAM-retrained (after retrain),794,AA_pure,ID,0.469793,ID,1
AAM-retrained (after retrain),795,AA_pure,ID,0.436329,ID,1
AAM-retrained (after retrain),796,AA_pure,ID,0.454916,ID,1
AAM-retrained (after retrain),797,AA_pure,ID,0.377843,ID,1
AAM-retrained (after retrain),798,AA_pure,ID,0.727162,ID,1
AAM-retrained (after retrain),799,AA_pure,ID,0.940746,OOD,0
AAM-retrained (after retrain),800,AA_pure,ID,0.658059,ID,1
AAM-retrained (after retrain),801,AA_pure,ID,0.842192,ID,1
AAM-retrained (after retrain),802,AA_pure,ID,0.82681,ID,1
AAM-retrained (after retrain),803,AA_pure,ID,0.472959,ID,1
AAM-retrained (after retrain),804,AA_pure,ID,0.593789,ID,1
AAM-retrained (after retrain),805,AA_pure,ID,0.342023,ID,1
AAM-retrained (after retrain),806,AA_pure,ID,0.407168,ID,1
AAM-retrained (after retrain),807,AA_pure,ID,0.463479,ID,1
AAM-retrained (after retrain),808,AA_pure,ID,0.517372,ID,1
AAM-retrained (after retrain),809,AA_pure,ID,0.36569,ID,1
AAM-retrained (after retrain),810,AA_pure,ID,0.594961,ID,1
AAM-retrained (after retrain),811,AA_pure,ID,0.769392,ID,1
AAM-retrained (after retrain),812,AA_pure,ID,0.439376,ID,1
AAM-retrained (after retrain),813,AA_pure,ID,0.595272,ID,1
AAM-retrained (after retrain),814,AA_pure,ID,0.650875,ID,1
AAM-retrained (after retrain),815,AA_pure,ID,0.671151,ID,1
AAM-retrained (after retrain),816,AA_pure,ID,0.360567,ID,1
AAM-retrained (after retrain),817,AA_pure,ID,0.551465,ID,1
AAM-retrained (after retrain),818,AA_pure,ID,0.735507,ID,1
AAM-retrained (after retrain),819,AA_pure,ID,0.884765,ID,1
AAM-retrained (after retrain),820,AA_pure,ID,0.431166,ID,1
AAM-retrained (after retrain),821,AA_pure,ID,0.528368,ID,1
AAM-retrained (after retrain),822,AA_pure,ID,0.884439,ID,1
AAM-retrained (after retrain),823,AA_pure,ID,0.564543,ID,1
AAM-retrained (after retrain),824,AA_pure,ID,0.493975,ID,1
AAM-retrained (after retrain),825,AA_pure,ID,0.436987,ID,1
AAM-retrained (after retrain),826,AA_pure,ID,0.242031,ID,1
AAM-retrained (after retrain),827,AA_pure,ID,0.358555,ID,1
AAM-retrained (after retrain),828,AA_pure,ID,0.368891,ID,1
AAM-retrained (after retrain),829,AA_pure,ID,0.606797,ID,1
AAM-retrained (after retrain),830,AA_pure,ID,0.758986,ID,1
AAM-retrained (after retrain),831,AA_pure,ID,0.428488,ID,1
AAM-retrained (after retrain),832,AA_pure,ID,0.390769,ID,1
AAM-retrained (after retrain),833,AA_pure,ID,0.418212,ID,1
AAM-retrained (after retrain),834,AA_pure,ID,0.764995,ID,1
AAM-retrained (after retrain),835,AA_pure,ID,0.521927,ID,1
AAM-retrained (after retrain),836,AA_pure,ID,0.421398,ID,1
AAM-retrained (after retrain),837,AA_pure,ID,0.572712,ID,1
AAM-retrained (after retrain),838,AA_pure,ID,0.400764,ID,1
AAM-retrained (after retrain),839,AA_pure,ID,0.527978,ID,1
AAM-retrained (after retrain),840,AA_pure,ID,0.355999,ID,1
AAM-retrained (after retrain),841,AA_pure,ID,0.924679,OOD,0
AAM-retrained (after retrain),842,AA_pure,ID,0.367116,ID,1
AAM-retrained (after retrain),843,AA_pure,ID,0.466752,ID,1
AAM-retrained (after retrain),844,AA_pure,ID,0.582773,ID,1
AAM-retrained (after retrain),845,AA_pure,ID,0.389576,ID,1
AAM-retrained (after retrain),846,AA_pure,ID,0.57227,ID,1
AAM-retrained (after retrain),847,AA_pure,ID,0.414927,ID,1
AAM-retrained (after retrain),848,AA_pure,ID,0.404495,ID,1
AAM-retrained (after retrain),849,AA_pure,ID,0.41384,ID,1
AAM-retrained (after retrain),850,AA_pure,ID,0.576475,ID,1
AAM-retrained (after retrain),851,AA_pure,ID,0.44182,ID,1
AAM-retrained (after retrain),852,AA_pure,ID,0.891831,ID,1
AAM-retrained (after retrain),853,AA_pure,ID,0.32344,ID,1
AAM-retrained (after retrain),854,AA_pure,ID,0.335667,ID,1
AAM-retrained (after retrain),855,AA_pure,ID,0.471734,ID,1
AAM-retrained (after retrain),856,AA_pure,ID,0.410966,ID,1
AAM-retrained (after retrain),857,AA_pure,ID,0.444812,ID,1
AAM-retrained (after retrain),858,AA_pure,ID,0.44995,ID,1
AAM-retrained (after retrain),859,AA_pure,ID,0.398296,ID,1
AAM-retrained (after retrain),860,AA_pure,ID,0.465464,ID,1
AAM-retrained (after retrain),861,AA_pure,ID,0.801593,ID,1
AAM-retrained (after retrain),862,AA_pure,ID,0.630198,ID,1
AAM-retrained (after retrain),863,AA_pure,ID,0.32666,ID,1
AAM-retrained (after retrain),864,AA_pure,ID,0.442366,ID,1
AAM-retrained (after retrain),865,AA_pure,ID,0.916515,OOD,0
AAM-retrained (after retrain),866,AA_pure,ID,0.805152,ID,1
AAM-retrained (after retrain),867,AA_pure,ID,0.509277,ID,1
AAM-retrained (after retrain),868,AA_pure,ID,0.486712,ID,1
AAM-retrained (after retrain),869,AA_pure,ID,0.544454,ID,1
AAM-retrained (after retrain),870,AA_pure,ID,0.535929,ID,1
AAM-retrained (after retrain),871,AA_pure,ID,0.506136,ID,1
AAM-retrained (after retrain),872,AA_pure,ID,0.352401,ID,1
AAM-retrained (after retrain),873,AA_pure,ID,0.694905,ID,1
AAM-retrained (after retrain),874,AA_pure,ID,0.448449,ID,1
AAM-retrained (after retrain),875,AA_pure,ID,0.373637,ID,1
AAM-retrained (after retrain),876,AA_pure,ID,0.447596,ID,1
AAM-retrained (after retrain),877,AA_pure,ID,0.443328,ID,1
AAM-retrained (after retrain),878,AA_pure,ID,0.692065,ID,1
AAM-retrained (after retrain),879,AA_pure,ID,0.338948,ID,1
AAM-retrained (after retrain),880,AA_pure,ID,0.550516,ID,1
AAM-retrained (after retrain),881,AA_pure,ID,0.71218,ID,1
AAM-retrained (after retrain),882,AA_pure,ID,0.395698,ID,1
AAM-retrained (after retrain),883,AA_pure,ID,0.413855,ID,1
AAM-retrained (after retrain),884,AA_pure,ID,0.858134,ID,1
AAM-retrained (after retrain),885,AA_pure,ID,0.264754,ID,1
AAM-retrained (after retrain),886,AA_pure,ID,0.534589,ID,1
AAM-retrained (after retrain),887,AA_pure,ID,0.933627,OOD,0
AAM-retrained (after retrain),888,AA_pure,ID,0.497772,ID,1
AAM-retrained (after retrain),889,AA_pure,ID,0.32808,ID,1
AAM-retrained (after retrain),890,AA_pure,ID,0.43894,ID,1
AAM-retrained (after retrain),891,AA_pure,ID,0.861852,ID,1
AAM-retrained (after retrain),892,AA_pure,ID,0.646229,ID,1
AAM-retrained (after retrain),893,AA_pure,ID,0.402136,ID,1
AAM-retrained (after retrain),894,AA_pure,ID,0.583801,ID,1
AAM-retrained (after retrain),895,AA_pure,ID,0.716581,ID,1
AAM-retrained (after retrain),896,AA_pure,ID,0.38434,ID,1
AAM-retrained (after retrain),897,AA_pure,ID,0.312646,ID,1
AAM-retrained (after retrain),898,AA_pure,ID,0.352279,ID,1
AAM-retrained (after retrain),899,AA_pure,ID,0.492415,ID,1
AAM-retrained (after retrain),900,AA_pure,ID,0.405196,ID,1
AAM-retrained (after retrain),901,AA_pure,ID,0.577142,ID,1
AAM-retrained (after retrain),902,AA_pure,ID,0.665503,ID,1
AAM-retrained (after retrain),903,AA_pure,ID,0.536011,ID,1
AAM-retrained (after retrain),904,AA_pure,ID,0.362006,ID,1
AAM-retrained (after retrain),905,AA_pure,ID,0.432286,ID,1
AAM-retrained (after retrain),906,AA_pure,ID,0.443878,ID,1
AAM-retrained (after retrain),907,AA_pure,ID,0.491119,ID,1
AAM-retrained (after retrain),908,AA_pure,ID,0.374728,ID,1
AAM-retrained (after retrain),909,AA_pure,ID,0.975331,OOD,0
AAM-retrained (after retrain),910,AA_pure,ID,0.478926,ID,1
AAM-retrained (after retrain),911,AA_pure,ID,0.962466,OOD,0
AAM-retrained (after retrain),912,AA_pure,ID,0.475256,ID,1
AAM-retrained (after retrain),913,AA_pure,ID,0.782681,ID,1
AAM-retrained (after retrain),914,AA_pure,ID,0.360095,ID,1
AAM-retrained (after retrain),915,AA_pure,ID,0.430471,ID,1
AAM-retrained (after retrain),916,AA_pure,ID,0.456115,ID,1
AAM-retrained (after retrain),917,AA_pure,ID,0.615762,ID,1
AAM-retrained (after retrain),918,AA_pure,ID,0.340122,ID,1
AAM-retrained (after retrain),919,AA_pure,ID,0.590662,ID,1
AAM-retrained (after retrain),920,AA_pure,ID,0.489246,ID,1
AAM-retrained (after retrain),921,AA_pure,ID,0.56383,ID,1
AAM-retrained (after retrain),922,AA_pure,ID,0.622792,ID,1
AAM-retrained (after retrain),923,AA_pure,ID,0.501537,ID,1
AAM-retrained (after retrain),924,AA_pure,ID,0.54935,ID,1
AAM-retrained (after retrain),925,AA_pure,ID,0.382919,ID,1
AAM-retrained (after retrain),926,AA_pure,ID,0.618577,ID,1
AAM-retrained (after retrain),927,AA_pure,ID,0.466905,ID,1
AAM-retrained (after retrain),928,AA_pure,ID,0.268198,ID,1
AAM-retrained (after retrain),929,AA_pure,ID,0.35523,ID,1
AAM-retrained (after retrain),930,AA_pure,ID,0.420563,ID,1
AAM-retrained (after retrain),931,AA_pure,ID,0.522011,ID,1
AAM-retrained (after retrain),932,AA_pure,ID,0.413279,ID,1
AAM-retrained (after retrain),933,AA_pure,ID,0.437265,ID,1
AAM-retrained (after retrain),934,AA_pure,ID,0.393948,ID,1
AAM-retrained (after retrain),935,AA_pure,ID,0.312351,ID,1
AAM-retrained (after retrain),936,AA_pure,ID,0.398848,ID,1
AAM-retrained (after retrain),937,AA_pure,ID,0.993057,OOD,0
AAM-retrained (after retrain),938,AA_pure,ID,0.531988,ID,1
AAM-retrained (after retrain),939,AA_pure,ID,0.88337,ID,1
AAM-retrained (after retrain),940,AA_pure,ID,0.518943,ID,1
AAM-retrained (after retrain),941,AA_pure,ID,0.596912,ID,1
AAM-retrained (after retrain),942,AA_pure,ID,0.422341,ID,1
AAM-retrained (after retrain),943,AA_pure,ID,0.637841,ID,1
AAM-retrained (after retrain),944,AA_pure,ID,0.498865,ID,1
AAM-retrained (after retrain),945,AA_pure,ID,0.383026,ID,1
AAM-retrained (after retrain),946,AA_pure,ID,0.370209,ID,1
AAM-retrained (after retrain),947,AA_pure,ID,0.45472,ID,1
AAM-retrained (after retrain),948,AA_pure,ID,0.440415,ID,1
AAM-retrained (after retrain),949,AA_pure,ID,0.780342,ID,1
AAM-retrained (after retrain),950,AA_pure,ID,0.338194,ID,1
AAM-retrained (after retrain),951,AA_pure,ID,0.395584,ID,1
AAM-retrained (after retrain),952,AA_pure,ID,0.489545,ID,1
AAM-retrained (after retrain),953,AA_pure,ID,0.370065,ID,1
AAM-retrained (after retrain),954,AA_pure,ID,0.401838,ID,1
AAM-retrained (after retrain),955,AA_pure,ID,0.595365,ID,1
AAM-retrained (after retrain),956,AA_pure,ID,0.375516,ID,1
AAM-retrained (after retrain),957,AA_pure,ID,0.935625,OOD,0
AAM-retrained (after retrain),958,AA_pure,ID,0.722436,ID,1
AAM-retrained (after retrain),959,AA_pure,ID,0.899629,OOD,0
AAM-retrained (after retrain),960,AA_pure,ID,0.823357,ID,1
AAM-retrained (after retrain),961,AA_pure,ID,0.406037,ID,1
AAM-retrained (after retrain),962,AA_pure,ID,0.433792,ID,1
AAM-retrained (after retrain),963,AA_pure,ID,0.744242,ID,1
AAM-retrained (after retrain),964,AA_pure,ID,0.432252,ID,1
AAM-retrained (after retrain),965,AA_pure,ID,0.372456,ID,1
AAM-retrained (after retrain),966,AA_pure,ID,0.488215,ID,1
AAM-retrained (after retrain),967,AA_pure,ID,0.880723,ID,1
AAM-retrained (after retrain),968,AA_pure,ID,0.329689,ID,1
AAM-retrained (after retrain),969,AA_pure,ID,0.588475,ID,1
AAM-retrained (after retrain),970,AA_pure,ID,0.280754,ID,1
AAM-retrained (after retrain),971,AA_pure,ID,0.407243,ID,1
AAM-retrained (after retrain),972,AA_pure,ID,0.644515,ID,1
AAM-retrained (after retrain),0,AAM_mineral_rich,OOD,0.380283,ID,0
AAM-retrained (after retrain),1,AAM_mineral_rich,OOD,0.885148,ID,0
AAM-retrained (after retrain),2,AAM_mineral_rich,OOD,0.970212,OOD,1
AAM-retrained (after retrain),3,AAM_mineral_rich,OOD,0.980851,OOD,1
AAM-retrained (after retrain),4,AAM_mineral_rich,OOD,0.856261,ID,0
AAM-retrained (after retrain),5,AAM_mineral_rich,OOD,0.930132,OOD,1
AAM-retrained (after retrain),6,AAM_mineral_rich,OOD,0.859554,ID,0
AAM-retrained (after retrain),7,AAM_mineral_rich,OOD,0.926634,OOD,1
AAM-retrained (after retrain),8,AAM_mineral_rich,OOD,0.850731,ID,0
AAM-retrained (after retrain),9,AAM_mineral_rich,OOD,0.835737,ID,0
AAM-retrained (after retrain),10,AAM_mineral_rich,OOD,0.930656,OOD,1
AAM-retrained (after retrain),11,AAM_mineral_rich,OOD,0.85566,ID,0
AAM-retrained (after retrain),12,AAM_mineral_rich,OOD,0.941985,OOD,1
AAM-retrained (after retrain),13,AAM_mineral_rich,OOD,0.896016,ID,0
AAM-retrained (after retrain),14,AAM_mineral_rich,OOD,0.950654,OOD,1
AAM-retrained (after retrain),15,AAM_mineral_rich,OOD,0.764862,ID,0
AAM-retrained (after retrain),16,AAM_mineral_rich,OOD,0.854138,ID,0
AAM-retrained (after retrain),17,AAM_mineral_rich,OOD,1.0,OOD,1
AAM-retrained (after retrain),18,AAM_mineral_rich,OOD,0.887665,ID,0
AAM-retrained (after retrain),19,AAM_mineral_rich,OOD,0.814552,ID,0
AAM-retrained (after retrain),20,AAM_mineral_rich,OOD,0.820789,ID,0
AAM-retrained (after retrain),21,AAM_mineral_rich,OOD,0.822175,ID,0
AAM-retrained (after retrain),22,AAM_mineral_rich,OOD,0.910347,OOD,1
AAM-retrained (after retrain),23,AAM_mineral_rich,OOD,0.85118,ID,0
AAM-retrained (after retrain),24,AAM_mineral_rich,OOD,0.909541,OOD,1
AAM-retrained (after retrain),25,AAM_mineral_rich,OOD,0.788168,ID,0
AAM-retrained (after retrain),26,AAM_mineral_rich,OOD,0.986547,OOD,1
AAM-retrained (after retrain),27,AAM_mineral_rich,OOD,0.574219,ID,0
AAM-retrained (after retrain),28,AAM_mineral_rich,OOD,0.748204,ID,0
AAM-retrained (after retrain),29,AAM_mineral_rich,OOD,0.915511,OOD,1
AAM-retrained (after retrain),30,AAM_mineral_rich,OOD,0.902832,OOD,1
AAM-retrained (after retrain),31,AAM_mineral_rich,OOD,0.813929,ID,0
AAM-retrained (after retrain),32,AAM_mineral_rich,OOD,0.867719,ID,0
AAM-retrained (after retrain),33,AAM_mineral_rich,OOD,0.891042,ID,0
AAM-retrained (after retrain),34,AAM_mineral_rich,OOD,1.0,OOD,1
AAM-retrained (after retrain),35,AAM_mineral_rich,OOD,0.855883,ID,0
AAM-retrained (after retrain),36,AAM_mineral_rich,OOD,0.510555,ID,0
AAM-retrained (after retrain),37,AAM_mineral_rich,OOD,0.867327,ID,0
AAM-retrained (after retrain),38,AAM_mineral_rich,OOD,0.935664,OOD,1
AAM-retrained (after retrain),39,AAM_mineral_rich,OOD,0.910646,OOD,1
AAM-retrained (after retrain),40,AAM_mineral_rich,OOD,0.934902,OOD,1
AAM-retrained (after retrain),41,AAM_mineral_rich,OOD,0.872846,ID,0
AAM-retrained (after retrain),42,AAM_mineral_rich,OOD,0.925505,OOD,1
AAM-retrained (after retrain),43,AAM_mineral_rich,OOD,0.838848,ID,0
AAM-retrained (after retrain),44,AAM_mineral_rich,OOD,0.652932,ID,0
AAM-retrained (after retrain),45,AAM_mineral_rich,OOD,0.854657,ID,0
AAM-retrained (after retrain),46,AAM_mineral_rich,OOD,0.898571,OOD,1
AAM-retrained (after retrain),47,AAM_mineral_rich,OOD,0.926102,OOD,1
AAM-retrained (after retrain),48,AAM_mineral_rich,OOD,0.654417,ID,0
AAM-retrained (after retrain),49,AAM_mineral_rich,OOD,0.936137,OOD,1
AAM-retrained (after retrain),50,AAM_mineral_rich,OOD,0.924487,OOD,1
AAM-retrained (after retrain),51,AAM_mineral_rich,OOD,1.0,OOD,1
AAM-retrained (after retrain),52,AAM_mineral_rich,OOD,0.956964,OOD,1
AAM-retrained (after retrain),53,AAM_mineral_rich,OOD,0.918873,OOD,1
AAM-retrained (after retrain),54,AAM_mineral_rich,OOD,0.629356,ID,0
AAM-retrained (after retrain),55,AAM_mineral_rich,OOD,0.71895,ID,0
AAM-retrained (after retrain),56,AAM_mineral_rich,OOD,0.920088,OOD,1
AAM-retrained (after retrain),57,AAM_mineral_rich,OOD,0.769094,ID,0
AAM-retrained (after retrain),58,AAM_mineral_rich,OOD,0.910503,OOD,1
AAM-retrained (after retrain),59,AAM_mineral_rich,OOD,0.872021,ID,0
AAM-retrained (after retrain),60,AAM_mineral_rich,OOD,0.916092,OOD,1
AAM-retrained (after retrain),61,AAM_mineral_rich,OOD,0.827758,ID,0
AAM-retrained (after retrain),62,AAM_mineral_rich,OOD,0.523927,ID,0
AAM-retrained (after retrain),63,AAM_mineral_rich,OOD,0.877305,ID,0
AAM-retrained (after retrain),64,AAM_mineral_rich,OOD,0.892554,ID,0
AAM-retrained (after retrain),65,AAM_mineral_rich,OOD,0.855152,ID,0
AAM-retrained (after retrain),66,AAM_mineral_rich,OOD,0.429873,ID,0
AAM-retrained (after retrain),67,AAM_mineral_rich,OOD,0.903066,OOD,1
AAM-retrained (after retrain),68,AAM_mineral_rich,OOD,0.497906,ID,0
AAM-retrained (after retrain),69,AAM_mineral_rich,OOD,0.910399,OOD,1
AAM-retrained (after retrain),70,AAM_mineral_rich,OOD,0.861775,ID,0
AAM-retrained (after retrain),71,AAM_mineral_rich,OOD,0.94203,OOD,1
AAM-retrained (after retrain),72,AAM_mineral_rich,OOD,0.888269,ID,0
AAM-retrained (after retrain),73,AAM_mineral_rich,OOD,0.937131,OOD,1
AAM-retrained (after retrain),74,AAM_mineral_rich,OOD,0.816027,ID,0
AAM-retrained (after retrain),75,AAM_mineral_rich,OOD,0.828829,ID,0
AAM-retrained (after retrain),76,AAM_mineral_rich,OOD,0.853422,ID,0
AAM-retrained (after retrain),77,AAM_mineral_rich,OOD,0.85134,ID,0
AAM-retrained (after retrain),78,AAM_mineral_rich,OOD,0.893285,ID,0
AAM-retrained (after retrain),79,AAM_mineral_rich,OOD,0.827566,ID,0
AAM-retrained (after retrain),80,AAM_mineral_rich,OOD,0.848082,ID,0
AAM-retrained (after retrain),81,AAM_mineral_rich,OOD,0.651475,ID,0
AAM-retrained (after retrain),82,AAM_mineral_rich,OOD,0.852519,ID,0
AAM-retrained (after retrain),83,AAM_mineral_rich,OOD,0.944589,OOD,1
AAM-retrained (after retrain),84,AAM_mineral_rich,OOD,0.823386,ID,0
AAM-retrained (after retrain),85,AAM_mineral_rich,OOD,0.859048,ID,0
AAM-retrained (after retrain),86,AAM_mineral_rich,OOD,0.937792,OOD,1
AAM-retrained (after retrain),87,AAM_mineral_rich,OOD,0.938384,OOD,1
AAM-retrained (after retrain),88,AAM_mineral_rich,OOD,0.89525,ID,0
AAM-retrained (after retrain),89,AAM_mineral_rich,OOD,0.916353,OOD,1
AAM-retrained (after retrain),90,AAM_mineral_rich,OOD,0.839358,ID,0
AAM-retrained (after retrain),91,AAM_mineral_rich,OOD,0.894301,ID,0
AAM-retrained (after retrain),92,AAM_mineral_rich,OOD,0.87817,ID,0
AAM-retrained (after retrain),93,AAM_mineral_rich,OOD,0.575112,ID,0
AAM-retrained (after retrain),94,AAM_mineral_rich,OOD,0.811985,ID,0
AAM-retrained (after retrain),95,AAM_mineral_rich,OOD,0.878209,ID,0
AAM-retrained (after retrain),96,AAM_mineral_rich,OOD,0.571847,ID,0
AAM-retrained (after retrain),97,AAM_mineral_rich,OOD,0.833759,ID,0
AAM-retrained (after retrain),98,AAM_mineral_rich,OOD,1.0,OOD,1
AAM-retrained (after retrain),99,AAM_mineral_rich,OOD,0.912548,OOD,1
AAM-retrained (after retrain),100,AAM_mineral_rich,OOD,0.84833,ID,0
AAM-retrained (after retrain),101,AAM_mineral_rich,OOD,0.917135,OOD,1
AAM-retrained (after retrain),102,AAM_mineral_rich,OOD,0.84806,ID,0
AAM-retrained (after retrain),103,AAM_mineral_rich,OOD,0.876809,ID,0
AAM-retrained (after retrain),104,AAM_mineral_rich,OOD,0.889498,ID,0
AAM-retrained (after retrain),105,AAM_mineral_rich,OOD,0.979314,OOD,1
AAM-retrained (after retrain),106,AAM_mineral_rich,OOD,0.742058,ID,0
AAM-retrained (after retrain),107,AAM_mineral_rich,OOD,0.850908,ID,0
AAM-retrained (after retrain),108,AAM_mineral_rich,OOD,0.498816,ID,0
AAM-retrained (after retrain),109,AAM_mineral_rich,OOD,0.798507,ID,0
AAM-retrained (after retrain),110,AAM_mineral_rich,OOD,0.595575,ID,0
AAM-retrained (after retrain),111,AAM_mineral_rich,OOD,0.861239,ID,0
AAM-retrained (after retrain),112,AAM_mineral_rich,OOD,0.852109,ID,0
AAM-retrained (after retrain),113,AAM_mineral_rich,OOD,0.823912,ID,0
AAM-retrained (after retrain),114,AAM_mineral_rich,OOD,0.922758,OOD,1
AAM-retrained (after retrain),115,AAM_mineral_rich,OOD,0.930919,OOD,1
AAM-retrained (after retrain),116,AAM_mineral_rich,OOD,0.780819,ID,0
AAM-retrained (after retrain),117,AAM_mineral_rich,OOD,0.874972,ID,0
AAM-retrained (after retrain),118,AAM_mineral_rich,OOD,0.926929,OOD,1
AAM-retrained (after retrain),119,AAM_mineral_rich,OOD,0.991755,OOD,1
AAM-retrained (after retrain),120,AAM_mineral_rich,OOD,0.613667,ID,0
AAM-retrained (after retrain),121,AAM_mineral_rich,OOD,0.931089,OOD,1
AAM-retrained (after retrain),122,AAM_mineral_rich,OOD,0.896653,ID,0
AAM-retrained (after retrain),123,AAM_mineral_rich,OOD,0.867455,ID,0
AAM-retrained (after retrain),124,AAM_mineral_rich,OOD,0.890258,ID,0
AAM-retrained (after retrain),125,AAM_mineral_rich,OOD,0.759344,ID,0
AAM-retrained (after retrain),126,AAM_mineral_rich,OOD,0.845767,ID,0
AAM-retrained (after retrain),127,AAM_mineral_rich,OOD,0.829772,ID,0
AAM-retrained (after retrain),128,AAM_mineral_rich,OOD,0.848061,ID,0
AAM-retrained (after retrain),129,AAM_mineral_rich,OOD,0.926055,OOD,1
AAM-retrained (after retrain),130,AAM_mineral_rich,OOD,0.870772,ID,0
AAM-retrained (after retrain),131,AAM_mineral_rich,OOD,0.649897,ID,0
AAM-retrained (after retrain),132,AAM_mineral_rich,OOD,0.836182,ID,0
AAM-retrained (after retrain),133,AAM_mineral_rich,OOD,0.813517,ID,0
AAM-retrained (after retrain),134,AAM_mineral_rich,OOD,0.958775,OOD,1
AAM-retrained (after retrain),135,AAM_mineral_rich,OOD,1.0,OOD,1
AAM-retrained (after retrain),136,AAM_mineral_rich,OOD,1.0,OOD,1
AAM-retrained (after retrain),137,AAM_mineral_rich,OOD,0.941306,OOD,1
AAM-retrained (after retrain),138,AAM_mineral_rich,OOD,0.890947,ID,0
AAM-retrained (after retrain),139,AAM_mineral_rich,OOD,0.838672,ID,0
AAM-retrained (after retrain),140,AAM_mineral_rich,OOD,0.894114,ID,0
AAM-retrained (after retrain),141,AAM_mineral_rich,OOD,0.900901,OOD,1
AAM-retrained (after retrain),142,AAM_mineral_rich,OOD,0.887291,ID,0
AAM-retrained (after retrain),143,AAM_mineral_rich,OOD,0.906338,OOD,1
AAM-retrained (after retrain),144,AAM_mineral_rich,OOD,0.94483,OOD,1
AAM-retrained (after retrain),145,AAM_mineral_rich,OOD,0.883039,ID,0
AAM-retrained (after retrain),146,AAM_mineral_rich,OOD,0.895015,ID,0
AAM-retrained (after retrain),147,AAM_mineral_rich,OOD,0.900039,OOD,1
AAM-retrained (after retrain),148,AAM_mineral_rich,OOD,0.723459,ID,0
AAM-retrained (after retrain),149,AAM_mineral_rich,OOD,0.968364,OOD,1
AAM-retrained (after retrain),150,AAM_mineral_rich,OOD,0.877367,ID,0
AAM-retrained (after retrain),151,AAM_mineral_rich,OOD,0.800429,ID,0
AAM-retrained (after retrain),152,AAM_mineral_rich,OOD,0.867031,ID,0
AAM-retrained (after retrain),153,AAM_mineral_rich,OOD,0.832656,ID,0
AAM-retrained (after retrain),154,AAM_mineral_rich,OOD,0.877643,ID,0
AAM-retrained (after retrain),155,AAM_mineral_rich,OOD,0.86221,ID,0
AAM-retrained (after retrain),156,AAM_mineral_rich,OOD,0.872899,ID,0
AAM-retrained (after retrain),157,AAM_mineral_rich,OOD,0.895823,ID,0
AAM-retrained (after retrain),158,AAM_mineral_rich,OOD,0.878327,ID,0
AAM-retrained (after retrain),159,AAM_mineral_rich,OOD,0.877369,ID,0
AAM-retrained (after retrain),160,AAM_mineral_rich,OOD,1.0,OOD,1
AAM-retrained (after retrain),161,AAM_mineral_rich,OOD,0.848382,ID,0
AAM-retrained (after retrain),162,AAM_mineral_rich,OOD,0.944124,OOD,1
AAM-retrained (after retrain),163,AAM_mineral_rich,OOD,0.847771,ID,0
AAM-retrained (after retrain),164,AAM_mineral_rich,OOD,0.670256,ID,0
AAM-retrained (after retrain),165,AAM_mineral_rich,OOD,0.867145,ID,0
AAM-retrained (after retrain),166,AAM_mineral_rich,OOD,0.844057,ID,0
AAM-retrained (after retrain),167,AAM_mineral_rich,OOD,0.927492,OOD,1
AAM-retrained (after retrain),168,AAM_mineral_rich,OOD,0.828773,ID,0
AAM-retrained (after retrain),169,AAM_mineral_rich,OOD,0.803873,ID,0
AAM-retrained (after retrain),170,AAM_mineral_rich,OOD,0.867432,ID,0
AAM-retrained (after retrain),171,AAM_mineral_rich,OOD,0.474393,ID,0
AAM-retrained (after retrain),172,AAM_mineral_rich,OOD,0.521003,ID,0
AAM-retrained (after retrain),173,AAM_mineral_rich,OOD,0.835128,ID,0
AAM-retrained (after retrain),174,AAM_mineral_rich,OOD,0.911989,OOD,1
AAM-retrained (after retrain),175,AAM_mineral_rich,OOD,0.835052,ID,0
AAM-retrained (after retrain),176,AAM_mineral_rich,OOD,0.827079,ID,0
AAM-retrained (after retrain),177,AAM_mineral_rich,OOD,0.82389,ID,0
AAM-retrained (after retrain),178,AAM_mineral_rich,OOD,0.916376,OOD,1
AAM-retrained (after retrain),179,AAM_mineral_rich,OOD,0.713228,ID,0
AAM-retrained (after retrain),180,AAM_mineral_rich,OOD,0.856759,ID,0
AAM-retrained (after retrain),181,AAM_mineral_rich,OOD,0.876848,ID,0
AAM-retrained (after retrain),182,AAM_mineral_rich,OOD,0.818343,ID,0
AAM-retrained (after retrain),183,AAM_mineral_rich,OOD,0.816733,ID,0
AAM-retrained (after retrain),184,AAM_mineral_rich,OOD,0.853711,ID,0
AAM-retrained (after retrain),185,AAM_mineral_rich,OOD,0.859617,ID,0
AAM-retrained (after retrain),186,AAM_mineral_rich,OOD,0.790014,ID,0
AAM-retrained (after retrain),187,AAM_mineral_rich,OOD,0.841245,ID,0
AAM-retrained (after retrain),188,AAM_mineral_rich,OOD,0.91013,OOD,1
AAM-retrained (after retrain),189,AAM_mineral_rich,OOD,0.904012,OOD,1
AAM-retrained (after retrain),190,AAM_mineral_rich,OOD,0.850727,ID,0
AAM-retrained (after retrain),191,AAM_mineral_rich,OOD,0.905891,OOD,1
AAM-retrained (after retrain),192,AAM_mineral_rich,OOD,0.89066,ID,0
AAM-retrained (after retrain),193,AAM_mineral_rich,OOD,0.8086,ID,0
AAM-retrained (after retrain),194,AAM_mineral_rich,OOD,0.88357,ID,0
AAM-retrained (after retrain),195,AAM_mineral_rich,OOD,0.864829,ID,0
AAM-retrained (after retrain),196,AAM_mineral_rich,OOD,0.830135,ID,0
AAM-retrained (after retrain),197,AAM_mineral_rich,OOD,0.788572,ID,0
AAM-retrained (after retrain),198,AAM_mineral_rich,OOD,0.841855,ID,0
AAM-retrained (after retrain),199,AAM_mineral_rich,OOD,0.954098,OOD,1
AAM-retrained (after retrain),200,AAM_mineral_rich,OOD,0.672812,ID,0
AAM-retrained (after retrain),201,AAM_mineral_rich,OOD,0.883505,ID,0
AAM-retrained (after retrain),202,AAM_mineral_rich,OOD,0.849644,ID,0
AAM-retrained (after retrain),203,AAM_mineral_rich,OOD,0.835335,ID,0
AAM-retrained (after retrain),204,AAM_mineral_rich,OOD,0.940332,OOD,1
AAM-retrained (after retrain),205,AAM_mineral_rich,OOD,0.817525,ID,0
AAM-retrained (after retrain),206,AAM_mineral_rich,OOD,0.868198,ID,0
AAM-retrained (after retrain),207,AAM_mineral_rich,OOD,0.881648,ID,0
AAM-retrained (after retrain),208,AAM_mineral_rich,OOD,0.818816,ID,0
AAM-retrained (after retrain),209,AAM_mineral_rich,OOD,0.851109,ID,0
AAM-retrained (after retrain),210,AAM_mineral_rich,OOD,1.0,OOD,1
AAM-retrained (after retrain),211,AAM_mineral_rich,OOD,0.882346,ID,0
AAM-retrained (after retrain),212,AAM_mineral_rich,OOD,0.906936,OOD,1
AAM-retrained (after retrain),213,AAM_mineral_rich,OOD,0.917737,OOD,1
AAM-retrained (after retrain),214,AAM_mineral_rich,OOD,0.50063,ID,0
AAM-retrained (after retrain),215,AAM_mineral_rich,OOD,0.847822,ID,0
AAM-retrained (after retrain),216,AAM_mineral_rich,OOD,0.814823,ID,0
AAM-retrained (after retrain),217,AAM_mineral_rich,OOD,0.954705,OOD,1
AAM-retrained (after retrain),218,AAM_mineral_rich,OOD,0.905996,OOD,1
AAM-retrained (after retrain),219,AAM_mineral_rich,OOD,0.879948,ID,0
AAM-retrained (after retrain),220,AAM_mineral_rich,OOD,0.933698,OOD,1
AAM-retrained (after retrain),221,AAM_mineral_rich,OOD,0.859906,ID,0
AAM-retrained (after retrain),222,AAM_mineral_rich,OOD,0.675902,ID,0
AAM-retrained (after retrain),223,AAM_mineral_rich,OOD,1.0,OOD,1
AAM-retrained (after retrain),224,AAM_mineral_rich,OOD,0.946189,OOD,1
AAM-retrained (after retrain),225,AAM_mineral_rich,OOD,0.819007,ID,0
AAM-retrained (after retrain),226,AAM_mineral_rich,OOD,1.0,OOD,1
AAM-retrained (after retrain),227,AAM_mineral_rich,OOD,0.395528,ID,0
AAM-retrained (after retrain),228,AAM_mineral_rich,OOD,0.941781,OOD,1
AAM-retrained (after retrain),229,AAM_mineral_rich,OOD,0.89096,ID,0
AAM-retrained (after retrain),230,AAM_mineral_rich,OOD,0.872124,ID,0
AAM-retrained (after retrain),231,AAM_mineral_rich,OOD,0.923474,OOD,1
AAM-retrained (after retrain),232,AAM_mineral_rich,OOD,0.859307,ID,0
AAM-retrained (after retrain),233,AAM_mineral_rich,OOD,0.929244,OOD,1
AAM-retrained (after retrain),234,AAM_mineral_rich,OOD,0.853435,ID,0
AAM-retrained (after retrain),235,AAM_mineral_rich,OOD,0.927531,OOD,1
AAM-retrained (after retrain),236,AAM_mineral_rich,OOD,0.841169,ID,0
AAM-retrained (after retrain),237,AAM_mineral_rich,OOD,0.768248,ID,0
AAM-retrained (after retrain),238,AAM_mineral_rich,OOD,0.814519,ID,0
AAM-retrained (after retrain),239,AAM_mineral_rich,OOD,0.884163,ID,0
AAM-retrained (after retrain),240,AAM_mineral_rich,OOD,1.0,OOD,1
AAM-retrained (after retrain),241,AAM_mineral_rich,OOD,0.868047,ID,0
AAM-retrained (after retrain),242,AAM_mineral_rich,OOD,0.784634,ID,0
AAM-retrained (after retrain),243,AAM_mineral_rich,OOD,0.886712,ID,0
AAM-retrained (after retrain),244,AAM_mineral_rich,OOD,0.921422,OOD,1
AAM-retrained (after retrain),245,AAM_mineral_rich,OOD,0.88824,ID,0
AAM-retrained (after retrain),246,AAM_mineral_rich,OOD,0.843673,ID,0
AAM-retrained (after retrain),247,AAM_mineral_rich,OOD,0.566832,ID,0
AAM-retrained (after retrain),248,AAM_mineral_rich,OOD,0.903684,OOD,1
AAM-retrained (after retrain),249,AAM_mineral_rich,OOD,0.54752,ID,0
AAM-retrained (after retrain),250,AAM_mineral_rich,OOD,0.408448,ID,0
AAM-retrained (after retrain),251,AAM_mineral_rich,OOD,0.887521,ID,0
AAM-retrained (after retrain),252,AAM_mineral_rich,OOD,0.853165,ID,0
AAM-retrained (after retrain),253,AAM_mineral_rich,OOD,0.8711,ID,0
AAM-retrained (after retrain),254,AAM_mineral_rich,OOD,0.478843,ID,0
AAM-retrained (after retrain),255,AAM_mineral_rich,OOD,0.886804,ID,0
AAM-retrained (after retrain),256,AAM_mineral_rich,OOD,0.868391,ID,0
AAM-retrained (after retrain),257,AAM_mineral_rich,OOD,0.880476,ID,0
AAM-retrained (after retrain),258,AAM_mineral_rich,OOD,0.963007,OOD,1
AAM-retrained (after retrain),259,AAM_mineral_rich,OOD,0.876988,ID,0
AAM-retrained (after retrain),260,AAM_mineral_rich,OOD,0.955955,OOD,1
AAM-retrained (after retrain),261,AAM_mineral_rich,OOD,0.901188,OOD,1
AAM-retrained (after retrain),262,AAM_mineral_rich,OOD,0.869507,ID,0
AAM-retrained (after retrain),263,AAM_mineral_rich,OOD,1.0,OOD,1
AAM-retrained (after retrain),264,AAM_mineral_rich,OOD,0.92177,OOD,1
AAM-retrained (after retrain),265,AAM_mineral_rich,OOD,0.989783,OOD,1
AAM-retrained (after retrain),266,AAM_mineral_rich,OOD,0.998957,OOD,1
AAM-retrained (after retrain),267,AAM_mineral_rich,OOD,0.416524,ID,0
AAM-retrained (after retrain),268,AAM_mineral_rich,OOD,0.957053,OOD,1
AAM-retrained (after retrain),269,AAM_mineral_rich,OOD,0.825261,ID,0
AAM-retrained (after retrain),270,AAM_mineral_rich,OOD,0.63362,ID,0
AAM-retrained (after retrain),271,AAM_mineral_rich,OOD,0.884141,ID,0
AAM-retrained (after retrain),272,AAM_mineral_rich,OOD,0.82632,ID,0
AAM-retrained (after retrain),273,AAM_mineral_rich,OOD,1.0,OOD,1
AAM-retrained (after retrain),274,AAM_mineral_rich,OOD,0.874598,ID,0
AAM-retrained (after retrain),275,AAM_mineral_rich,OOD,0.871308,ID,0
AAM-retrained (after retrain),276,AAM_mineral_rich,OOD,0.944776,OOD,1
AAM-retrained (after retrain),277,AAM_mineral_rich,OOD,1.0,OOD,1
AAM-retrained (after retrain),278,AAM_mineral_rich,OOD,0.874359,ID,0
AAM-retrained (after retrain),279,AAM_mineral_rich,OOD,0.833818,ID,0
AAM-retrained (after retrain),280,AAM_mineral_rich,OOD,0.928325,OOD,1
AAM-retrained (after retrain),281,AAM_mineral_rich,OOD,0.933956,OOD,1
AAM-retrained (after retrain),282,AAM_mineral_rich,OOD,0.897731,ID,0
AAM-retrained (after retrain),283,AAM_mineral_rich,OOD,0.84832,ID,0
AAM-retrained (after retrain),284,AAM_mineral_rich,OOD,0.905142,OOD,1
AAM-retrained (after retrain),285,AAM_mineral_rich,OOD,0.902761,OOD,1
AAM-retrained (after retrain),286,AAM_mineral_rich,OOD,0.843398,ID,0
AAM-retrained (after retrain),287,AAM_mineral_rich,OOD,0.850499,ID,0
AAM-retrained (after retrain),288,AAM_mineral_rich,OOD,0.957152,OOD,1
AAM-retrained (after retrain),289,AAM_mineral_rich,OOD,0.86712,ID,0
AAM-retrained (after retrain),290,AAM_mineral_rich,OOD,0.62307,ID,0
AAM-retrained (after retrain),291,AAM_mineral_rich,OOD,0.51955,ID,0
AAM-retrained (after retrain),292,AAM_mineral_rich,OOD,0.830993,ID,0
AAM-retrained (after retrain),293,AAM_mineral_rich,OOD,0.791079,ID,0
AAM-retrained (after retrain),294,AAM_mineral_rich,OOD,0.883131,ID,0
AAM-retrained (after retrain),295,AAM_mineral_rich,OOD,0.975739,OOD,1
AAM-retrained (after retrain),296,AAM_mineral_rich,OOD,0.886748,ID,0
AAM-retrained (after retrain),297,AAM_mineral_rich,OOD,0.848775,ID,0
AAM-retrained (after retrain),298,AAM_mineral_rich,OOD,0.833832,ID,0
AAM-retrained (after retrain),299,AAM_mineral_rich,OOD,0.622581,ID,0
AAM-retrained (after retrain),300,AAM_mineral_rich,OOD,0.923988,OOD,1
AAM-retrained (after retrain),301,AAM_mineral_rich,OOD,0.919934,OOD,1
AAM-retrained (after retrain),302,AAM_mineral_rich,OOD,0.8576,ID,0
AAM-retrained (after retrain),303,AAM_mineral_rich,OOD,0.805032,ID,0
AAM-retrained (after retrain),304,AAM_mineral_rich,OOD,0.780296,ID,0
AAM-retrained (after retrain),305,AAM_mineral_rich,OOD,0.859635,ID,0
AAM-retrained (after retrain),306,AAM_mineral_rich,OOD,0.822349,ID,0
AAM-retrained (after retrain),307,AAM_mineral_rich,OOD,0.845963,ID,0
AAM-retrained (after retrain),308,AAM_mineral_rich,OOD,0.928541,OOD,1
AAM-retrained (after retrain),309,AAM_mineral_rich,OOD,1.0,OOD,1
AAM-retrained (after retrain),310,AAM_mineral_rich,OOD,0.886256,ID,0
AAM-retrained (after retrain),311,AAM_mineral_rich,OOD,0.828713,ID,0
AAM-retrained (after retrain),312,AAM_mineral_rich,OOD,0.89424,ID,0
AAM-retrained (after retrain),313,AAM_mineral_rich,OOD,0.830295,ID,0
AAM-retrained (after retrain),314,AAM_mineral_rich,OOD,0.944778,OOD,1
AAM-retrained (after retrain),315,AAM_mineral_rich,OOD,1.0,OOD,1
AAM-retrained (after retrain),316,AAM_mineral_rich,OOD,0.843592,ID,0
AAM-retrained (after retrain),317,AAM_mineral_rich,OOD,0.784839,ID,0
AAM-retrained (after retrain),318,AAM_mineral_rich,OOD,0.531223,ID,0
AAM-retrained (after retrain),319,AAM_mineral_rich,OOD,1.0,OOD,1
AAM-retrained (after retrain),320,AAM_mineral_rich,OOD,0.916124,OOD,1
AAM-retrained (after retrain),321,AAM_mineral_rich,OOD,0.901252,OOD,1
AAM-retrained (after retrain),322,AAM_mineral_rich,OOD,0.810908,ID,0
AAM-retrained (after retrain),323,AAM_mineral_rich,OOD,0.888252,ID,0
AAM-retrained (after retrain),324,AAM_mineral_rich,OOD,0.837406,ID,0
AAM-retrained (after retrain),325,AAM_mineral_rich,OOD,0.659869,ID,0
AAM-retrained (after retrain),326,AAM_mineral_rich,OOD,0.704819,ID,0
AAM-retrained (after retrain),327,AAM_mineral_rich,OOD,0.430771,ID,0
AAM-retrained (after retrain),328,AAM_mineral_rich,OOD,0.919243,OOD,1
AAM-retrained (after retrain),329,AAM_mineral_rich,OOD,0.842096,ID,0
AAM-retrained (after retrain),330,AAM_mineral_rich,OOD,0.900477,OOD,1
AAM-retrained (after retrain),331,AAM_mineral_rich,OOD,0.880313,ID,0
AAM-retrained (after retrain),332,AAM_mineral_rich,OOD,0.893121,ID,0
AAM-retrained (after retrain),333,AAM_mineral_rich,OOD,0.856453,ID,0
AAM-retrained (after retrain),334,AAM_mineral_rich,OOD,0.872145,ID,0
AAM-retrained (after retrain),335,AAM_mineral_rich,OOD,0.910741,OOD,1
AAM-retrained (after retrain),336,AAM_mineral_rich,OOD,0.7871,ID,0
AAM-retrained (after retrain),337,AAM_mineral_rich,OOD,0.917379,OOD,1
AAM-retrained (after retrain),338,AAM_mineral_rich,OOD,0.861127,ID,0
AAM-retrained (after retrain),339,AAM_mineral_rich,OOD,0.893937,ID,0
AAM-retrained (after retrain),340,AAM_mineral_rich,OOD,0.749805,ID,0
AAM-retrained (after retrain),341,AAM_mineral_rich,OOD,0.792457,ID,0
AAM-retrained (after retrain),342,AAM_mineral_rich,OOD,0.87501,ID,0
AAM-retrained (after retrain),343,AAM_mineral_rich,OOD,0.867747,ID,0
AAM-retrained (after retrain),344,AAM_mineral_rich,OOD,0.883479,ID,0
AAM-retrained (after retrain),345,AAM_mineral_rich,OOD,0.994541,OOD,1
AAM-retrained (after retrain),346,AAM_mineral_rich,OOD,0.750967,ID,0
AAM-retrained (after retrain),347,AAM_mineral_rich,OOD,0.721743,ID,0
AAM-retrained (after retrain),348,AAM_mineral_rich,OOD,0.882311,ID,0
AAM-retrained (after retrain),349,AAM_mineral_rich,OOD,0.883923,ID,0
AAM-retrained (after retrain),350,AAM_mineral_rich,OOD,0.868315,ID,0
AAM-retrained (after retrain),351,AAM_mineral_rich,OOD,0.8446,ID,0
AAM-retrained (after retrain),352,AAM_mineral_rich,OOD,0.857641,ID,0
AAM-retrained (after retrain),353,AAM_mineral_rich,OOD,0.901196,OOD,1
AAM-retrained (after retrain),354,AAM_mineral_rich,OOD,0.918119,OOD,1
AAM-retrained (after retrain),355,AAM_mineral_rich,OOD,0.952294,OOD,1
AAM-retrained (after retrain),356,AAM_mineral_rich,OOD,0.812161,ID,0
AAM-retrained (after retrain),357,AAM_mineral_rich,OOD,0.900386,OOD,1
AAM-retrained (after retrain),358,AAM_mineral_rich,OOD,0.827294,ID,0
AAM-retrained (after retrain),359,AAM_mineral_rich,OOD,0.912916,OOD,1
AAM-retrained (after retrain),360,AAM_mineral_rich,OOD,0.76799,ID,0
AAM-retrained (after retrain),361,AAM_mineral_rich,OOD,0.491816,ID,0
AAM-retrained (after retrain),362,AAM_mineral_rich,OOD,0.929018,OOD,1
AAM-retrained (after retrain),363,AAM_mineral_rich,OOD,0.866447,ID,0
AAM-retrained (after retrain),364,AAM_mineral_rich,OOD,0.861078,ID,0
AAM-retrained (after retrain),365,AAM_mineral_rich,OOD,0.845461,ID,0
AAM-retrained (after retrain),366,AAM_mineral_rich,OOD,0.862566,ID,0
AAM-retrained (after retrain),367,AAM_mineral_rich,OOD,0.897248,ID,0
AAM-retrained (after retrain),368,AAM_mineral_rich,OOD,0.82965,ID,0
AAM-retrained (after retrain),369,AAM_mineral_rich,OOD,0.555103,ID,0
AAM-retrained (after retrain),370,AAM_mineral_rich,OOD,0.851007,ID,0
AAM-retrained (after retrain),371,AAM_mineral_rich,OOD,0.835297,ID,0
AAM-retrained (after retrain),372,AAM_mineral_rich,OOD,0.884434,ID,0
AAM-retrained (after retrain),373,AAM_mineral_rich,OOD,0.835804,ID,0
AAM-retrained (after retrain),374,AAM_mineral_rich,OOD,0.896488,ID,0
AAM-retrained (after retrain),375,AAM_mineral_rich,OOD,0.854107,ID,0
AAM-retrained (after retrain),376,AAM_mineral_rich,OOD,0.889346,ID,0
AAM-retrained (after retrain),377,AAM_mineral_rich,OOD,0.863023,ID,0
AAM-retrained (after retrain),378,AAM_mineral_rich,OOD,0.900394,OOD,1
AAM-retrained (after retrain),379,AAM_mineral_rich,OOD,0.842004,ID,0
AAM-retrained (after retrain),380,AAM_mineral_rich,OOD,0.873499,ID,0
AAM-retrained (after retrain),381,AAM_mineral_rich,OOD,0.679882,ID,0
AAM-retrained (after retrain),382,AAM_mineral_rich,OOD,0.898581,OOD,1
AAM-retrained (after retrain),383,AAM_mineral_rich,OOD,0.747212,ID,0
AAM-retrained (after retrain),384,AAM_mineral_rich,OOD,0.657863,ID,0
AAM-retrained (after retrain),385,AAM_mineral_rich,OOD,0.89027,ID,0
AAM-retrained (after retrain),386,AAM_mineral_rich,OOD,0.835672,ID,0
AAM-retrained (after retrain),387,AAM_mineral_rich,OOD,0.889871,ID,0
AAM-retrained (after retrain),388,AAM_mineral_rich,OOD,0.997788,OOD,1
AAM-retrained (after retrain),389,AAM_mineral_rich,OOD,0.612876,ID,0
AAM-retrained (after retrain),390,AAM_mineral_rich,OOD,0.894903,ID,0
AAM-retrained (after retrain),391,AAM_mineral_rich,OOD,0.871355,ID,0
AAM-retrained (after retrain),392,AAM_mineral_rich,OOD,0.563307,ID,0
AAM-retrained (after retrain),393,AAM_mineral_rich,OOD,0.892905,ID,0
AAM-retrained (after retrain),394,AAM_mineral_rich,OOD,0.842431,ID,0
AAM-retrained (after retrain),395,AAM_mineral_rich,OOD,0.930235,OOD,1
AAM-retrained (after retrain),396,AAM_mineral_rich,OOD,0.533907,ID,0
AAM-retrained (after retrain),397,AAM_mineral_rich,OOD,0.97231,OOD,1
AAM-retrained (after retrain),398,AAM_mineral_rich,OOD,0.836272,ID,0
AAM-retrained (after retrain),399,AAM_mineral_rich,OOD,0.862899,ID,0
AAM-retrained (after retrain),400,AAM_mineral_rich,OOD,0.873324,ID,0
AAM-retrained (after retrain),401,AAM_mineral_rich,OOD,0.854957,ID,0
AAM-retrained (after retrain),402,AAM_mineral_rich,OOD,0.838427,ID,0
AAM-retrained (after retrain),403,AAM_mineral_rich,OOD,0.839163,ID,0
AAM-retrained (after retrain),404,AAM_mineral_rich,OOD,0.912542,OOD,1
AAM-retrained (after retrain),405,AAM_mineral_rich,OOD,0.90958,OOD,1
AAM-retrained (after retrain),406,AAM_mineral_rich,OOD,0.876512,ID,0
AAM-retrained (after retrain),407,AAM_mineral_rich,OOD,0.515442,ID,0
AAM-retrained (after retrain),408,AAM_mineral_rich,OOD,0.915276,OOD,1
AAM-retrained (after retrain),409,AAM_mineral_rich,OOD,0.825588,ID,0
AAM-retrained (after retrain),410,AAM_mineral_rich,OOD,0.898929,OOD,1
AAM-retrained (after retrain),411,AAM_mineral_rich,OOD,0.743763,ID,0
AAM-retrained (after retrain),412,AAM_mineral_rich,OOD,0.890838,ID,0
AAM-retrained (after retrain),413,AAM_mineral_rich,OOD,0.665331,ID,0
AAM-retrained (after retrain),414,AAM_mineral_rich,OOD,0.901851,OOD,1
AAM-retrained (after retrain),415,AAM_mineral_rich,OOD,0.84967,ID,0
AAM-retrained (after retrain),416,AAM_mineral_rich,OOD,0.936706,OOD,1
AAM-retrained (after retrain),417,AAM_mineral_rich,OOD,0.87011,ID,0
AAM-retrained (after retrain),418,AAM_mineral_rich,OOD,0.84368,ID,0
AAM-retrained (after retrain),419,AAM_mineral_rich,OOD,0.729513,ID,0
AAM-retrained (after retrain),420,AAM_mineral_rich,OOD,0.934358,OOD,1
AAM-retrained (after retrain),421,AAM_mineral_rich,OOD,1.0,OOD,1
AAM-retrained (after retrain),422,AAM_mineral_rich,OOD,0.878049,ID,0
AAM-retrained (after retrain),423,AAM_mineral_rich,OOD,0.798274,ID,0
AAM-retrained (after retrain),424,AAM_mineral_rich,OOD,0.848795,ID,0
AAM-retrained (after retrain),425,AAM_mineral_rich,OOD,0.788872,ID,0
AAM-retrained (after retrain),426,AAM_mineral_rich,OOD,0.852153,ID,0
AAM-retrained (after retrain),427,AAM_mineral_rich,OOD,0.864748,ID,0
AAM-retrained (after retrain),428,AAM_mineral_rich,OOD,0.893686,ID,0
AAM-retrained (after retrain),429,AAM_mineral_rich,OOD,0.946327,OOD,1
AAM-retrained (after retrain),430,AAM_mineral_rich,OOD,0.830744,ID,0
AAM-retrained (after retrain),431,AAM_mineral_rich,OOD,0.68424,ID,0
AAM-retrained (after retrain),432,AAM_mineral_rich,OOD,0.749657,ID,0
AAM-retrained (after retrain),433,AAM_mineral_rich,OOD,0.91115,OOD,1
AAM-retrained (after retrain),434,AAM_mineral_rich,OOD,0.889314,ID,0
AAM-retrained (after retrain),435,AAM_mineral_rich,OOD,0.512259,ID,0
AAM-retrained (after retrain),436,AAM_mineral_rich,OOD,0.920807,OOD,1
AAM-retrained (after retrain),437,AAM_mineral_rich,OOD,0.89358,ID,0
AAM-retrained (after retrain),438,AAM_mineral_rich,OOD,0.740523,ID,0
AAM-retrained (after retrain),439,AAM_mineral_rich,OOD,1.0,OOD,1
AAM-retrained (after retrain),440,AAM_mineral_rich,OOD,0.910975,OOD,1
AAM-retrained (after retrain),441,AAM_mineral_rich,OOD,0.839425,ID,0
AAM-retrained (after retrain),442,AAM_mineral_rich,OOD,0.773929,ID,0
AAM-retrained (after retrain),443,AAM_mineral_rich,OOD,0.368579,ID,0
AAM-retrained (after retrain),444,AAM_mineral_rich,OOD,1.0,OOD,1
AAM-retrained (after retrain),445,AAM_mineral_rich,OOD,0.879821,ID,0
AAM-retrained (after retrain),446,AAM_mineral_rich,OOD,0.867154,ID,0
AAM-retrained (after retrain),447,AAM_mineral_rich,OOD,0.891099,ID,0
AAM-retrained (after retrain),448,AAM_mineral_rich,OOD,0.888513,ID,0
AAM-retrained (after retrain),449,AAM_mineral_rich,OOD,0.915821,OOD,1
AAM-retrained (after retrain),450,AAM_mineral_rich,OOD,0.862171,ID,0
AAM-retrained (after retrain),451,AAM_mineral_rich,OOD,0.858282,ID,0
AAM-retrained (after retrain),452,AAM_mineral_rich,OOD,0.847101,ID,0
AAM-retrained (after retrain),453,AAM_mineral_rich,OOD,0.885615,ID,0
AAM-retrained (after retrain),454,AAM_mineral_rich,OOD,0.935135,OOD,1
AAM-retrained (after retrain),455,AAM_mineral_rich,OOD,0.904303,OOD,1
AAM-retrained (after retrain),456,AAM_mineral_rich,OOD,0.803809,ID,0
AAM-retrained (after retrain),457,AAM_mineral_rich,OOD,0.895857,ID,0
AAM-retrained (after retrain),458,AAM_mineral_rich,OOD,0.84907,ID,0
AAM-retrained (after retrain),459,AAM_mineral_rich,OOD,0.920788,OOD,1
AAM-retrained (after retrain),460,AAM_mineral_rich,OOD,0.876049,ID,0
AAM-retrained (after retrain),461,AAM_mineral_rich,OOD,0.895141,ID,0
AAM-retrained (after retrain),462,AAM_mineral_rich,OOD,0.450275,ID,0
AAM-retrained (after retrain),463,AAM_mineral_rich,OOD,0.931923,OOD,1
AAM-retrained (after retrain),464,AAM_mineral_rich,OOD,0.515732,ID,0
AAM-retrained (after retrain),465,AAM_mineral_rich,OOD,0.884513,ID,0
AAM-retrained (after retrain),466,AAM_mineral_rich,OOD,0.867374,ID,0
AAM-retrained (after retrain),467,AAM_mineral_rich,OOD,0.864051,ID,0
AAM-retrained (after retrain),468,AAM_mineral_rich,OOD,0.704037,ID,0
AAM-retrained (after retrain),469,AAM_mineral_rich,OOD,1.0,OOD,1
AAM-retrained (after retrain),470,AAM_mineral_rich,OOD,0.907855,OOD,1
AAM-retrained (after retrain),471,AAM_mineral_rich,OOD,1.0,OOD,1
AAM-retrained (after retrain),472,AAM_mineral_rich,OOD,0.785599,ID,0
AAM-retrained (after retrain),473,AAM_mineral_rich,OOD,0.88181,ID,0
AAM-retrained (after retrain),474,AAM_mineral_rich,OOD,0.932576,OOD,1
AAM-retrained (after retrain),475,AAM_mineral_rich,OOD,0.844544,ID,0
AAM-retrained (after retrain),476,AAM_mineral_rich,OOD,0.71785,ID,0
AAM-retrained (after retrain),477,AAM_mineral_rich,OOD,0.899916,OOD,1
AAM-retrained (after retrain),478,AAM_mineral_rich,OOD,0.960253,OOD,1
AAM-retrained (after retrain),479,AAM_mineral_rich,OOD,0.83388,ID,0
AAM-retrained (after retrain),480,AAM_mineral_rich,OOD,0.833119,ID,0
AAM-retrained (after retrain),481,AAM_mineral_rich,OOD,0.873765,ID,0
AAM-retrained (after retrain),482,AAM_mineral_rich,OOD,0.898306,ID,0
AAM-retrained (after retrain),483,AAM_mineral_rich,OOD,0.858859,ID,0
AAM-retrained (after retrain),484,AAM_mineral_rich,OOD,0.841776,ID,0
AAM-retrained (after retrain),485,AAM_mineral_rich,OOD,0.865462,ID,0
AAM-retrained (after retrain),486,AAM_mineral_rich,OOD,0.848323,ID,0
AAM-retrained (after retrain),487,AAM_mineral_rich,OOD,0.762625,ID,0
AAM-retrained (after retrain),488,AAM_mineral_rich,OOD,0.784206,ID,0
AAM-retrained (after retrain),489,AAM_mineral_rich,OOD,0.921811,OOD,1
AAM-retrained (after retrain),490,AAM_mineral_rich,OOD,0.864938,ID,0
AAM-retrained (after retrain),491,AAM_mineral_rich,OOD,0.911234,OOD,1
AAM-retrained (after retrain),492,AAM_mineral_rich,OOD,0.896922,ID,0
AAM-retrained (after retrain),493,AAM_mineral_rich,OOD,0.693768,ID,0
AAM-retrained (after retrain),494,AAM_mineral_rich,OOD,0.780077,ID,0
AAM-retrained (after retrain),495,AAM_mineral_rich,OOD,0.45639,ID,0
AAM-retrained (after retrain),496,AAM_mineral_rich,OOD,0.897964,ID,0
AAM-retrained (after retrain),497,AAM_mineral_rich,OOD,0.514876,ID,0
AAM-retrained (after retrain),498,AAM_mineral_rich,OOD,0.95978,OOD,1
AAM-retrained (after retrain),499,AAM_mineral_rich,OOD,0.949376,OOD,1
AAM-retrained (after retrain),500,AAM_mineral_rich,OOD,0.901604,OOD,1
AAM-retrained (after retrain),501,AAM_mineral_rich,OOD,0.574915,ID,0
AAM-retrained (after retrain),502,AAM_mineral_rich,OOD,0.963871,OOD,1
AAM-retrained (after retrain),503,AAM_mineral_rich,OOD,0.872937,ID,0
AAM-retrained (after retrain),504,AAM_mineral_rich,OOD,0.918636,OOD,1
AAM-retrained (after retrain),505,AAM_mineral_rich,OOD,0.946671,OOD,1
AAM-retrained (after retrain),506,AAM_mineral_rich,OOD,1.0,OOD,1
AAM-retrained (after retrain),507,AAM_mineral_rich,OOD,0.863194,ID,0
AAM-retrained (after retrain),508,AAM_mineral_rich,OOD,0.869078,ID,0
AAM-retrained (after retrain),509,AAM_mineral_rich,OOD,0.871091,ID,0
AAM-retrained (after retrain),510,AAM_mineral_rich,OOD,0.865139,ID,0
AAM-retrained (after retrain),511,AAM_mineral_rich,OOD,0.904228,OOD,1
AAM-retrained (after retrain),512,AAM_mineral_rich,OOD,0.939646,OOD,1
AAM-retrained (after retrain),513,AAM_mineral_rich,OOD,0.881209,ID,0
AAM-retrained (after retrain),514,AAM_mineral_rich,OOD,0.84212,ID,0
AAM-retrained (after retrain),515,AAM_mineral_rich,OOD,0.93519,OOD,1
AAM-retrained (after retrain),516,AAM_mineral_rich,OOD,0.934623,OOD,1
AAM-retrained (after retrain),517,AAM_mineral_rich,OOD,0.888906,ID,0
AAM-retrained (after retrain),518,AAM_mineral_rich,OOD,0.788222,ID,0
AAM-retrained (after retrain),519,AAM_mineral_rich,OOD,1.0,OOD,1
AAM-retrained (after retrain),520,AAM_mineral_rich,OOD,0.889765,ID,0
AAM-retrained (after retrain),521,AAM_mineral_rich,OOD,0.601992,ID,0
AAM-retrained (after retrain),522,AAM_mineral_rich,OOD,0.874702,ID,0
AAM-retrained (after retrain),523,AAM_mineral_rich,OOD,0.715224,ID,0
AAM-retrained (after retrain),524,AAM_mineral_rich,OOD,0.852096,ID,0
AAM-retrained (after retrain),525,AAM_mineral_rich,OOD,0.942317,OOD,1
AAM-retrained (after retrain),526,AAM_mineral_rich,OOD,0.867789,ID,0
AAM-retrained (after retrain),527,AAM_mineral_rich,OOD,0.872998,ID,0
AAM-retrained (after retrain),528,AAM_mineral_rich,OOD,0.592635,ID,0
AAM-retrained (after retrain),529,AAM_mineral_rich,OOD,0.863492,ID,0
AAM-retrained (after retrain),530,AAM_mineral_rich,OOD,0.814398,ID,0
AAM-retrained (after retrain),531,AAM_mineral_rich,OOD,0.855537,ID,0
AAM-retrained (after retrain),532,AAM_mineral_rich,OOD,0.978612,OOD,1
AAM-retrained (after retrain),533,AAM_mineral_rich,OOD,0.859743,ID,0
AAM-retrained (after retrain),534,AAM_mineral_rich,OOD,0.872451,ID,0
AAM-retrained (after retrain),535,AAM_mineral_rich,OOD,0.959824,OOD,1
AAM-retrained (after retrain),536,AAM_mineral_rich,OOD,0.842661,ID,0
AAM-retrained (after retrain),537,AAM_mineral_rich,OOD,0.794141,ID,0
AAM-retrained (after retrain),538,AAM_mineral_rich,OOD,0.836587,ID,0
AAM-retrained (after retrain),539,AAM_mineral_rich,OOD,0.888834,ID,0
AAM-retrained (after retrain),540,AAM_mineral_rich,OOD,0.886972,ID,0
AAM-retrained (after retrain),541,AAM_mineral_rich,OOD,0.868909,ID,0
AAM-retrained (after retrain),542,AAM_mineral_rich,OOD,0.438791,ID,0
AAM-retrained (after retrain),543,AAM_mineral_rich,OOD,0.722415,ID,0
AAM-retrained (after retrain),544,AAM_mineral_rich,OOD,1.0,OOD,1
AAM-retrained (after retrain),545,AAM_mineral_rich,OOD,0.96861,OOD,1
AAM-retrained (after retrain),546,AAM_mineral_rich,OOD,0.948047,OOD,1
AAM-retrained (after retrain),547,AAM_mineral_rich,OOD,0.880137,ID,0
AAM-retrained (after retrain),548,AAM_mineral_rich,OOD,0.835421,ID,0
AAM-retrained (after retrain),549,AAM_mineral_rich,OOD,0.809382,ID,0
AAM-retrained (after retrain),550,AAM_mineral_rich,OOD,0.592314,ID,0
AAM-retrained (after retrain),551,AAM_mineral_rich,OOD,1.0,OOD,1
AAM-retrained (after retrain),552,AAM_mineral_rich,OOD,0.877386,ID,0
AAM-retrained (after retrain),553,AAM_mineral_rich,OOD,0.876522,ID,0
AAM-retrained (after retrain),554,AAM_mineral_rich,OOD,0.89336,ID,0
AAM-retrained (after retrain),555,AAM_mineral_rich,OOD,0.831457,ID,0
AAM-retrained (after retrain),556,AAM_mineral_rich,OOD,0.923561,OOD,1
AAM-retrained (after retrain),557,AAM_mineral_rich,OOD,0.904554,OOD,1
AAM-retrained (after retrain),558,AAM_mineral_rich,OOD,0.973971,OOD,1
AAM-retrained (after retrain),559,AAM_mineral_rich,OOD,0.864744,ID,0
AAM-retrained (after retrain),560,AAM_mineral_rich,OOD,0.892623,ID,0
AAM-retrained (after retrain),561,AAM_mineral_rich,OOD,0.917637,OOD,1
AAM-retrained (after retrain),562,AAM_mineral_rich,OOD,0.526157,ID,0
AAM-retrained (after retrain),563,AAM_mineral_rich,OOD,0.908588,OOD,1
AAM-retrained (after retrain),564,AAM_mineral_rich,OOD,0.894388,ID,0
AAM-retrained (after retrain),565,AAM_mineral_rich,OOD,0.888347,ID,0
AAM-retrained (after retrain),566,AAM_mineral_rich,OOD,0.963414,OOD,1
AAM-retrained (after retrain),567,AAM_mineral_rich,OOD,0.652058,ID,0
AAM-retrained (after retrain),568,AAM_mineral_rich,OOD,0.916661,OOD,1
AAM-retrained (after retrain),569,AAM_mineral_rich,OOD,1.0,OOD,1
AAM-retrained (after retrain),570,AAM_mineral_rich,OOD,0.857427,ID,0
AAM-retrained (after retrain),571,AAM_mineral_rich,OOD,1.0,OOD,1
AAM-retrained (after retrain),572,AAM_mineral_rich,OOD,0.876884,ID,0
AAM-retrained (after retrain),573,AAM_mineral_rich,OOD,0.873696,ID,0
AAM-retrained (after retrain),574,AAM_mineral_rich,OOD,0.87221,ID,0
AAM-retrained (after retrain),575,AAM_mineral_rich,OOD,0.856564,ID,0
AAM-retrained (after retrain),576,AAM_mineral_rich,OOD,0.974465,OOD,1
AAM-retrained (after retrain),577,AAM_mineral_rich,OOD,0.911226,OOD,1
AAM-retrained (after retrain),578,AAM_mineral_rich,OOD,0.539021,ID,0
AAM-retrained (after retrain),579,AAM_mineral_rich,OOD,0.750619,ID,0
AAM-retrained (after retrain),580,AAM_mineral_rich,OOD,0.893651,ID,0
AAM-retrained (after retrain),581,AAM_mineral_rich,OOD,0.864004,ID,0
AAM-retrained (after retrain),582,AAM_mineral_rich,OOD,0.88346,ID,0
AAM-retrained (after retrain),583,AAM_mineral_rich,OOD,0.970969,OOD,1
AAM-retrained (after retrain),584,AAM_mineral_rich,OOD,0.628465,ID,0
AAM-retrained (after retrain),585,AAM_mineral_rich,OOD,0.956512,OOD,1
AAM-retrained (after retrain),586,AAM_mineral_rich,OOD,0.846046,ID,0
AAM-retrained (after retrain),587,AAM_mineral_rich,OOD,0.474522,ID,0
AAM-retrained (after retrain),588,AAM_mineral_rich,OOD,0.865901,ID,0
AAM-retrained (after retrain),589,AAM_mineral_rich,OOD,0.863568,ID,0
AAM-retrained (after retrain),590,AAM_mineral_rich,OOD,0.84908,ID,0
AAM-retrained (after retrain),591,AAM_mineral_rich,OOD,0.850549,ID,0
AAM-retrained (after retrain),592,AAM_mineral_rich,OOD,0.377486,ID,0
AAM-retrained (after retrain),593,AAM_mineral_rich,OOD,0.858138,ID,0
AAM-retrained (after retrain),594,AAM_mineral_rich,OOD,0.882871,ID,0
AAM-retrained (after retrain),595,AAM_mineral_rich,OOD,0.988916,OOD,1
AAM-retrained (after retrain),596,AAM_mineral_rich,OOD,0.93984,OOD,1
AAM-retrained (after retrain),597,AAM_mineral_rich,OOD,0.804644,ID,0
AAM-retrained (after retrain),598,AAM_mineral_rich,OOD,1.0,OOD,1
AAM-retrained (after retrain),599,AAM_mineral_rich,OOD,0.901462,OOD,1
AAM-retrained (after retrain),600,AAM_mineral_rich,OOD,0.875799,ID,0
AAM-retrained (after retrain),601,AAM_mineral_rich,OOD,0.89124,ID,0
AAM-retrained (after retrain),602,AAM_mineral_rich,OOD,0.94195,OOD,1
AAM-retrained (after retrain),603,AAM_mineral_rich,OOD,0.862687,ID,0
AAM-retrained (after retrain),604,AAM_mineral_rich,OOD,0.864554,ID,0
AAM-retrained (after retrain),605,AAM_mineral_rich,OOD,0.843257,ID,0
AAM-retrained (after retrain),606,AAM_mineral_rich,OOD,0.843539,ID,0
AAM-retrained (after retrain),607,AAM_mineral_rich,OOD,0.814746,ID,0
AAM-retrained (after retrain),608,AAM_mineral_rich,OOD,0.942455,OOD,1
AAM-retrained (after retrain),609,AAM_mineral_rich,OOD,0.853492,ID,0
AAM-retrained (after retrain),610,AAM_mineral_rich,OOD,0.859312,ID,0
AAM-retrained (after retrain),611,AAM_mineral_rich,OOD,0.798131,ID,0
AAM-retrained (after retrain),612,AAM_mineral_rich,OOD,0.834606,ID,0
AAM-retrained (after retrain),613,AAM_mineral_rich,OOD,0.877266,ID,0
AAM-retrained (after retrain),614,AAM_mineral_rich,OOD,0.922898,OOD,1
AAM-retrained (after retrain),615,AAM_mineral_rich,OOD,0.852799,ID,0
AAM-retrained (after retrain),616,AAM_mineral_rich,OOD,0.586805,ID,0
AAM-retrained (after retrain),617,AAM_mineral_rich,OOD,1.0,OOD,1
AAM-retrained (after retrain),618,AAM_mineral_rich,OOD,0.781996,ID,0
AAM-retrained (after retrain),619,AAM_mineral_rich,OOD,0.794135,ID,0
AAM-retrained (after retrain),620,AAM_mineral_rich,OOD,0.813004,ID,0
AAM-retrained (after retrain),621,AAM_mineral_rich,OOD,0.83612,ID,0
AAM-retrained (after retrain),622,AAM_mineral_rich,OOD,0.95001,OOD,1
AAM-retrained (after retrain),623,AAM_mineral_rich,OOD,0.870322,ID,0
AAM-retrained (after retrain),624,AAM_mineral_rich,OOD,0.95037,OOD,1
AAM-retrained (after retrain),625,AAM_mineral_rich,OOD,0.927751,OOD,1
AAM-retrained (after retrain),626,AAM_mineral_rich,OOD,0.885529,ID,0
AAM-retrained (after retrain),627,AAM_mineral_rich,OOD,0.961375,OOD,1
AAM-retrained (after retrain),628,AAM_mineral_rich,OOD,0.846655,ID,0
AAM-retrained (after retrain),629,AAM_mineral_rich,OOD,0.876701,ID,0
AAM-retrained (after retrain),630,AAM_mineral_rich,OOD,1.0,OOD,1
AAM-retrained (after retrain),631,AAM_mineral_rich,OOD,0.855421,ID,0
AAM-retrained (after retrain),632,AAM_mineral_rich,OOD,0.901858,OOD,1
AAM-retrained (after retrain),633,AAM_mineral_rich,OOD,0.850784,ID,0
AAM-retrained (after retrain),634,AAM_mineral_rich,OOD,0.82036,ID,0
AAM-retrained (after retrain),635,AAM_mineral_rich,OOD,0.779683,ID,0
AAM-retrained (after retrain),636,AAM_mineral_rich,OOD,0.830681,ID,0
AAM-retrained (after retrain),637,AAM_mineral_rich,OOD,0.719645,ID,0
AAM-retrained (after retrain),638,AAM_mineral_rich,OOD,0.911131,OOD,1
AAM-retrained (after retrain),639,AAM_mineral_rich,OOD,0.515119,ID,0
AAM-retrained (after retrain),640,AAM_mineral_rich,OOD,0.861242,ID,0
AAM-retrained (after retrain),641,AAM_mineral_rich,OOD,0.951075,OOD,1
AAM-retrained (after retrain),642,AAM_mineral_rich,OOD,0.730001,ID,0
AAM-retrained (after retrain),643,AAM_mineral_rich,OOD,0.922761,OOD,1
AAM-retrained (after retrain),644,AAM_mineral_rich,OOD,0.861603,ID,0
AAM-retrained (after retrain),645,AAM_mineral_rich,OOD,0.911284,OOD,1
AAM-retrained (after retrain),646,AAM_mineral_rich,OOD,0.401185,ID,0
AAM-retrained (after retrain),647,AAM_mineral_rich,OOD,0.981435,OOD,1
AAM-retrained (after retrain),648,AAM_mineral_rich,OOD,0.968257,OOD,1
AAM-retrained (after retrain),649,AAM_mineral_rich,OOD,0.842992,ID,0
AAM-retrained (after retrain),650,AAM_mineral_rich,OOD,0.888532,ID,0
AAM-retrained (after retrain),651,AAM_mineral_rich,OOD,1.0,OOD,1
AAM-retrained (after retrain),652,AAM_mineral_rich,OOD,0.840703,ID,0
AAM-retrained (after retrain),653,AAM_mineral_rich,OOD,0.960211,OOD,1
AAM-retrained (after retrain),654,AAM_mineral_rich,OOD,1.0,OOD,1
AAM-retrained (after retrain),655,AAM_mineral_rich,OOD,0.897906,ID,0
AAM-retrained (after retrain),656,AAM_mineral_rich,OOD,0.859393,ID,0
AAM-retrained (after retrain),657,AAM_mineral_rich,OOD,0.826097,ID,0
AAM-retrained (after retrain),658,AAM_mineral_rich,OOD,0.878073,ID,0
AAM-retrained (after retrain),659,AAM_mineral_rich,OOD,0.891104,ID,0
AAM-retrained (after retrain),660,AAM_mineral_rich,OOD,0.842683,ID,0
AAM-retrained (after retrain),661,AAM_mineral_rich,OOD,0.805071,ID,0
AAM-retrained (after retrain),662,AAM_mineral_rich,OOD,0.865168,ID,0
AAM-retrained (after retrain),663,AAM_mineral_rich,OOD,0.924268,OOD,1
AAM-retrained (after retrain),664,AAM_mineral_rich,OOD,0.911362,OOD,1
AAM-retrained (after retrain),665,AAM_mineral_rich,OOD,0.908458,OOD,1
AAM-retrained (after retrain),666,AAM_mineral_rich,OOD,1.0,OOD,1
AAM-retrained (after retrain),667,AAM_mineral_rich,OOD,0.854714,ID,0
AAM-retrained (after retrain),668,AAM_mineral_rich,OOD,0.851424,ID,0
AAM-retrained (after retrain),669,AAM_mineral_rich,OOD,0.992602,OOD,1
AAM-retrained (after retrain),670,AAM_mineral_rich,OOD,0.808327,ID,0
AAM-retrained (after retrain),671,AAM_mineral_rich,OOD,0.829809,ID,0
AAM-retrained (after retrain),672,AAM_mineral_rich,OOD,0.78449,ID,0
AAM-retrained (after retrain),673,AAM_mineral_rich,OOD,0.87722,ID,0
AAM-retrained (after retrain),674,AAM_mineral_rich,OOD,0.857595,ID,0
AAM-retrained (after retrain),675,AAM_mineral_rich,OOD,0.733841,ID,0
AAM-retrained (after retrain),676,AAM_mineral_rich,OOD,0.9164,OOD,1
AAM-retrained (after retrain),677,AAM_mineral_rich,OOD,0.943482,OOD,1
AAM-retrained (after retrain),678,AAM_mineral_rich,OOD,0.99125,OOD,1
AAM-retrained (after retrain),679,AAM_mineral_rich,OOD,0.853611,ID,0
AAM-retrained (after retrain),680,AAM_mineral_rich,OOD,0.900806,OOD,1
AAM-retrained (after retrain),681,AAM_mineral_rich,OOD,0.889811,ID,0
AAM-retrained (after retrain),682,AAM_mineral_rich,OOD,0.873098,ID,0
AAM-retrained (after retrain),683,AAM_mineral_rich,OOD,0.89006,ID,0
AAM-retrained (after retrain),684,AAM_mineral_rich,OOD,1.0,OOD,1
AAM-retrained (after retrain),685,AAM_mineral_rich,OOD,0.823889,ID,0
AAM-retrained (after retrain),686,AAM_mineral_rich,OOD,1.0,OOD,1
AAM-retrained (after retrain),687,AAM_mineral_rich,OOD,0.897132,ID,0
AAM-retrained (after retrain),688,AAM_mineral_rich,OOD,0.888739,ID,0
AAM-retrained (after retrain),689,AAM_mineral_rich,OOD,0.807332,ID,0
AAM-retrained (after retrain),690,AAM_mineral_rich,OOD,0.956179,OOD,1
AAM-retrained (after retrain),691,AAM_mineral_rich,OOD,0.820438,ID,0
AAM-retrained (after retrain),692,AAM_mineral_rich,OOD,0.471495,ID,0
AAM-retrained (after retrain),693,AAM_mineral_rich,OOD,0.945122,OOD,1
AAM-retrained (after retrain),694,AAM_mineral_rich,OOD,0.897728,ID,0
AAM-retrained (after retrain),695,AAM_mineral_rich,OOD,0.876924,ID,0
AAM-retrained (after retrain),696,AAM_mineral_rich,OOD,0.884766,ID,0
AAM-retrained (after retrain),697,AAM_mineral_rich,OOD,0.863165,ID,0
AAM-retrained (after retrain),698,AAM_mineral_rich,OOD,1.0,OOD,1
AAM-retrained (after retrain),699,AAM_mineral_rich,OOD,0.899959,OOD,1
AAM-retrained (after retrain),700,AAM_mineral_rich,OOD,0.542314,ID,0
AAM-retrained (after retrain),701,AAM_mineral_rich,OOD,0.887626,ID,0
AAM-retrained (after retrain),702,AAM_mineral_rich,OOD,0.913652,OOD,1
AAM-retrained (after retrain),703,AAM_mineral_rich,OOD,0.924565,OOD,1
AAM-retrained (after retrain),704,AAM_mineral_rich,OOD,0.904836,OOD,1
AAM-retrained (after retrain),705,AAM_mineral_rich,OOD,0.832832,ID,0
AAM-retrained (after retrain),706,AAM_mineral_rich,OOD,0.861972,ID,0
AAM-retrained (after retrain),707,AAM_mineral_rich,OOD,0.94806,OOD,1
AAM-retrained (after retrain),708,AAM_mineral_rich,OOD,0.89208,ID,0
AAM-retrained (after retrain),709,AAM_mineral_rich,OOD,0.843765,ID,0
AAM-retrained (after retrain),710,AAM_mineral_rich,OOD,1.0,OOD,1
AAM-retrained (after retrain),711,AAM_mineral_rich,OOD,0.874525,ID,0
AAM-retrained (after retrain),712,AAM_mineral_rich,OOD,1.0,OOD,1
AAM-retrained (after retrain),713,AAM_mineral_rich,OOD,0.773997,ID,0
AAM-retrained (after retrain),714,AAM_mineral_rich,OOD,0.928699,OOD,1
AAM-retrained (after retrain),715,AAM_mineral_rich,OOD,0.928351,OOD,1
AAM-retrained (after retrain),716,AAM_mineral_rich,OOD,0.865982,ID,0
AAM-retrained (after retrain),717,AAM_mineral_rich,OOD,1.0,OOD,1
AAM-retrained (after retrain),718,AAM_mineral_rich,OOD,0.962646,OOD,1
AAM-retrained (after retrain),719,AAM_mineral_rich,OOD,0.85855,ID,0
AAM-retrained (after retrain),720,AAM_mineral_rich,OOD,0.969999,OOD,1
AAM-retrained (after retrain),721,AAM_mineral_rich,OOD,0.831824,ID,0
AAM-retrained (after retrain),722,AAM_mineral_rich,OOD,0.976693,OOD,1
AAM-retrained (after retrain),723,AAM_mineral_rich,OOD,0.827897,ID,0
AAM-retrained (after retrain),724,AAM_mineral_rich,OOD,0.842801,ID,0
AAM-retrained (after retrain),725,AAM_mineral_rich,OOD,0.858679,ID,0
AAM-retrained (after retrain),726,AAM_mineral_rich,OOD,0.865903,ID,0
AAM-retrained (after retrain),727,AAM_mineral_rich,OOD,0.646363,ID,0
AAM-retrained (after retrain),728,AAM_mineral_rich,OOD,0.892666,ID,0
AAM-retrained (after retrain),729,AAM_mineral_rich,OOD,0.912193,OOD,1
AAM-retrained (after retrain),730,AAM_mineral_rich,OOD,0.850044,ID,0
AAM-retrained (after retrain),731,AAM_mineral_rich,OOD,0.674768,ID,0
AAM-retrained (after retrain),732,AAM_mineral_rich,OOD,0.886099,ID,0
AAM-retrained (after retrain),733,AAM_mineral_rich,OOD,0.87868,ID,0
AAM-retrained (after retrain),734,AAM_mineral_rich,OOD,0.900798,OOD,1
AAM-retrained (after retrain),735,AAM_mineral_rich,OOD,0.831824,ID,0
AAM-retrained (after retrain),736,AAM_mineral_rich,OOD,0.927181,OOD,1
AAM-retrained (after retrain),737,AAM_mineral_rich,OOD,0.878142,ID,0
AAM-retrained (after retrain),738,AAM_mineral_rich,OOD,0.95451,OOD,1
AAM-retrained (after retrain),739,AAM_mineral_rich,OOD,0.904752,OOD,1
AAM-retrained (after retrain),740,AAM_mineral_rich,OOD,0.957885,OOD,1
AAM-retrained (after retrain),741,AAM_mineral_rich,OOD,0.547891,ID,0
AAM-retrained (after retrain),742,AAM_mineral_rich,OOD,0.900619,OOD,1
AAM-retrained (after retrain),743,AAM_mineral_rich,OOD,0.735071,ID,0
AAM-retrained (after retrain),744,AAM_mineral_rich,OOD,0.80846,ID,0
AAM-retrained (after retrain),745,AAM_mineral_rich,OOD,0.846361,ID,0
AAM-retrained (after retrain),746,AAM_mineral_rich,OOD,0.751332,ID,0
AAM-retrained (after retrain),747,AAM_mineral_rich,OOD,0.84008,ID,0
AAM-retrained (after retrain),748,AAM_mineral_rich,OOD,0.499456,ID,0
AAM-retrained (after retrain),749,AAM_mineral_rich,OOD,0.785712,ID,0
AAM-retrained (after retrain),750,AAM_mineral_rich,OOD,0.998708,OOD,1
AAM-retrained (after retrain),751,AAM_mineral_rich,OOD,0.848469,ID,0
AAM-retrained (after retrain),752,AAM_mineral_rich,OOD,0.835262,ID,0
AAM-retrained (after retrain),753,AAM_mineral_rich,OOD,1.0,OOD,1
AAM-retrained (after retrain),754,AAM_mineral_rich,OOD,0.847742,ID,0
AAM-retrained (after retrain),755,AAM_mineral_rich,OOD,0.863264,ID,0
AAM-retrained (after retrain),756,AAM_mineral_rich,OOD,1.0,OOD,1
AAM-retrained (after retrain),757,AAM_mineral_rich,OOD,0.903896,OOD,1
AAM-retrained (after retrain),758,AAM_mineral_rich,OOD,0.902918,OOD,1
AAM-retrained (after retrain),759,AAM_mineral_rich,OOD,0.922077,OOD,1
AAM-retrained (after retrain),760,AAM_mineral_rich,OOD,0.60943,ID,0
AAM-retrained (after retrain),761,AAM_mineral_rich,OOD,0.815704,ID,0
AAM-retrained (after retrain),762,AAM_mineral_rich,OOD,0.961928,OOD,1
AAM-retrained (after retrain),763,AAM_mineral_rich,OOD,0.752019,ID,0
AAM-retrained (after retrain),764,AAM_mineral_rich,OOD,0.889111,ID,0
AAM-retrained (after retrain),765,AAM_mineral_rich,OOD,0.907461,OOD,1
AAM-retrained (after retrain),766,AAM_mineral_rich,OOD,0.632519,ID,0
AAM-retrained (after retrain),767,AAM_mineral_rich,OOD,0.854249,ID,0
AAM-retrained (after retrain),768,AAM_mineral_rich,OOD,0.863608,ID,0
AAM-retrained (after retrain),769,AAM_mineral_rich,OOD,0.884028,ID,0
AAM-retrained (after retrain),770,AAM_mineral_rich,OOD,0.791585,ID,0
AAM-retrained (after retrain),771,AAM_mineral_rich,OOD,0.906722,OOD,1
AAM-retrained (after retrain),772,AAM_mineral_rich,OOD,0.926397,OOD,1
AAM-retrained (after retrain),773,AAM_mineral_rich,OOD,0.926888,OOD,1
AAM-retrained (after retrain),774,AAM_mineral_rich,OOD,0.908242,OOD,1
AAM-retrained (after retrain),775,AAM_mineral_rich,OOD,0.887376,ID,0
AAM-retrained (after retrain),776,AAM_mineral_rich,OOD,0.847686,ID,0
AAM-retrained (after retrain),777,AAM_mineral_rich,OOD,0.752283,ID,0
AAM-retrained (after retrain),778,AAM_mineral_rich,OOD,1.0,OOD,1
AAM-retrained (after retrain),779,AAM_mineral_rich,OOD,0.861484,ID,0
AAM-retrained (after retrain),780,AAM_mineral_rich,OOD,0.920498,OOD,1
AAM-retrained (after retrain),781,AAM_mineral_rich,OOD,0.922547,OOD,1
AAM-retrained (after retrain),782,AAM_mineral_rich,OOD,0.842213,ID,0
AAM-retrained (after retrain),783,AAM_mineral_rich,OOD,0.89797,ID,0
AAM-retrained (after retrain),784,AAM_mineral_rich,OOD,0.629763,ID,0
AAM-retrained (after retrain),785,AAM_mineral_rich,OOD,0.809116,ID,0
AAM-retrained (after retrain),786,AAM_mineral_rich,OOD,0.591581,ID,0
AAM-retrained (after retrain),787,AAM_mineral_rich,OOD,0.874459,ID,0
AAM-retrained (after retrain),788,AAM_mineral_rich,OOD,0.915608,OOD,1
AAM-retrained (after retrain),789,AAM_mineral_rich,OOD,0.486908,ID,0
AAM-retrained (after retrain),790,AAM_mineral_rich,OOD,0.831587,ID,0
AAM-retrained (after retrain),791,AAM_mineral_rich,OOD,0.916295,OOD,1
AAM-retrained (after retrain),792,AAM_mineral_rich,OOD,0.891295,ID,0
AAM-retrained (after retrain),793,AAM_mineral_rich,OOD,0.923174,OOD,1
AAM-retrained (after retrain),794,AAM_mineral_rich,OOD,0.887541,ID,0
AAM-retrained (after retrain),795,AAM_mineral_rich,OOD,0.876939,ID,0
AAM-retrained (after retrain),796,AAM_mineral_rich,OOD,0.929484,OOD,1
AAM-retrained (after retrain),797,AAM_mineral_rich,OOD,0.461913,ID,0
AAM-retrained (after retrain),798,AAM_mineral_rich,OOD,0.876708,ID,0
AAM-retrained (after retrain),799,AAM_mineral_rich,OOD,0.958731,OOD,1
AAM-retrained (after retrain),800,AAM_mineral_rich,OOD,0.819605,ID,0
AAM-retrained (after retrain),801,AAM_mineral_rich,OOD,0.887752,ID,0
AAM-retrained (after retrain),802,AAM_mineral_rich,OOD,0.98493,OOD,1
AAM-retrained (after retrain),803,AAM_mineral_rich,OOD,0.888057,ID,0
AAM-retrained (after retrain),804,AAM_mineral_rich,OOD,0.548739,ID,0
AAM-retrained (after retrain),805,AAM_mineral_rich,OOD,0.869182,ID,0
AAM-retrained (after retrain),806,AAM_mineral_rich,OOD,0.933536,OOD,1
AAM-retrained (after retrain),807,AAM_mineral_rich,OOD,0.897963,ID,0
AAM-retrained (after retrain),808,AAM_mineral_rich,OOD,0.879249,ID,0
AAM-retrained (after retrain),809,AAM_mineral_rich,OOD,0.967466,OOD,1
AAM-retrained (after retrain),810,AAM_mineral_rich,OOD,0.872865,ID,0
AAM-retrained (after retrain),811,AAM_mineral_rich,OOD,0.903294,OOD,1
AAM-retrained (after retrain),812,AAM_mineral_rich,OOD,0.874646,ID,0
AAM-retrained (after retrain),813,AAM_mineral_rich,OOD,0.801825,ID,0
AAM-retrained (after retrain),814,AAM_mineral_rich,OOD,0.911396,OOD,1
AAM-retrained (after retrain),815,AAM_mineral_rich,OOD,0.629421,ID,0
AAM-retrained (after retrain),816,AAM_mineral_rich,OOD,0.876712,ID,0
AAM-retrained (after retrain),817,AAM_mineral_rich,OOD,0.839625,ID,0
AAM-retrained (after retrain),818,AAM_mineral_rich,OOD,0.842333,ID,0
AAM-retrained (after retrain),819,AAM_mineral_rich,OOD,0.880472,ID,0
AAM-retrained (after retrain),820,AAM_mineral_rich,OOD,0.894317,ID,0
AAM-retrained (after retrain),821,AAM_mineral_rich,OOD,1.0,OOD,1
AAM-retrained (after retrain),822,AAM_mineral_rich,OOD,0.830041,ID,0
AAM-retrained (after retrain),823,AAM_mineral_rich,OOD,0.973687,OOD,1
AAM-retrained (after retrain),824,AAM_mineral_rich,OOD,0.937585,OOD,1
AAM-retrained (after retrain),825,AAM_mineral_rich,OOD,0.932912,OOD,1
AAM-retrained (after retrain),826,AAM_mineral_rich,OOD,0.875503,ID,0
AAM-retrained (after retrain),827,AAM_mineral_rich,OOD,0.476552,ID,0
AAM-retrained (after retrain),828,AAM_mineral_rich,OOD,0.910644,OOD,1
AAM-retrained (after retrain),829,AAM_mineral_rich,OOD,0.886937,ID,0
AAM-retrained (after retrain),830,AAM_mineral_rich,OOD,0.917656,OOD,1
AAM-retrained (after retrain),831,AAM_mineral_rich,OOD,0.834024,ID,0
AAM-retrained (after retrain),832,AAM_mineral_rich,OOD,0.891049,ID,0
AAM-retrained (after retrain),833,AAM_mineral_rich,OOD,0.924783,OOD,1
AAM-retrained (after retrain),834,AAM_mineral_rich,OOD,0.831313,ID,0
AAM-retrained (after retrain),835,AAM_mineral_rich,OOD,0.913942,OOD,1
AAM-retrained (after retrain),836,AAM_mineral_rich,OOD,0.935888,OOD,1
AAM-retrained (after retrain),837,AAM_mineral_rich,OOD,0.880626,ID,0
AAM-retrained (after retrain),838,AAM_mineral_rich,OOD,0.868274,ID,0
AAM-retrained (after retrain),839,AAM_mineral_rich,OOD,0.855025,ID,0
AAM-retrained (after retrain),840,AAM_mineral_rich,OOD,0.858031,ID,0
AAM-retrained (after retrain),841,AAM_mineral_rich,OOD,0.849027,ID,0
AAM-retrained (after retrain),842,AAM_mineral_rich,OOD,0.895603,ID,0
AAM-retrained (after retrain),843,AAM_mineral_rich,OOD,0.907117,OOD,1
AAM-retrained (after retrain),844,AAM_mineral_rich,OOD,0.924154,OOD,1
AAM-retrained (after retrain),845,AAM_mineral_rich,OOD,0.948893,OOD,1
AAM-retrained (after retrain),846,AAM_mineral_rich,OOD,0.845094,ID,0
AAM-retrained (after retrain),847,AAM_mineral_rich,OOD,0.877707,ID,0
AAM-retrained (after retrain),848,AAM_mineral_rich,OOD,0.368131,ID,0
AAM-retrained (after retrain),849,AAM_mineral_rich,OOD,0.877726,ID,0
AAM-retrained (after retrain),850,AAM_mineral_rich,OOD,0.891821,ID,0
AAM-retrained (after retrain),851,AAM_mineral_rich,OOD,0.659475,ID,0
AAM-retrained (after retrain),852,AAM_mineral_rich,OOD,0.854132,ID,0
AAM-retrained (after retrain),853,AAM_mineral_rich,OOD,0.992621,OOD,1
AAM-retrained (after retrain),854,AAM_mineral_rich,OOD,0.719793,ID,0
AAM-retrained (after retrain),855,AAM_mineral_rich,OOD,0.897686,ID,0
AAM-retrained (after retrain),856,AAM_mineral_rich,OOD,0.838104,ID,0
AAM-retrained (after retrain),857,AAM_mineral_rich,OOD,0.870917,ID,0
AAM-retrained (after retrain),858,AAM_mineral_rich,OOD,0.903554,OOD,1
AAM-retrained (after retrain),859,AAM_mineral_rich,OOD,0.374753,ID,0
AAM-retrained (after retrain),860,AAM_mineral_rich,OOD,0.874627,ID,0
AAM-retrained (after retrain),861,AAM_mineral_rich,OOD,0.38243,ID,0
AAM-retrained (after retrain),862,AAM_mineral_rich,OOD,0.831023,ID,0
AAM-retrained (after retrain),863,AAM_mineral_rich,OOD,0.911957,OOD,1
AAM-retrained (after retrain),864,AAM_mineral_rich,OOD,0.848256,ID,0
AAM-retrained (after retrain),865,AAM_mineral_rich,OOD,0.89105,ID,0
AAM-retrained (after retrain),866,AAM_mineral_rich,OOD,0.845061,ID,0
AAM-retrained (after retrain),867,AAM_mineral_rich,OOD,0.969772,OOD,1
AAM-retrained (after retrain),868,AAM_mineral_rich,OOD,0.896963,ID,0
AAM-retrained (after retrain),869,AAM_mineral_rich,OOD,0.402145,ID,0
AAM-retrained (after retrain),870,AAM_mineral_rich,OOD,0.833954,ID,0
AAM-retrained (after retrain),871,AAM_mineral_rich,OOD,0.839841,ID,0
AAM-retrained (after retrain),872,AAM_mineral_rich,OOD,0.851008,ID,0
AAM-retrained (after retrain),873,AAM_mineral_rich,OOD,0.808853,ID,0
AAM-retrained (after retrain),874,AAM_mineral_rich,OOD,0.826392,ID,0
AAM-retrained (after retrain),875,AAM_mineral_rich,OOD,0.878737,ID,0
AAM-retrained (after retrain),876,AAM_mineral_rich,OOD,0.97595,OOD,1
AAM-retrained (after retrain),877,AAM_mineral_rich,OOD,0.861077,ID,0
AAM-retrained (after retrain),878,AAM_mineral_rich,OOD,0.899191,OOD,1
AAM-retrained (after retrain),879,AAM_mineral_rich,OOD,0.907741,OOD,1
AAM-retrained (after retrain),880,AAM_mineral_rich,OOD,0.873176,ID,0
AAM-retrained (after retrain),881,AAM_mineral_rich,OOD,0.724411,ID,0
AAM-retrained (after retrain),882,AAM_mineral_rich,OOD,0.95311,OOD,1
AAM-retrained (after retrain),883,AAM_mineral_rich,OOD,0.920613,OOD,1
AAM-retrained (after retrain),884,AAM_mineral_rich,OOD,0.879115,ID,0
AAM-retrained (after retrain),885,AAM_mineral_rich,OOD,0.820852,ID,0
AAM-retrained (after retrain),886,AAM_mineral_rich,OOD,0.890801,ID,0
AAM-retrained (after retrain),887,AAM_mineral_rich,OOD,0.840138,ID,0
AAM-retrained (after retrain),888,AAM_mineral_rich,OOD,0.915074,OOD,1
AAM-retrained (after retrain),889,AAM_mineral_rich,OOD,0.910626,OOD,1
AAM-retrained (after retrain),890,AAM_mineral_rich,OOD,0.862678,ID,0
AAM-retrained (after retrain),891,AAM_mineral_rich,OOD,0.869449,ID,0
AAM-retrained (after retrain),892,AAM_mineral_rich,OOD,0.461237,ID,0
AAM-retrained (after retrain),893,AAM_mineral_rich,OOD,0.879909,ID,0
AAM-retrained (after retrain),894,AAM_mineral_rich,OOD,0.547471,ID,0
AAM-retrained (after retrain),895,AAM_mineral_rich,OOD,0.916128,OOD,1
AAM-retrained (after retrain),896,AAM_mineral_rich,OOD,0.916512,OOD,1
AAM-retrained (after retrain),897,AAM_mineral_rich,OOD,0.865432,ID,0
AAM-retrained (after retrain),898,AAM_mineral_rich,OOD,0.971529,OOD,1
AAM-retrained (after retrain),899,AAM_mineral_rich,OOD,0.927564,OOD,1
AAM-retrained (after retrain),900,AAM_mineral_rich,OOD,0.710388,ID,0
AAM-retrained (after retrain),901,AAM_mineral_rich,OOD,0.950026,OOD,1
AAM-retrained (after retrain),902,AAM_mineral_rich,OOD,0.91432,OOD,1
AAM-retrained (after retrain),903,AAM_mineral_rich,OOD,1.0,OOD,1
AAM-retrained (after retrain),904,AAM_mineral_rich,OOD,0.884953,ID,0
AAM-retrained (after retrain),905,AAM_mineral_rich,OOD,0.982591,OOD,1
AAM-retrained (after retrain),906,AAM_mineral_rich,OOD,0.85315,ID,0
AAM-retrained (after retrain),907,AAM_mineral_rich,OOD,0.983006,OOD,1
AAM-retrained (after retrain),908,AAM_mineral_rich,OOD,0.817741,ID,0
AAM-retrained (after retrain),909,AAM_mineral_rich,OOD,0.922666,OOD,1
AAM-retrained (after retrain),910,AAM_mineral_rich,OOD,0.469069,ID,0
AAM-retrained (after retrain),911,AAM_mineral_rich,OOD,0.837046,ID,0
AAM-retrained (after retrain),912,AAM_mineral_rich,OOD,0.855971,ID,0
AAM-retrained (after retrain),913,AAM_mineral_rich,OOD,0.933548,OOD,1
AAM-retrained (after retrain),914,AAM_mineral_rich,OOD,0.855995,ID,0
AAM-retrained (after retrain),915,AAM_mineral_rich,OOD,0.907409,OOD,1
AAM-retrained (after retrain),916,AAM_mineral_rich,OOD,0.92923,OOD,1
AAM-retrained (after retrain),917,AAM_mineral_rich,OOD,0.563779,ID,0
AAM-retrained (after retrain),918,AAM_mineral_rich,OOD,0.935245,OOD,1
AAM-retrained (after retrain),919,AAM_mineral_rich,OOD,0.97488,OOD,1
AAM-retrained (after retrain),920,AAM_mineral_rich,OOD,0.991478,OOD,1
AAM-retrained (after retrain),921,AAM_mineral_rich,OOD,0.977571,OOD,1
AAM-retrained (after retrain),922,AAM_mineral_rich,OOD,0.848469,ID,0
AAM-retrained (after retrain),923,AAM_mineral_rich,OOD,0.866093,ID,0
AAM-retrained (after retrain),924,AAM_mineral_rich,OOD,0.904955,OOD,1
AAM-retrained (after retrain),925,AAM_mineral_rich,OOD,0.93757,OOD,1
AAM-retrained (after retrain),926,AAM_mineral_rich,OOD,0.693024,ID,0
AAM-retrained (after retrain),927,AAM_mineral_rich,OOD,1.0,OOD,1
AAM-retrained (after retrain),928,AAM_mineral_rich,OOD,0.700326,ID,0
AAM-retrained (after retrain),929,AAM_mineral_rich,OOD,0.898619,OOD,1
AAM-retrained (after retrain),930,AAM_mineral_rich,OOD,0.945463,OOD,1
AAM-retrained (after retrain),931,AAM_mineral_rich,OOD,0.860618,ID,0
AAM-retrained (after retrain),932,AAM_mineral_rich,OOD,0.855162,ID,0
AAM-retrained (after retrain),933,AAM_mineral_rich,OOD,0.863025,ID,0
AAM-retrained (after retrain),934,AAM_mineral_rich,OOD,0.897207,ID,0
AAM-retrained (after retrain),935,AAM_mineral_rich,OOD,0.482538,ID,0
AAM-retrained (after retrain),936,AAM_mineral_rich,OOD,0.84508,ID,0
AAM-retrained (after retrain),937,AAM_mineral_rich,OOD,0.900743,OOD,1
AAM-retrained (after retrain),938,AAM_mineral_rich,OOD,0.730228,ID,0
AAM-retrained (after retrain),939,AAM_mineral_rich,OOD,0.968711,OOD,1
AAM-retrained (after retrain),940,AAM_mineral_rich,OOD,0.839152,ID,0
AAM-retrained (after retrain),941,AAM_mineral_rich,OOD,0.96737,OOD,1
AAM-retrained (after retrain),942,AAM_mineral_rich,OOD,0.92506,OOD,1
AAM-retrained (after retrain),943,AAM_mineral_rich,OOD,1.0,OOD,1
AAM-retrained (after retrain),944,AAM_mineral_rich,OOD,0.911413,OOD,1
AAM-retrained (after retrain),945,AAM_mineral_rich,OOD,0.926434,OOD,1
AAM-retrained (after retrain),946,AAM_mineral_rich,OOD,0.911965,OOD,1
AAM-retrained (after retrain),947,AAM_mineral_rich,OOD,0.878652,ID,0
AAM-retrained (after retrain),948,AAM_mineral_rich,OOD,0.937167,OOD,1
AAM-retrained (after retrain),949,AAM_mineral_rich,OOD,0.915212,OOD,1
AAM-retrained (after retrain),950,AAM_mineral_rich,OOD,0.885291,ID,0
AAM-retrained (after retrain),951,AAM_mineral_rich,OOD,0.887053,ID,0
AAM-retrained (after retrain),952,AAM_mineral_rich,OOD,0.844814,ID,0
AAM-retrained (after retrain),953,AAM_mineral_rich,OOD,0.841484,ID,0
AAM-retrained (after retrain),954,AAM_mineral_rich,OOD,0.886584,ID,0
AAM-retrained (after retrain),955,AAM_mineral_rich,OOD,0.916694,OOD,1
AAM-retrained (after retrain),956,AAM_mineral_rich,OOD,0.778928,ID,0
AAM-retrained (after retrain),957,AAM_mineral_rich,OOD,0.894362,ID,0
AAM-retrained (after retrain),958,AAM_mineral_rich,OOD,0.851062,ID,0
AAM-retrained (after retrain),959,AAM_mineral_rich,OOD,0.944795,OOD,1
AAM-retrained (after retrain),960,AAM_mineral_rich,OOD,0.646145,ID,0
AAM-retrained (after retrain),961,AAM_mineral_rich,OOD,0.927875,OOD,1
AAM-retrained (after retrain),962,AAM_mineral_rich,OOD,0.907452,OOD,1
AAM-retrained (after retrain),963,AAM_mineral_rich,OOD,0.848935,ID,0
AAM-retrained (after retrain),964,AAM_mineral_rich,OOD,0.912118,OOD,1
AAM-retrained (after retrain),965,AAM_mineral_rich,OOD,0.892689,ID,0
AAM-retrained (after retrain),966,AAM_mineral_rich,OOD,0.9237,OOD,1
AAM-retrained (after retrain),967,AAM_mineral_rich,OOD,0.854954,ID,0
AAM-retrained (after retrain),968,AAM_mineral_rich,OOD,0.928317,OOD,1
AAM-retrained (after retrain),969,AAM_mineral_rich,OOD,0.631197,ID,0
AAM-retrained (after retrain),970,AAM_mineral_rich,OOD,0.865005,ID,0
AAM-retrained (after retrain),971,AAM_mineral_rich,OOD,0.808486,ID,0
AAM-retrained (after retrain),972,AAM_mineral_rich,OOD,0.865669,ID,0
