config,idx,source,true_label,ood_score,pred_label,correct
chốt demo (user),0,AA_pure,ID,0.533069,ID,1
chốt demo (user),1,AA_pure,ID,0.404366,ID,1
chốt demo (user),2,AA_pure,ID,0.172454,ID,1
chốt demo (user),3,AA_pure,ID,0.371042,ID,1
chốt demo (user),4,AA_pure,ID,0.165299,ID,1
chốt demo (user),5,AA_pure,ID,0.172545,ID,1
chốt demo (user),6,AA_pure,ID,0.317083,ID,1
chốt demo (user),7,AA_pure,ID,0.564441,ID,1
chốt demo (user),8,AA_pure,ID,0.171755,ID,1
chốt demo (user),9,AA_pure,ID,0.282975,ID,1
chốt demo (user),10,AA_pure,ID,0.182355,ID,1
chốt demo (user),11,AA_pure,ID,0.589165,ID,1
chốt demo (user),12,AA_pure,ID,0.674974,ID,1
chốt demo (user),13,AA_pure,ID,0.127922,ID,1
chốt demo (user),14,AA_pure,ID,0.158049,ID,1
chốt demo (user),15,AA_pure,ID,0.221662,ID,1
chốt demo (user),16,AA_pure,ID,0.264872,ID,1
chốt demo (user),17,AA_pure,ID,0.225019,ID,1
chốt demo (user),18,AA_pure,ID,0.193913,ID,1
chốt demo (user),19,AA_pure,ID,0.181819,ID,1
chốt demo (user),20,AA_pure,ID,0.380914,ID,1
chốt demo (user),21,AA_pure,ID,0.222622,ID,1
chốt demo (user),22,AA_pure,ID,0.291571,ID,1
chốt demo (user),23,AA_pure,ID,0.204346,ID,1
chốt demo (user),24,AA_pure,ID,0.427415,ID,1
chốt demo (user),25,AA_pure,ID,0.388307,ID,1
chốt demo (user),26,AA_pure,ID,0.1785,ID,1
chốt demo (user),27,AA_pure,ID,0.34586,ID,1
chốt demo (user),28,AA_pure,ID,0.463414,ID,1
chốt demo (user),29,AA_pure,ID,0.409947,ID,1
chốt demo (user),30,AA_pure,ID,0.266043,ID,1
chốt demo (user),31,AA_pure,ID,0.359082,ID,1
chốt demo (user),32,AA_pure,ID,0.354789,ID,1
chốt demo (user),33,AA_pure,ID,0.365462,ID,1
chốt demo (user),34,AA_pure,ID,0.315816,ID,1
chốt demo (user),35,AA_pure,ID,0.450573,ID,1
chốt demo (user),36,AA_pure,ID,0.238733,ID,1
chốt demo (user),37,AA_pure,ID,0.276487,ID,1
chốt demo (user),38,AA_pure,ID,0.129527,ID,1
chốt demo (user),39,AA_pure,ID,0.238002,ID,1
chốt demo (user),40,AA_pure,ID,0.328772,ID,1
chốt demo (user),41,AA_pure,ID,0.500055,ID,1
chốt demo (user),42,AA_pure,ID,0.370916,ID,1
chốt demo (user),43,AA_pure,ID,0.342101,ID,1
chốt demo (user),44,AA_pure,ID,0.215557,ID,1
chốt demo (user),45,AA_pure,ID,0.470233,ID,1
chốt demo (user),46,AA_pure,ID,0.541087,ID,1
chốt demo (user),47,AA_pure,ID,0.123158,ID,1
chốt demo (user),48,AA_pure,ID,0.144425,ID,1
chốt demo (user),49,AA_pure,ID,0.416954,ID,1
chốt demo (user),50,AA_pure,ID,0.201135,ID,1
chốt demo (user),51,AA_pure,ID,0.225711,ID,1
chốt demo (user),52,AA_pure,ID,0.126219,ID,1
chốt demo (user),53,AA_pure,ID,0.466207,ID,1
chốt demo (user),54,AA_pure,ID,0.383045,ID,1
chốt demo (user),55,AA_pure,ID,0.459055,ID,1
chốt demo (user),56,AA_pure,ID,0.415688,ID,1
chốt demo (user),57,AA_pure,ID,0.262624,ID,1
chốt demo (user),58,AA_pure,ID,0.24549,ID,1
chốt demo (user),59,AA_pure,ID,0.434997,ID,1
chốt demo (user),60,AA_pure,ID,0.230468,ID,1
chốt demo (user),61,AA_pure,ID,0.608107,ID,1
chốt demo (user),62,AA_pure,ID,0.216533,ID,1
chốt demo (user),63,AA_pure,ID,0.16413,ID,1
chốt demo (user),64,AA_pure,ID,0.210076,ID,1
chốt demo (user),65,AA_pure,ID,0.434,ID,1
chốt demo (user),66,AA_pure,ID,0.191251,ID,1
chốt demo (user),67,AA_pure,ID,0.38259,ID,1
chốt demo (user),68,AA_pure,ID,0.190607,ID,1
chốt demo (user),69,AA_pure,ID,0.26158,ID,1
chốt demo (user),70,AA_pure,ID,0.153552,ID,1
chốt demo (user),71,AA_pure,ID,0.116774,ID,1
chốt demo (user),72,AA_pure,ID,0.150933,ID,1
chốt demo (user),73,AA_pure,ID,0.279056,ID,1
chốt demo (user),74,AA_pure,ID,0.29928,ID,1
chốt demo (user),75,AA_pure,ID,0.127882,ID,1
chốt demo (user),76,AA_pure,ID,0.240042,ID,1
chốt demo (user),77,AA_pure,ID,0.085277,ID,1
chốt demo (user),78,AA_pure,ID,0.315671,ID,1
chốt demo (user),79,AA_pure,ID,0.43016,ID,1
chốt demo (user),80,AA_pure,ID,0.209383,ID,1
chốt demo (user),81,AA_pure,ID,0.471323,ID,1
chốt demo (user),82,AA_pure,ID,0.174271,ID,1
chốt demo (user),83,AA_pure,ID,0.166506,ID,1
chốt demo (user),84,AA_pure,ID,0.269846,ID,1
chốt demo (user),85,AA_pure,ID,0.138165,ID,1
chốt demo (user),86,AA_pure,ID,0.21822,ID,1
chốt demo (user),87,AA_pure,ID,0.323904,ID,1
chốt demo (user),88,AA_pure,ID,0.217183,ID,1
chốt demo (user),89,AA_pure,ID,0.317611,ID,1
chốt demo (user),90,AA_pure,ID,0.220382,ID,1
chốt demo (user),91,AA_pure,ID,0.402891,ID,1
chốt demo (user),92,AA_pure,ID,0.305762,ID,1
chốt demo (user),93,AA_pure,ID,0.195684,ID,1
chốt demo (user),94,AA_pure,ID,0.293305,ID,1
chốt demo (user),95,AA_pure,ID,0.135474,ID,1
chốt demo (user),96,AA_pure,ID,0.172949,ID,1
chốt demo (user),97,AA_pure,ID,0.388995,ID,1
chốt demo (user),98,AA_pure,ID,0.272107,ID,1
chốt demo (user),99,AA_pure,ID,0.200326,ID,1
chốt demo (user),100,AA_pure,ID,0.311105,ID,1
chốt demo (user),101,AA_pure,ID,0.207383,ID,1
chốt demo (user),102,AA_pure,ID,0.367271,ID,1
chốt demo (user),103,AA_pure,ID,0.123211,ID,1
chốt demo (user),104,AA_pure,ID,0.228243,ID,1
chốt demo (user),105,AA_pure,ID,0.248428,ID,1
chốt demo (user),106,AA_pure,ID,0.099241,ID,1
chốt demo (user),107,AA_pure,ID,0.123561,ID,1
chốt demo (user),108,AA_pure,ID,0.389144,ID,1
chốt demo (user),109,AA_pure,ID,0.394725,ID,1
chốt demo (user),110,AA_pure,ID,0.250079,ID,1
chốt demo (user),111,AA_pure,ID,0.14052,ID,1
chốt demo (user),112,AA_pure,ID,0.186929,ID,1
chốt demo (user),113,AA_pure,ID,0.199573,ID,1
chốt demo (user),114,AA_pure,ID,0.435995,ID,1
chốt demo (user),115,AA_pure,ID,0.195558,ID,1
chốt demo (user),116,AA_pure,ID,0.371401,ID,1
chốt demo (user),117,AA_pure,ID,0.254396,ID,1
chốt demo (user),118,AA_pure,ID,0.184776,ID,1
chốt demo (user),119,AA_pure,ID,0.257462,ID,1
chốt demo (user),120,AA_pure,ID,0.176409,ID,1
chốt demo (user),121,AA_pure,ID,0.209454,ID,1
chốt demo (user),122,AA_pure,ID,0.270401,ID,1
chốt demo (user),123,AA_pure,ID,0.429262,ID,1
chốt demo (user),124,AA_pure,ID,0.368869,ID,1
chốt demo (user),125,AA_pure,ID,0.096765,ID,1
chốt demo (user),126,AA_pure,ID,0.482302,ID,1
chốt demo (user),127,AA_pure,ID,0.11733,ID,1
chốt demo (user),128,AA_pure,ID,0.360072,ID,1
chốt demo (user),129,AA_pure,ID,0.416122,ID,1
chốt demo (user),130,AA_pure,ID,0.249986,ID,1
chốt demo (user),131,AA_pure,ID,0.178853,ID,1
chốt demo (user),132,AA_pure,ID,0.264825,ID,1
chốt demo (user),133,AA_pure,ID,0.203169,ID,1
chốt demo (user),134,AA_pure,ID,0.168086,ID,1
chốt demo (user),135,AA_pure,ID,0.200971,ID,1
chốt demo (user),136,AA_pure,ID,0.535524,ID,1
chốt demo (user),137,AA_pure,ID,0.353837,ID,1
chốt demo (user),138,AA_pure,ID,0.615389,ID,1
chốt demo (user),139,AA_pure,ID,0.215177,ID,1
chốt demo (user),140,AA_pure,ID,0.386017,ID,1
chốt demo (user),141,AA_pure,ID,0.269207,ID,1
chốt demo (user),142,AA_pure,ID,0.6297,ID,1
chốt demo (user),143,AA_pure,ID,0.086783,ID,1
chốt demo (user),144,AA_pure,ID,0.45432,ID,1
chốt demo (user),145,AA_pure,ID,0.291675,ID,1
chốt demo (user),146,AA_pure,ID,0.196192,ID,1
chốt demo (user),147,AA_pure,ID,0.165583,ID,1
chốt demo (user),148,AA_pure,ID,0.308767,ID,1
chốt demo (user),149,AA_pure,ID,0.161236,ID,1
chốt demo (user),150,AA_pure,ID,0.183778,ID,1
chốt demo (user),151,AA_pure,ID,0.153482,ID,1
chốt demo (user),152,AA_pure,ID,0.281969,ID,1
chốt demo (user),153,AA_pure,ID,0.18388,ID,1
chốt demo (user),154,AA_pure,ID,0.442709,ID,1
chốt demo (user),155,AA_pure,ID,0.238496,ID,1
chốt demo (user),156,AA_pure,ID,0.059811,ID,1
chốt demo (user),157,AA_pure,ID,0.137899,ID,1
chốt demo (user),158,AA_pure,ID,0.461273,ID,1
chốt demo (user),159,AA_pure,ID,0.141395,ID,1
chốt demo (user),160,AA_pure,ID,0.167075,ID,1
chốt demo (user),161,AA_pure,ID,0.160487,ID,1
chốt demo (user),162,AA_pure,ID,0.241624,ID,1
chốt demo (user),163,AA_pure,ID,0.320395,ID,1
chốt demo (user),164,AA_pure,ID,0.200825,ID,1
chốt demo (user),165,AA_pure,ID,0.117778,ID,1
chốt demo (user),166,AA_pure,ID,0.227801,ID,1
chốt demo (user),167,AA_pure,ID,0.222931,ID,1
chốt demo (user),168,AA_pure,ID,0.617162,ID,1
chốt demo (user),169,AA_pure,ID,0.453013,ID,1
chốt demo (user),170,AA_pure,ID,0.443005,ID,1
chốt demo (user),171,AA_pure,ID,0.105153,ID,1
chốt demo (user),172,AA_pure,ID,0.303096,ID,1
chốt demo (user),173,AA_pure,ID,0.333949,ID,1
chốt demo (user),174,AA_pure,ID,0.18807,ID,1
chốt demo (user),175,AA_pure,ID,0.292826,ID,1
chốt demo (user),176,AA_pure,ID,0.289456,ID,1
chốt demo (user),177,AA_pure,ID,0.26927,ID,1
chốt demo (user),178,AA_pure,ID,0.466375,ID,1
chốt demo (user),179,AA_pure,ID,0.330464,ID,1
chốt demo (user),180,AA_pure,ID,0.435275,ID,1
chốt demo (user),181,AA_pure,ID,0.236773,ID,1
chốt demo (user),182,AA_pure,ID,0.47953,ID,1
chốt demo (user),183,AA_pure,ID,0.267415,ID,1
chốt demo (user),184,AA_pure,ID,0.368441,ID,1
chốt demo (user),185,AA_pure,ID,0.29243,ID,1
chốt demo (user),186,AA_pure,ID,0.181242,ID,1
chốt demo (user),187,AA_pure,ID,0.252374,ID,1
chốt demo (user),188,AA_pure,ID,0.273529,ID,1
chốt demo (user),189,AA_pure,ID,0.273493,ID,1
chốt demo (user),190,AA_pure,ID,0.401275,ID,1
chốt demo (user),191,AA_pure,ID,0.361325,ID,1
chốt demo (user),192,AA_pure,ID,0.311951,ID,1
chốt demo (user),193,AA_pure,ID,0.330777,ID,1
chốt demo (user),194,AA_pure,ID,0.408534,ID,1
chốt demo (user),195,AA_pure,ID,0.142755,ID,1
chốt demo (user),196,AA_pure,ID,0.239293,ID,1
chốt demo (user),197,AA_pure,ID,0.18812,ID,1
chốt demo (user),198,AA_pure,ID,0.2595,ID,1
chốt demo (user),199,AA_pure,ID,0.380893,ID,1
chốt demo (user),200,AA_pure,ID,0.354037,ID,1
chốt demo (user),201,AA_pure,ID,0.195406,ID,1
chốt demo (user),202,AA_pure,ID,0.33909,ID,1
chốt demo (user),203,AA_pure,ID,0.303592,ID,1
chốt demo (user),204,AA_pure,ID,0.132907,ID,1
chốt demo (user),205,AA_pure,ID,0.357827,ID,1
chốt demo (user),206,AA_pure,ID,0.217833,ID,1
chốt demo (user),207,AA_pure,ID,0.380884,ID,1
chốt demo (user),208,AA_pure,ID,0.200613,ID,1
chốt demo (user),209,AA_pure,ID,0.455604,ID,1
chốt demo (user),210,AA_pure,ID,0.110636,ID,1
chốt demo (user),211,AA_pure,ID,0.345019,ID,1
chốt demo (user),212,AA_pure,ID,0.351017,ID,1
chốt demo (user),213,AA_pure,ID,0.392391,ID,1
chốt demo (user),214,AA_pure,ID,0.490748,ID,1
chốt demo (user),215,AA_pure,ID,0.165175,ID,1
chốt demo (user),216,AA_pure,ID,0.239022,ID,1
chốt demo (user),217,AA_pure,ID,0.234537,ID,1
chốt demo (user),218,AA_pure,ID,0.276218,ID,1
chốt demo (user),219,AA_pure,ID,0.166195,ID,1
chốt demo (user),220,AA_pure,ID,0.187573,ID,1
chốt demo (user),221,AA_pure,ID,0.272484,ID,1
chốt demo (user),222,AA_pure,ID,0.24955,ID,1
chốt demo (user),223,AA_pure,ID,0.566671,ID,1
chốt demo (user),224,AA_pure,ID,0.163023,ID,1
chốt demo (user),225,AA_pure,ID,0.332618,ID,1
chốt demo (user),226,AA_pure,ID,0.379382,ID,1
chốt demo (user),227,AA_pure,ID,0.294622,ID,1
chốt demo (user),228,AA_pure,ID,0.35656,ID,1
chốt demo (user),229,AA_pure,ID,0.233673,ID,1
chốt demo (user),230,AA_pure,ID,0.30098,ID,1
chốt demo (user),231,AA_pure,ID,0.108608,ID,1
chốt demo (user),232,AA_pure,ID,0.422514,ID,1
chốt demo (user),233,AA_pure,ID,0.244242,ID,1
chốt demo (user),234,AA_pure,ID,0.374537,ID,1
chốt demo (user),235,AA_pure,ID,0.580637,ID,1
chốt demo (user),236,AA_pure,ID,0.232913,ID,1
chốt demo (user),237,AA_pure,ID,0.352997,ID,1
chốt demo (user),238,AA_pure,ID,0.11663,ID,1
chốt demo (user),239,AA_pure,ID,0.604512,ID,1
chốt demo (user),240,AA_pure,ID,0.130544,ID,1
chốt demo (user),241,AA_pure,ID,0.228363,ID,1
chốt demo (user),242,AA_pure,ID,0.34726,ID,1
chốt demo (user),243,AA_pure,ID,0.158658,ID,1
chốt demo (user),244,AA_pure,ID,0.102918,ID,1
chốt demo (user),245,AA_pure,ID,0.273343,ID,1
chốt demo (user),246,AA_pure,ID,0.332477,ID,1
chốt demo (user),247,AA_pure,ID,0.533186,ID,1
chốt demo (user),248,AA_pure,ID,0.308962,ID,1
chốt demo (user),249,AA_pure,ID,0.174968,ID,1
chốt demo (user),250,AA_pure,ID,0.246424,ID,1
chốt demo (user),251,AA_pure,ID,0.42649,ID,1
chốt demo (user),252,AA_pure,ID,0.189642,ID,1
chốt demo (user),253,AA_pure,ID,0.116117,ID,1
chốt demo (user),254,AA_pure,ID,0.157392,ID,1
chốt demo (user),255,AA_pure,ID,0.279408,ID,1
chốt demo (user),256,AA_pure,ID,0.286971,ID,1
chốt demo (user),257,AA_pure,ID,0.486674,ID,1
chốt demo (user),258,AA_pure,ID,0.443508,ID,1
chốt demo (user),259,AA_pure,ID,0.341817,ID,1
chốt demo (user),260,AA_pure,ID,0.274725,ID,1
chốt demo (user),261,AA_pure,ID,0.361262,ID,1
chốt demo (user),262,AA_pure,ID,0.425626,ID,1
chốt demo (user),263,AA_pure,ID,0.181219,ID,1
chốt demo (user),264,AA_pure,ID,0.35583,ID,1
chốt demo (user),265,AA_pure,ID,0.238106,ID,1
chốt demo (user),266,AA_pure,ID,0.176659,ID,1
chốt demo (user),267,AA_pure,ID,0.26655,ID,1
chốt demo (user),268,AA_pure,ID,0.125128,ID,1
chốt demo (user),269,AA_pure,ID,0.197678,ID,1
chốt demo (user),270,AA_pure,ID,0.537355,ID,1
chốt demo (user),271,AA_pure,ID,0.471892,ID,1
chốt demo (user),272,AA_pure,ID,0.121539,ID,1
chốt demo (user),273,AA_pure,ID,0.378878,ID,1
chốt demo (user),274,AA_pure,ID,0.145678,ID,1
chốt demo (user),275,AA_pure,ID,0.461295,ID,1
chốt demo (user),276,AA_pure,ID,0.250191,ID,1
chốt demo (user),277,AA_pure,ID,0.412779,ID,1
chốt demo (user),278,AA_pure,ID,0.375305,ID,1
chốt demo (user),279,AA_pure,ID,0.099567,ID,1
chốt demo (user),280,AA_pure,ID,0.289403,ID,1
chốt demo (user),281,AA_pure,ID,0.29815,ID,1
chốt demo (user),282,AA_pure,ID,0.294905,ID,1
chốt demo (user),283,AA_pure,ID,0.281995,ID,1
chốt demo (user),284,AA_pure,ID,0.144388,ID,1
chốt demo (user),285,AA_pure,ID,0.177063,ID,1
chốt demo (user),286,AA_pure,ID,0.297252,ID,1
chốt demo (user),287,AA_pure,ID,0.238918,ID,1
chốt demo (user),288,AA_pure,ID,0.175215,ID,1
chốt demo (user),289,AA_pure,ID,0.413771,ID,1
chốt demo (user),290,AA_pure,ID,0.379217,ID,1
chốt demo (user),291,AA_pure,ID,0.207358,ID,1
chốt demo (user),292,AA_pure,ID,0.260702,ID,1
chốt demo (user),293,AA_pure,ID,0.13766,ID,1
chốt demo (user),294,AA_pure,ID,0.483677,ID,1
chốt demo (user),295,AA_pure,ID,0.229258,ID,1
chốt demo (user),296,AA_pure,ID,0.293746,ID,1
chốt demo (user),297,AA_pure,ID,0.30753,ID,1
chốt demo (user),298,AA_pure,ID,0.277061,ID,1
chốt demo (user),299,AA_pure,ID,0.218426,ID,1
chốt demo (user),300,AA_pure,ID,0.206303,ID,1
chốt demo (user),301,AA_pure,ID,0.479782,ID,1
chốt demo (user),302,AA_pure,ID,0.124015,ID,1
chốt demo (user),303,AA_pure,ID,0.188253,ID,1
chốt demo (user),304,AA_pure,ID,0.347979,ID,1
chốt demo (user),305,AA_pure,ID,0.203038,ID,1
chốt demo (user),306,AA_pure,ID,0.621802,ID,1
chốt demo (user),307,AA_pure,ID,0.147861,ID,1
chốt demo (user),308,AA_pure,ID,0.505465,ID,1
chốt demo (user),309,AA_pure,ID,0.210967,ID,1
chốt demo (user),310,AA_pure,ID,0.379515,ID,1
chốt demo (user),311,AA_pure,ID,0.308581,ID,1
chốt demo (user),312,AA_pure,ID,0.352958,ID,1
chốt demo (user),313,AA_pure,ID,0.226313,ID,1
chốt demo (user),314,AA_pure,ID,0.160714,ID,1
chốt demo (user),315,AA_pure,ID,0.282973,ID,1
chốt demo (user),316,AA_pure,ID,0.23001,ID,1
chốt demo (user),317,AA_pure,ID,0.209686,ID,1
chốt demo (user),318,AA_pure,ID,0.485774,ID,1
chốt demo (user),319,AA_pure,ID,0.232796,ID,1
chốt demo (user),320,AA_pure,ID,0.127634,ID,1
chốt demo (user),321,AA_pure,ID,0.177431,ID,1
chốt demo (user),322,AA_pure,ID,0.232408,ID,1
chốt demo (user),323,AA_pure,ID,0.324105,ID,1
chốt demo (user),324,AA_pure,ID,0.22685,ID,1
chốt demo (user),325,AA_pure,ID,0.099481,ID,1
chốt demo (user),326,AA_pure,ID,0.224891,ID,1
chốt demo (user),327,AA_pure,ID,0.170192,ID,1
chốt demo (user),328,AA_pure,ID,0.168438,ID,1
chốt demo (user),329,AA_pure,ID,0.149088,ID,1
chốt demo (user),330,AA_pure,ID,0.239633,ID,1
chốt demo (user),331,AA_pure,ID,0.147089,ID,1
chốt demo (user),332,AA_pure,ID,0.32699,ID,1
chốt demo (user),333,AA_pure,ID,0.441411,ID,1
chốt demo (user),334,AA_pure,ID,0.10476,ID,1
chốt demo (user),335,AA_pure,ID,0.265711,ID,1
chốt demo (user),336,AA_pure,ID,0.173842,ID,1
chốt demo (user),337,AA_pure,ID,0.467811,ID,1
chốt demo (user),338,AA_pure,ID,0.32186,ID,1
chốt demo (user),339,AA_pure,ID,0.311927,ID,1
chốt demo (user),340,AA_pure,ID,0.52388,ID,1
chốt demo (user),341,AA_pure,ID,0.431938,ID,1
chốt demo (user),342,AA_pure,ID,0.329808,ID,1
chốt demo (user),343,AA_pure,ID,0.150354,ID,1
chốt demo (user),344,AA_pure,ID,0.358805,ID,1
chốt demo (user),345,AA_pure,ID,0.255774,ID,1
chốt demo (user),346,AA_pure,ID,0.109188,ID,1
chốt demo (user),347,AA_pure,ID,0.420793,ID,1
chốt demo (user),348,AA_pure,ID,0.242021,ID,1
chốt demo (user),349,AA_pure,ID,0.38549,ID,1
chốt demo (user),350,AA_pure,ID,0.362766,ID,1
chốt demo (user),351,AA_pure,ID,0.339736,ID,1
chốt demo (user),352,AA_pure,ID,0.162757,ID,1
chốt demo (user),353,AA_pure,ID,0.18566,ID,1
chốt demo (user),354,AA_pure,ID,0.298889,ID,1
chốt demo (user),355,AA_pure,ID,0.106392,ID,1
chốt demo (user),356,AA_pure,ID,0.114478,ID,1
chốt demo (user),357,AA_pure,ID,0.299816,ID,1
chốt demo (user),358,AA_pure,ID,0.431608,ID,1
chốt demo (user),359,AA_pure,ID,0.229423,ID,1
chốt demo (user),360,AA_pure,ID,0.200229,ID,1
chốt demo (user),361,AA_pure,ID,0.303993,ID,1
chốt demo (user),362,AA_pure,ID,0.474465,ID,1
chốt demo (user),363,AA_pure,ID,0.319031,ID,1
chốt demo (user),364,AA_pure,ID,0.299113,ID,1
chốt demo (user),365,AA_pure,ID,0.390197,ID,1
chốt demo (user),366,AA_pure,ID,0.355776,ID,1
chốt demo (user),367,AA_pure,ID,0.470948,ID,1
chốt demo (user),368,AA_pure,ID,0.11557,ID,1
chốt demo (user),369,AA_pure,ID,0.171825,ID,1
chốt demo (user),370,AA_pure,ID,0.355832,ID,1
chốt demo (user),371,AA_pure,ID,0.237996,ID,1
chốt demo (user),372,AA_pure,ID,0.210983,ID,1
chốt demo (user),373,AA_pure,ID,0.310913,ID,1
chốt demo (user),374,AA_pure,ID,0.239644,ID,1
chốt demo (user),375,AA_pure,ID,0.404434,ID,1
chốt demo (user),376,AA_pure,ID,0.318172,ID,1
chốt demo (user),377,AA_pure,ID,0.272932,ID,1
chốt demo (user),378,AA_pure,ID,0.3108,ID,1
chốt demo (user),379,AA_pure,ID,0.136548,ID,1
chốt demo (user),380,AA_pure,ID,0.235969,ID,1
chốt demo (user),381,AA_pure,ID,0.11993,ID,1
chốt demo (user),382,AA_pure,ID,0.379599,ID,1
chốt demo (user),383,AA_pure,ID,0.156539,ID,1
chốt demo (user),384,AA_pure,ID,0.199561,ID,1
chốt demo (user),385,AA_pure,ID,0.20058,ID,1
chốt demo (user),386,AA_pure,ID,0.175028,ID,1
chốt demo (user),387,AA_pure,ID,0.585639,ID,1
chốt demo (user),388,AA_pure,ID,0.470811,ID,1
chốt demo (user),389,AA_pure,ID,0.193136,ID,1
chốt demo (user),390,AA_pure,ID,0.222522,ID,1
chốt demo (user),391,AA_pure,ID,0.141896,ID,1
chốt demo (user),392,AA_pure,ID,0.398844,ID,1
chốt demo (user),393,AA_pure,ID,0.484554,ID,1
chốt demo (user),394,AA_pure,ID,0.407298,ID,1
chốt demo (user),395,AA_pure,ID,0.102752,ID,1
chốt demo (user),396,AA_pure,ID,0.571329,ID,1
chốt demo (user),397,AA_pure,ID,0.316146,ID,1
chốt demo (user),398,AA_pure,ID,0.197506,ID,1
chốt demo (user),399,AA_pure,ID,0.159475,ID,1
chốt demo (user),400,AA_pure,ID,0.264429,ID,1
chốt demo (user),401,AA_pure,ID,0.189485,ID,1
chốt demo (user),402,AA_pure,ID,0.158045,ID,1
chốt demo (user),403,AA_pure,ID,0.415188,ID,1
chốt demo (user),404,AA_pure,ID,0.265854,ID,1
chốt demo (user),405,AA_pure,ID,0.195695,ID,1
chốt demo (user),406,AA_pure,ID,0.636332,ID,1
chốt demo (user),407,AA_pure,ID,0.202727,ID,1
chốt demo (user),408,AA_pure,ID,0.185693,ID,1
chốt demo (user),409,AA_pure,ID,0.157765,ID,1
chốt demo (user),410,AA_pure,ID,0.212329,ID,1
chốt demo (user),411,AA_pure,ID,0.119593,ID,1
chốt demo (user),412,AA_pure,ID,0.269958,ID,1
chốt demo (user),413,AA_pure,ID,0.303596,ID,1
chốt demo (user),414,AA_pure,ID,0.290063,ID,1
chốt demo (user),415,AA_pure,ID,0.56916,ID,1
chốt demo (user),416,AA_pure,ID,0.606548,ID,1
chốt demo (user),417,AA_pure,ID,0.114879,ID,1
chốt demo (user),418,AA_pure,ID,0.400515,ID,1
chốt demo (user),419,AA_pure,ID,0.352344,ID,1
chốt demo (user),420,AA_pure,ID,0.252422,ID,1
chốt demo (user),421,AA_pure,ID,0.307049,ID,1
chốt demo (user),422,AA_pure,ID,0.201245,ID,1
chốt demo (user),423,AA_pure,ID,0.139678,ID,1
chốt demo (user),424,AA_pure,ID,0.218582,ID,1
chốt demo (user),425,AA_pure,ID,0.307035,ID,1
chốt demo (user),426,AA_pure,ID,0.252247,ID,1
chốt demo (user),427,AA_pure,ID,0.249843,ID,1
chốt demo (user),428,AA_pure,ID,0.369701,ID,1
chốt demo (user),429,AA_pure,ID,0.212089,ID,1
chốt demo (user),430,AA_pure,ID,0.334466,ID,1
chốt demo (user),431,AA_pure,ID,0.31833,ID,1
chốt demo (user),432,AA_pure,ID,0.42033,ID,1
chốt demo (user),433,AA_pure,ID,0.468435,ID,1
chốt demo (user),434,AA_pure,ID,0.481109,ID,1
chốt demo (user),435,AA_pure,ID,0.194856,ID,1
chốt demo (user),436,AA_pure,ID,0.267243,ID,1
chốt demo (user),437,AA_pure,ID,0.229848,ID,1
chốt demo (user),438,AA_pure,ID,0.221459,ID,1
chốt demo (user),439,AA_pure,ID,0.263705,ID,1
chốt demo (user),440,AA_pure,ID,0.303989,ID,1
chốt demo (user),441,AA_pure,ID,0.206184,ID,1
chốt demo (user),442,AA_pure,ID,0.314375,ID,1
chốt demo (user),443,AA_pure,ID,0.239751,ID,1
chốt demo (user),444,AA_pure,ID,0.44331,ID,1
chốt demo (user),445,AA_pure,ID,0.18497,ID,1
chốt demo (user),446,AA_pure,ID,0.110863,ID,1
chốt demo (user),447,AA_pure,ID,0.158165,ID,1
chốt demo (user),448,AA_pure,ID,0.368041,ID,1
chốt demo (user),449,AA_pure,ID,0.130712,ID,1
chốt demo (user),450,AA_pure,ID,0.463728,ID,1
chốt demo (user),451,AA_pure,ID,0.186092,ID,1
chốt demo (user),452,AA_pure,ID,0.220958,ID,1
chốt demo (user),453,AA_pure,ID,0.241672,ID,1
chốt demo (user),454,AA_pure,ID,0.279465,ID,1
chốt demo (user),455,AA_pure,ID,0.457801,ID,1
chốt demo (user),456,AA_pure,ID,0.348947,ID,1
chốt demo (user),457,AA_pure,ID,0.448234,ID,1
chốt demo (user),458,AA_pure,ID,0.181885,ID,1
chốt demo (user),459,AA_pure,ID,0.155425,ID,1
chốt demo (user),460,AA_pure,ID,0.289725,ID,1
chốt demo (user),461,AA_pure,ID,0.140261,ID,1
chốt demo (user),462,AA_pure,ID,0.19987,ID,1
chốt demo (user),463,AA_pure,ID,0.173859,ID,1
chốt demo (user),464,AA_pure,ID,0.210361,ID,1
chốt demo (user),465,AA_pure,ID,0.388689,ID,1
chốt demo (user),466,AA_pure,ID,0.413837,ID,1
chốt demo (user),467,AA_pure,ID,0.229888,ID,1
chốt demo (user),468,AA_pure,ID,0.123161,ID,1
chốt demo (user),469,AA_pure,ID,0.287824,ID,1
chốt demo (user),470,AA_pure,ID,0.244029,ID,1
chốt demo (user),471,AA_pure,ID,0.194415,ID,1
chốt demo (user),472,AA_pure,ID,0.130595,ID,1
chốt demo (user),473,AA_pure,ID,0.252619,ID,1
chốt demo (user),474,AA_pure,ID,0.153623,ID,1
chốt demo (user),475,AA_pure,ID,0.235844,ID,1
chốt demo (user),476,AA_pure,ID,0.34508,ID,1
chốt demo (user),477,AA_pure,ID,0.525227,ID,1
chốt demo (user),478,AA_pure,ID,0.328343,ID,1
chốt demo (user),479,AA_pure,ID,0.660699,ID,1
chốt demo (user),480,AA_pure,ID,0.212756,ID,1
chốt demo (user),481,AA_pure,ID,0.69712,ID,1
chốt demo (user),482,AA_pure,ID,0.204691,ID,1
chốt demo (user),483,AA_pure,ID,0.246189,ID,1
chốt demo (user),484,AA_pure,ID,0.121251,ID,1
chốt demo (user),485,AA_pure,ID,0.331529,ID,1
chốt demo (user),486,AA_pure,ID,0.183814,ID,1
chốt demo (user),487,AA_pure,ID,0.12191,ID,1
chốt demo (user),488,AA_pure,ID,0.270145,ID,1
chốt demo (user),489,AA_pure,ID,0.260471,ID,1
chốt demo (user),490,AA_pure,ID,0.334281,ID,1
chốt demo (user),491,AA_pure,ID,0.136028,ID,1
chốt demo (user),492,AA_pure,ID,0.278864,ID,1
chốt demo (user),493,AA_pure,ID,0.434552,ID,1
chốt demo (user),494,AA_pure,ID,0.263141,ID,1
chốt demo (user),495,AA_pure,ID,0.305119,ID,1
chốt demo (user),496,AA_pure,ID,0.343743,ID,1
chốt demo (user),497,AA_pure,ID,0.172039,ID,1
chốt demo (user),498,AA_pure,ID,0.258203,ID,1
chốt demo (user),499,AA_pure,ID,0.28262,ID,1
chốt demo (user),500,AA_pure,ID,0.614333,ID,1
chốt demo (user),501,AA_pure,ID,0.698966,ID,1
chốt demo (user),502,AA_pure,ID,0.390883,ID,1
chốt demo (user),503,AA_pure,ID,0.431573,ID,1
chốt demo (user),504,AA_pure,ID,0.447496,ID,1
chốt demo (user),505,AA_pure,ID,0.170886,ID,1
chốt demo (user),506,AA_pure,ID,0.331504,ID,1
chốt demo (user),507,AA_pure,ID,0.216901,ID,1
chốt demo (user),508,AA_pure,ID,0.247854,ID,1
chốt demo (user),509,AA_pure,ID,0.2086,ID,1
chốt demo (user),510,AA_pure,ID,0.315965,ID,1
chốt demo (user),511,AA_pure,ID,0.161984,ID,1
chốt demo (user),512,AA_pure,ID,0.438019,ID,1
chốt demo (user),513,AA_pure,ID,0.267224,ID,1
chốt demo (user),514,AA_pure,ID,0.403614,ID,1
chốt demo (user),515,AA_pure,ID,0.159048,ID,1
chốt demo (user),516,AA_pure,ID,0.555837,ID,1
chốt demo (user),517,AA_pure,ID,0.159243,ID,1
chốt demo (user),518,AA_pure,ID,0.34872,ID,1
chốt demo (user),519,AA_pure,ID,0.126683,ID,1
chốt demo (user),520,AA_pure,ID,0.221051,ID,1
chốt demo (user),521,AA_pure,ID,0.365991,ID,1
chốt demo (user),522,AA_pure,ID,0.313548,ID,1
chốt demo (user),523,AA_pure,ID,0.502154,ID,1
chốt demo (user),524,AA_pure,ID,0.173859,ID,1
chốt demo (user),525,AA_pure,ID,0.286324,ID,1
chốt demo (user),526,AA_pure,ID,0.306014,ID,1
chốt demo (user),527,AA_pure,ID,0.243526,ID,1
chốt demo (user),528,AA_pure,ID,0.243065,ID,1
chốt demo (user),529,AA_pure,ID,0.206526,ID,1
chốt demo (user),530,AA_pure,ID,0.315071,ID,1
chốt demo (user),531,AA_pure,ID,0.21128,ID,1
chốt demo (user),532,AA_pure,ID,0.339447,ID,1
chốt demo (user),533,AA_pure,ID,0.302536,ID,1
chốt demo (user),534,AA_pure,ID,0.234087,ID,1
chốt demo (user),535,AA_pure,ID,0.319525,ID,1
chốt demo (user),536,AA_pure,ID,0.262949,ID,1
chốt demo (user),537,AA_pure,ID,0.166655,ID,1
chốt demo (user),538,AA_pure,ID,0.120444,ID,1
chốt demo (user),539,AA_pure,ID,0.699999,ID,1
chốt demo (user),540,AA_pure,ID,0.196952,ID,1
chốt demo (user),541,AA_pure,ID,0.117654,ID,1
chốt demo (user),542,AA_pure,ID,0.467434,ID,1
chốt demo (user),543,AA_pure,ID,0.252516,ID,1
chốt demo (user),544,AA_pure,ID,0.218726,ID,1
chốt demo (user),545,AA_pure,ID,0.231569,ID,1
chốt demo (user),546,AA_pure,ID,0.150786,ID,1
chốt demo (user),547,AA_pure,ID,0.568861,ID,1
chốt demo (user),548,AA_pure,ID,0.346834,ID,1
chốt demo (user),549,AA_pure,ID,0.090685,ID,1
chốt demo (user),550,AA_pure,ID,0.188928,ID,1
chốt demo (user),551,AA_pure,ID,0.569912,ID,1
chốt demo (user),552,AA_pure,ID,0.119305,ID,1
chốt demo (user),553,AA_pure,ID,0.261342,ID,1
chốt demo (user),554,AA_pure,ID,0.131771,ID,1
chốt demo (user),555,AA_pure,ID,0.277732,ID,1
chốt demo (user),556,AA_pure,ID,0.361654,ID,1
chốt demo (user),557,AA_pure,ID,0.184496,ID,1
chốt demo (user),558,AA_pure,ID,0.318758,ID,1
chốt demo (user),559,AA_pure,ID,0.382966,ID,1
chốt demo (user),560,AA_pure,ID,0.363158,ID,1
chốt demo (user),561,AA_pure,ID,0.117819,ID,1
chốt demo (user),562,AA_pure,ID,0.144231,ID,1
chốt demo (user),563,AA_pure,ID,0.225044,ID,1
chốt demo (user),564,AA_pure,ID,0.116537,ID,1
chốt demo (user),565,AA_pure,ID,0.144765,ID,1
chốt demo (user),566,AA_pure,ID,0.342709,ID,1
chốt demo (user),567,AA_pure,ID,0.331918,ID,1
chốt demo (user),568,AA_pure,ID,0.129984,ID,1
chốt demo (user),569,AA_pure,ID,0.277707,ID,1
chốt demo (user),570,AA_pure,ID,0.235747,ID,1
chốt demo (user),571,AA_pure,ID,0.287176,ID,1
chốt demo (user),572,AA_pure,ID,0.359481,ID,1
chốt demo (user),573,AA_pure,ID,0.225855,ID,1
chốt demo (user),574,AA_pure,ID,0.281947,ID,1
chốt demo (user),575,AA_pure,ID,0.325947,ID,1
chốt demo (user),576,AA_pure,ID,0.123357,ID,1
chốt demo (user),577,AA_pure,ID,0.606974,ID,1
chốt demo (user),578,AA_pure,ID,0.383026,ID,1
chốt demo (user),579,AA_pure,ID,0.223992,ID,1
chốt demo (user),580,AA_pure,ID,0.425842,ID,1
chốt demo (user),581,AA_pure,ID,0.190799,ID,1
chốt demo (user),582,AA_pure,ID,0.647066,ID,1
chốt demo (user),583,AA_pure,ID,0.167203,ID,1
chốt demo (user),584,AA_pure,ID,0.571438,ID,1
chốt demo (user),585,AA_pure,ID,0.299838,ID,1
chốt demo (user),586,AA_pure,ID,0.144,ID,1
chốt demo (user),587,AA_pure,ID,0.196473,ID,1
chốt demo (user),588,AA_pure,ID,0.306015,ID,1
chốt demo (user),589,AA_pure,ID,0.109583,ID,1
chốt demo (user),590,AA_pure,ID,0.270537,ID,1
chốt demo (user),591,AA_pure,ID,0.241506,ID,1
chốt demo (user),592,AA_pure,ID,0.271798,ID,1
chốt demo (user),593,AA_pure,ID,0.216362,ID,1
chốt demo (user),594,AA_pure,ID,0.271097,ID,1
chốt demo (user),595,AA_pure,ID,0.219985,ID,1
chốt demo (user),596,AA_pure,ID,0.668804,ID,1
chốt demo (user),597,AA_pure,ID,0.299242,ID,1
chốt demo (user),598,AA_pure,ID,0.452697,ID,1
chốt demo (user),599,AA_pure,ID,0.282283,ID,1
chốt demo (user),600,AA_pure,ID,0.379932,ID,1
chốt demo (user),601,AA_pure,ID,0.270382,ID,1
chốt demo (user),602,AA_pure,ID,0.160556,ID,1
chốt demo (user),603,AA_pure,ID,0.378361,ID,1
chốt demo (user),604,AA_pure,ID,0.29056,ID,1
chốt demo (user),605,AA_pure,ID,0.304485,ID,1
chốt demo (user),606,AA_pure,ID,0.276905,ID,1
chốt demo (user),607,AA_pure,ID,0.28585,ID,1
chốt demo (user),608,AA_pure,ID,0.324138,ID,1
chốt demo (user),609,AA_pure,ID,0.295699,ID,1
chốt demo (user),610,AA_pure,ID,0.140662,ID,1
chốt demo (user),611,AA_pure,ID,0.121303,ID,1
chốt demo (user),612,AA_pure,ID,0.393991,ID,1
chốt demo (user),613,AA_pure,ID,0.237904,ID,1
chốt demo (user),614,AA_pure,ID,0.115495,ID,1
chốt demo (user),615,AA_pure,ID,0.134609,ID,1
chốt demo (user),616,AA_pure,ID,0.245625,ID,1
chốt demo (user),617,AA_pure,ID,0.109813,ID,1
chốt demo (user),618,AA_pure,ID,0.20762,ID,1
chốt demo (user),619,AA_pure,ID,0.358733,ID,1
chốt demo (user),620,AA_pure,ID,0.253762,ID,1
chốt demo (user),621,AA_pure,ID,0.198985,ID,1
chốt demo (user),622,AA_pure,ID,0.528929,ID,1
chốt demo (user),623,AA_pure,ID,0.39711,ID,1
chốt demo (user),624,AA_pure,ID,0.335346,ID,1
chốt demo (user),625,AA_pure,ID,0.7,ID,1
chốt demo (user),626,AA_pure,ID,0.24123,ID,1
chốt demo (user),627,AA_pure,ID,0.186007,ID,1
chốt demo (user),628,AA_pure,ID,0.264532,ID,1
chốt demo (user),629,AA_pure,ID,0.145764,ID,1
chốt demo (user),630,AA_pure,ID,0.222463,ID,1
chốt demo (user),631,AA_pure,ID,0.117668,ID,1
chốt demo (user),632,AA_pure,ID,0.326846,ID,1
chốt demo (user),633,AA_pure,ID,0.124874,ID,1
chốt demo (user),634,AA_pure,ID,0.158986,ID,1
chốt demo (user),635,AA_pure,ID,0.197504,ID,1
chốt demo (user),636,AA_pure,ID,0.132168,ID,1
chốt demo (user),637,AA_pure,ID,0.184771,ID,1
chốt demo (user),638,AA_pure,ID,0.240951,ID,1
chốt demo (user),639,AA_pure,ID,0.309804,ID,1
chốt demo (user),640,AA_pure,ID,0.314166,ID,1
chốt demo (user),641,AA_pure,ID,0.558462,ID,1
chốt demo (user),642,AA_pure,ID,0.361563,ID,1
chốt demo (user),643,AA_pure,ID,0.149836,ID,1
chốt demo (user),644,AA_pure,ID,0.145222,ID,1
chốt demo (user),645,AA_pure,ID,0.203138,ID,1
chốt demo (user),646,AA_pure,ID,0.26841,ID,1
chốt demo (user),647,AA_pure,ID,0.529508,ID,1
chốt demo (user),648,AA_pure,ID,0.35675,ID,1
chốt demo (user),649,AA_pure,ID,0.200375,ID,1
chốt demo (user),650,AA_pure,ID,0.67816,ID,1
chốt demo (user),651,AA_pure,ID,0.211256,ID,1
chốt demo (user),652,AA_pure,ID,0.15598,ID,1
chốt demo (user),653,AA_pure,ID,0.318718,ID,1
chốt demo (user),654,AA_pure,ID,0.193627,ID,1
chốt demo (user),655,AA_pure,ID,0.31723,ID,1
chốt demo (user),656,AA_pure,ID,0.11928,ID,1
chốt demo (user),657,AA_pure,ID,0.258951,ID,1
chốt demo (user),658,AA_pure,ID,0.209732,ID,1
chốt demo (user),659,AA_pure,ID,0.188859,ID,1
chốt demo (user),660,AA_pure,ID,0.239448,ID,1
chốt demo (user),661,AA_pure,ID,0.157174,ID,1
chốt demo (user),662,AA_pure,ID,0.148166,ID,1
chốt demo (user),663,AA_pure,ID,0.174142,ID,1
chốt demo (user),664,AA_pure,ID,0.522303,ID,1
chốt demo (user),665,AA_pure,ID,0.293294,ID,1
chốt demo (user),666,AA_pure,ID,0.188711,ID,1
chốt demo (user),667,AA_pure,ID,0.260676,ID,1
chốt demo (user),668,AA_pure,ID,0.257946,ID,1
chốt demo (user),669,AA_pure,ID,0.181992,ID,1
chốt demo (user),670,AA_pure,ID,0.212151,ID,1
chốt demo (user),671,AA_pure,ID,0.533493,ID,1
chốt demo (user),672,AA_pure,ID,0.292499,ID,1
chốt demo (user),673,AA_pure,ID,0.250599,ID,1
chốt demo (user),674,AA_pure,ID,0.116683,ID,1
chốt demo (user),675,AA_pure,ID,0.19353,ID,1
chốt demo (user),676,AA_pure,ID,0.378145,ID,1
chốt demo (user),677,AA_pure,ID,0.514785,ID,1
chốt demo (user),678,AA_pure,ID,0.278426,ID,1
chốt demo (user),679,AA_pure,ID,0.47345,ID,1
chốt demo (user),680,AA_pure,ID,0.240536,ID,1
chốt demo (user),681,AA_pure,ID,0.177746,ID,1
chốt demo (user),682,AA_pure,ID,0.208012,ID,1
chốt demo (user),683,AA_pure,ID,0.361492,ID,1
chốt demo (user),684,AA_pure,ID,0.282994,ID,1
chốt demo (user),685,AA_pure,ID,0.571162,ID,1
chốt demo (user),686,AA_pure,ID,0.302529,ID,1
chốt demo (user),687,AA_pure,ID,0.117201,ID,1
chốt demo (user),688,AA_pure,ID,0.395473,ID,1
chốt demo (user),689,AA_pure,ID,0.195839,ID,1
chốt demo (user),690,AA_pure,ID,0.372553,ID,1
chốt demo (user),691,AA_pure,ID,0.410959,ID,1
chốt demo (user),692,AA_pure,ID,0.213727,ID,1
chốt demo (user),693,AA_pure,ID,0.206609,ID,1
chốt demo (user),694,AA_pure,ID,0.284009,ID,1
chốt demo (user),695,AA_pure,ID,0.453879,ID,1
chốt demo (user),696,AA_pure,ID,0.259465,ID,1
chốt demo (user),697,AA_pure,ID,0.168575,ID,1
chốt demo (user),698,AA_pure,ID,0.115955,ID,1
chốt demo (user),699,AA_pure,ID,0.393195,ID,1
chốt demo (user),700,AA_pure,ID,0.156534,ID,1
chốt demo (user),701,AA_pure,ID,0.382634,ID,1
chốt demo (user),702,AA_pure,ID,0.599203,ID,1
chốt demo (user),703,AA_pure,ID,0.27474,ID,1
chốt demo (user),704,AA_pure,ID,0.151793,ID,1
chốt demo (user),705,AA_pure,ID,0.19979,ID,1
chốt demo (user),706,AA_pure,ID,0.528742,ID,1
chốt demo (user),707,AA_pure,ID,0.599771,ID,1
chốt demo (user),708,AA_pure,ID,0.289626,ID,1
chốt demo (user),709,AA_pure,ID,0.287048,ID,1
chốt demo (user),710,AA_pure,ID,0.562692,ID,1
chốt demo (user),711,AA_pure,ID,0.368031,ID,1
chốt demo (user),712,AA_pure,ID,0.12314,ID,1
chốt demo (user),713,AA_pure,ID,0.266151,ID,1
chốt demo (user),714,AA_pure,ID,0.308831,ID,1
chốt demo (user),715,AA_pure,ID,0.178884,ID,1
chốt demo (user),716,AA_pure,ID,0.351253,ID,1
chốt demo (user),717,AA_pure,ID,0.308729,ID,1
chốt demo (user),718,AA_pure,ID,0.260568,ID,1
chốt demo (user),719,AA_pure,ID,0.188715,ID,1
chốt demo (user),720,AA_pure,ID,0.413112,ID,1
chốt demo (user),721,AA_pure,ID,0.420509,ID,1
chốt demo (user),722,AA_pure,ID,0.453553,ID,1
chốt demo (user),723,AA_pure,ID,0.698251,ID,1
chốt demo (user),724,AA_pure,ID,0.17701,ID,1
chốt demo (user),725,AA_pure,ID,0.208637,ID,1
chốt demo (user),726,AA_pure,ID,0.231622,ID,1
chốt demo (user),727,AA_pure,ID,0.482601,ID,1
chốt demo (user),728,AA_pure,ID,0.215491,ID,1
chốt demo (user),729,AA_pure,ID,0.372382,ID,1
chốt demo (user),730,AA_pure,ID,0.153905,ID,1
chốt demo (user),731,AA_pure,ID,0.327915,ID,1
chốt demo (user),732,AA_pure,ID,0.334444,ID,1
chốt demo (user),733,AA_pure,ID,0.21575,ID,1
chốt demo (user),734,AA_pure,ID,0.169658,ID,1
chốt demo (user),735,AA_pure,ID,0.119665,ID,1
chốt demo (user),736,AA_pure,ID,0.425497,ID,1
chốt demo (user),737,AA_pure,ID,0.112324,ID,1
chốt demo (user),738,AA_pure,ID,0.212703,ID,1
chốt demo (user),739,AA_pure,ID,0.132218,ID,1
chốt demo (user),740,AA_pure,ID,0.190377,ID,1
chốt demo (user),741,AA_pure,ID,0.306503,ID,1
chốt demo (user),742,AA_pure,ID,0.074828,ID,1
chốt demo (user),743,AA_pure,ID,0.120128,ID,1
chốt demo (user),744,AA_pure,ID,0.381214,ID,1
chốt demo (user),745,AA_pure,ID,0.510298,ID,1
chốt demo (user),746,AA_pure,ID,0.193145,ID,1
chốt demo (user),747,AA_pure,ID,0.352462,ID,1
chốt demo (user),748,AA_pure,ID,0.325866,ID,1
chốt demo (user),749,AA_pure,ID,0.149242,ID,1
chốt demo (user),750,AA_pure,ID,0.223366,ID,1
chốt demo (user),751,AA_pure,ID,0.243647,ID,1
chốt demo (user),752,AA_pure,ID,0.322008,ID,1
chốt demo (user),753,AA_pure,ID,0.29801,ID,1
chốt demo (user),754,AA_pure,ID,0.256767,ID,1
chốt demo (user),755,AA_pure,ID,0.288876,ID,1
chốt demo (user),756,AA_pure,ID,0.387011,ID,1
chốt demo (user),757,AA_pure,ID,0.14886,ID,1
chốt demo (user),758,AA_pure,ID,0.434225,ID,1
chốt demo (user),759,AA_pure,ID,0.314751,ID,1
chốt demo (user),760,AA_pure,ID,0.192588,ID,1
chốt demo (user),761,AA_pure,ID,0.286242,ID,1
chốt demo (user),762,AA_pure,ID,0.157558,ID,1
chốt demo (user),763,AA_pure,ID,0.270064,ID,1
chốt demo (user),764,AA_pure,ID,0.243101,ID,1
chốt demo (user),765,AA_pure,ID,0.120978,ID,1
chốt demo (user),766,AA_pure,ID,0.249181,ID,1
chốt demo (user),767,AA_pure,ID,0.350891,ID,1
chốt demo (user),768,AA_pure,ID,0.10965,ID,1
chốt demo (user),769,AA_pure,ID,0.502251,ID,1
chốt demo (user),770,AA_pure,ID,0.23031,ID,1
chốt demo (user),771,AA_pure,ID,0.224132,ID,1
chốt demo (user),772,AA_pure,ID,0.301814,ID,1
chốt demo (user),773,AA_pure,ID,0.168716,ID,1
chốt demo (user),774,AA_pure,ID,0.265887,ID,1
chốt demo (user),775,AA_pure,ID,0.415783,ID,1
chốt demo (user),776,AA_pure,ID,0.196367,ID,1
chốt demo (user),777,AA_pure,ID,0.113363,ID,1
chốt demo (user),778,AA_pure,ID,0.12397,ID,1
chốt demo (user),779,AA_pure,ID,0.254678,ID,1
chốt demo (user),780,AA_pure,ID,0.22227,ID,1
chốt demo (user),781,AA_pure,ID,0.133767,ID,1
chốt demo (user),782,AA_pure,ID,0.090896,ID,1
chốt demo (user),783,AA_pure,ID,0.184458,ID,1
chốt demo (user),784,AA_pure,ID,0.126624,ID,1
chốt demo (user),785,AA_pure,ID,0.311921,ID,1
chốt demo (user),786,AA_pure,ID,0.111906,ID,1
chốt demo (user),787,AA_pure,ID,0.310631,ID,1
chốt demo (user),788,AA_pure,ID,0.263152,ID,1
chốt demo (user),789,AA_pure,ID,0.295718,ID,1
chốt demo (user),790,AA_pure,ID,0.450681,ID,1
chốt demo (user),791,AA_pure,ID,0.278824,ID,1
chốt demo (user),792,AA_pure,ID,0.3999,ID,1
chốt demo (user),793,AA_pure,ID,0.208916,ID,1
chốt demo (user),794,AA_pure,ID,0.233996,ID,1
chốt demo (user),795,AA_pure,ID,0.401232,ID,1
chốt demo (user),796,AA_pure,ID,0.122041,ID,1
chốt demo (user),797,AA_pure,ID,0.23949,ID,1
chốt demo (user),798,AA_pure,ID,0.386034,ID,1
chốt demo (user),799,AA_pure,ID,0.171894,ID,1
chốt demo (user),800,AA_pure,ID,0.261923,ID,1
chốt demo (user),801,AA_pure,ID,0.321136,ID,1
chốt demo (user),802,AA_pure,ID,0.384244,ID,1
chốt demo (user),803,AA_pure,ID,0.162186,ID,1
chốt demo (user),804,AA_pure,ID,0.271149,ID,1
chốt demo (user),805,AA_pure,ID,0.199404,ID,1
chốt demo (user),806,AA_pure,ID,0.106559,ID,1
chốt demo (user),807,AA_pure,ID,0.191223,ID,1
chốt demo (user),808,AA_pure,ID,0.197497,ID,1
chốt demo (user),809,AA_pure,ID,0.606498,ID,1
chốt demo (user),810,AA_pure,ID,0.188474,ID,1
chốt demo (user),811,AA_pure,ID,0.282892,ID,1
chốt demo (user),812,AA_pure,ID,0.122502,ID,1
chốt demo (user),813,AA_pure,ID,0.348997,ID,1
chốt demo (user),814,AA_pure,ID,0.270984,ID,1
chốt demo (user),815,AA_pure,ID,0.629685,ID,1
chốt demo (user),816,AA_pure,ID,0.386623,ID,1
chốt demo (user),817,AA_pure,ID,0.331833,ID,1
chốt demo (user),818,AA_pure,ID,0.281973,ID,1
chốt demo (user),819,AA_pure,ID,0.393346,ID,1
chốt demo (user),820,AA_pure,ID,0.143008,ID,1
chốt demo (user),821,AA_pure,ID,0.15255,ID,1
chốt demo (user),822,AA_pure,ID,0.392342,ID,1
chốt demo (user),823,AA_pure,ID,0.394313,ID,1
chốt demo (user),824,AA_pure,ID,0.145472,ID,1
chốt demo (user),825,AA_pure,ID,0.100084,ID,1
chốt demo (user),826,AA_pure,ID,0.216903,ID,1
chốt demo (user),827,AA_pure,ID,0.216389,ID,1
chốt demo (user),828,AA_pure,ID,0.114475,ID,1
chốt demo (user),829,AA_pure,ID,0.276856,ID,1
chốt demo (user),830,AA_pure,ID,0.374788,ID,1
chốt demo (user),831,AA_pure,ID,0.087213,ID,1
chốt demo (user),832,AA_pure,ID,0.117261,ID,1
chốt demo (user),833,AA_pure,ID,0.160607,ID,1
chốt demo (user),834,AA_pure,ID,0.301508,ID,1
chốt demo (user),835,AA_pure,ID,0.393734,ID,1
chốt demo (user),836,AA_pure,ID,0.287579,ID,1
chốt demo (user),837,AA_pure,ID,0.263478,ID,1
chốt demo (user),838,AA_pure,ID,0.186924,ID,1
chốt demo (user),839,AA_pure,ID,0.207708,ID,1
chốt demo (user),840,AA_pure,ID,0.35153,ID,1
chốt demo (user),841,AA_pure,ID,0.699999,ID,1
chốt demo (user),842,AA_pure,ID,0.335449,ID,1
chốt demo (user),843,AA_pure,ID,0.415952,ID,1
chốt demo (user),844,AA_pure,ID,0.39773,ID,1
chốt demo (user),845,AA_pure,ID,0.142407,ID,1
chốt demo (user),846,AA_pure,ID,0.542853,ID,1
chốt demo (user),847,AA_pure,ID,0.220758,ID,1
chốt demo (user),848,AA_pure,ID,0.093556,ID,1
chốt demo (user),849,AA_pure,ID,0.16952,ID,1
chốt demo (user),850,AA_pure,ID,0.257293,ID,1
chốt demo (user),851,AA_pure,ID,0.096166,ID,1
chốt demo (user),852,AA_pure,ID,0.25014,ID,1
chốt demo (user),853,AA_pure,ID,0.163179,ID,1
chốt demo (user),854,AA_pure,ID,0.381405,ID,1
chốt demo (user),855,AA_pure,ID,0.13535,ID,1
chốt demo (user),856,AA_pure,ID,0.237778,ID,1
chốt demo (user),857,AA_pure,ID,0.434639,ID,1
chốt demo (user),858,AA_pure,ID,0.172682,ID,1
chốt demo (user),859,AA_pure,ID,0.147465,ID,1
chốt demo (user),860,AA_pure,ID,0.27372,ID,1
chốt demo (user),861,AA_pure,ID,0.337766,ID,1
chốt demo (user),862,AA_pure,ID,0.296601,ID,1
chốt demo (user),863,AA_pure,ID,0.248748,ID,1
chốt demo (user),864,AA_pure,ID,0.221728,ID,1
chốt demo (user),865,AA_pure,ID,0.401084,ID,1
chốt demo (user),866,AA_pure,ID,0.531135,ID,1
chốt demo (user),867,AA_pure,ID,0.185734,ID,1
chốt demo (user),868,AA_pure,ID,0.254918,ID,1
chốt demo (user),869,AA_pure,ID,0.283469,ID,1
chốt demo (user),870,AA_pure,ID,0.349533,ID,1
chốt demo (user),871,AA_pure,ID,0.175687,ID,1
chốt demo (user),872,AA_pure,ID,0.268311,ID,1
chốt demo (user),873,AA_pure,ID,0.395408,ID,1
chốt demo (user),874,AA_pure,ID,0.101373,ID,1
chốt demo (user),875,AA_pure,ID,0.162361,ID,1
chốt demo (user),876,AA_pure,ID,0.137075,ID,1
chốt demo (user),877,AA_pure,ID,0.129442,ID,1
chốt demo (user),878,AA_pure,ID,0.274697,ID,1
chốt demo (user),879,AA_pure,ID,0.360936,ID,1
chốt demo (user),880,AA_pure,ID,0.484539,ID,1
chốt demo (user),881,AA_pure,ID,0.542844,ID,1
chốt demo (user),882,AA_pure,ID,0.210971,ID,1
chốt demo (user),883,AA_pure,ID,0.23199,ID,1
chốt demo (user),884,AA_pure,ID,0.412945,ID,1
chốt demo (user),885,AA_pure,ID,0.124038,ID,1
chốt demo (user),886,AA_pure,ID,0.330858,ID,1
chốt demo (user),887,AA_pure,ID,0.362447,ID,1
chốt demo (user),888,AA_pure,ID,0.266108,ID,1
chốt demo (user),889,AA_pure,ID,0.314204,ID,1
chốt demo (user),890,AA_pure,ID,0.241298,ID,1
chốt demo (user),891,AA_pure,ID,0.227999,ID,1
chốt demo (user),892,AA_pure,ID,0.393456,ID,1
chốt demo (user),893,AA_pure,ID,0.218143,ID,1
chốt demo (user),894,AA_pure,ID,0.244315,ID,1
chốt demo (user),895,AA_pure,ID,0.379308,ID,1
chốt demo (user),896,AA_pure,ID,0.456246,ID,1
chốt demo (user),897,AA_pure,ID,0.110434,ID,1
chốt demo (user),898,AA_pure,ID,0.237498,ID,1
chốt demo (user),899,AA_pure,ID,0.325,ID,1
chốt demo (user),900,AA_pure,ID,0.204155,ID,1
chốt demo (user),901,AA_pure,ID,0.158245,ID,1
chốt demo (user),902,AA_pure,ID,0.349795,ID,1
chốt demo (user),903,AA_pure,ID,0.111674,ID,1
chốt demo (user),904,AA_pure,ID,0.113579,ID,1
chốt demo (user),905,AA_pure,ID,0.282679,ID,1
chốt demo (user),906,AA_pure,ID,0.295288,ID,1
chốt demo (user),907,AA_pure,ID,0.18013,ID,1
chốt demo (user),908,AA_pure,ID,0.346271,ID,1
chốt demo (user),909,AA_pure,ID,0.344393,ID,1
chốt demo (user),910,AA_pure,ID,0.201514,ID,1
chốt demo (user),911,AA_pure,ID,0.398365,ID,1
chốt demo (user),912,AA_pure,ID,0.450026,ID,1
chốt demo (user),913,AA_pure,ID,0.159771,ID,1
chốt demo (user),914,AA_pure,ID,0.094558,ID,1
chốt demo (user),915,AA_pure,ID,0.170398,ID,1
chốt demo (user),916,AA_pure,ID,0.222284,ID,1
chốt demo (user),917,AA_pure,ID,0.25493,ID,1
chốt demo (user),918,AA_pure,ID,0.109187,ID,1
chốt demo (user),919,AA_pure,ID,0.258844,ID,1
chốt demo (user),920,AA_pure,ID,0.153631,ID,1
chốt demo (user),921,AA_pure,ID,0.209629,ID,1
chốt demo (user),922,AA_pure,ID,0.51958,ID,1
chốt demo (user),923,AA_pure,ID,0.370689,ID,1
chốt demo (user),924,AA_pure,ID,0.225952,ID,1
chốt demo (user),925,AA_pure,ID,0.145714,ID,1
chốt demo (user),926,AA_pure,ID,0.456039,ID,1
chốt demo (user),927,AA_pure,ID,0.153968,ID,1
chốt demo (user),928,AA_pure,ID,0.537694,ID,1
chốt demo (user),929,AA_pure,ID,0.195052,ID,1
chốt demo (user),930,AA_pure,ID,0.207355,ID,1
chốt demo (user),931,AA_pure,ID,0.236928,ID,1
chốt demo (user),932,AA_pure,ID,0.234066,ID,1
chốt demo (user),933,AA_pure,ID,0.176186,ID,1
chốt demo (user),934,AA_pure,ID,0.143707,ID,1
chốt demo (user),935,AA_pure,ID,0.342034,ID,1
chốt demo (user),936,AA_pure,ID,0.157313,ID,1
chốt demo (user),937,AA_pure,ID,0.259542,ID,1
chốt demo (user),938,AA_pure,ID,0.345842,ID,1
chốt demo (user),939,AA_pure,ID,0.35722,ID,1
chốt demo (user),940,AA_pure,ID,0.296782,ID,1
chốt demo (user),941,AA_pure,ID,0.269099,ID,1
chốt demo (user),942,AA_pure,ID,0.203908,ID,1
chốt demo (user),943,AA_pure,ID,0.204741,ID,1
chốt demo (user),944,AA_pure,ID,0.133981,ID,1
chốt demo (user),945,AA_pure,ID,0.397049,ID,1
chốt demo (user),946,AA_pure,ID,0.330769,ID,1
chốt demo (user),947,AA_pure,ID,0.132902,ID,1
chốt demo (user),948,AA_pure,ID,0.203708,ID,1
chốt demo (user),949,AA_pure,ID,0.353085,ID,1
chốt demo (user),950,AA_pure,ID,0.172545,ID,1
chốt demo (user),951,AA_pure,ID,0.269635,ID,1
chốt demo (user),952,AA_pure,ID,0.212791,ID,1
chốt demo (user),953,AA_pure,ID,0.241512,ID,1
chốt demo (user),954,AA_pure,ID,0.15898,ID,1
chốt demo (user),955,AA_pure,ID,0.253358,ID,1
chốt demo (user),956,AA_pure,ID,0.196227,ID,1
chốt demo (user),957,AA_pure,ID,0.256807,ID,1
chốt demo (user),958,AA_pure,ID,0.693168,ID,1
chốt demo (user),959,AA_pure,ID,0.286978,ID,1
chốt demo (user),960,AA_pure,ID,0.299742,ID,1
chốt demo (user),961,AA_pure,ID,0.225158,ID,1
chốt demo (user),962,AA_pure,ID,0.234512,ID,1
chốt demo (user),963,AA_pure,ID,0.497435,ID,1
chốt demo (user),964,AA_pure,ID,0.159082,ID,1
chốt demo (user),965,AA_pure,ID,0.12215,ID,1
chốt demo (user),966,AA_pure,ID,0.580727,ID,1
chốt demo (user),967,AA_pure,ID,0.247043,ID,1
chốt demo (user),968,AA_pure,ID,0.124646,ID,1
chốt demo (user),969,AA_pure,ID,0.444366,ID,1
chốt demo (user),970,AA_pure,ID,0.504958,ID,1
chốt demo (user),971,AA_pure,ID,0.150231,ID,1
chốt demo (user),972,AA_pure,ID,0.347526,ID,1
chốt demo (user),0,AAM_mineral_rich,OOD,0.465502,ID,0
chốt demo (user),1,AAM_mineral_rich,OOD,0.7,ID,0
chốt demo (user),2,AAM_mineral_rich,OOD,0.7,ID,0
chốt demo (user),3,AAM_mineral_rich,OOD,0.699988,ID,0
chốt demo (user),4,AAM_mineral_rich,OOD,0.7,ID,0
chốt demo (user),5,AAM_mineral_rich,OOD,0.7,ID,0
chốt demo (user),6,AAM_mineral_rich,OOD,0.699999,ID,0
chốt demo (user),7,AAM_mineral_rich,OOD,0.7,ID,0
chốt demo (user),8,AAM_mineral_rich,OOD,0.7,ID,0
chốt demo (user),9,AAM_mineral_rich,OOD,0.452959,ID,0
chốt demo (user),10,AAM_mineral_rich,OOD,0.7,ID,0
chốt demo (user),11,AAM_mineral_rich,OOD,0.7,ID,0
chốt demo (user),12,AAM_mineral_rich,OOD,0.7,ID,0
chốt demo (user),13,AAM_mineral_rich,OOD,0.7,ID,0
chốt demo (user),14,AAM_mineral_rich,OOD,0.7,ID,0
chốt demo (user),15,AAM_mineral_rich,OOD,0.699992,ID,0
chốt demo (user),16,AAM_mineral_rich,OOD,0.7,ID,0
chốt demo (user),17,AAM_mineral_rich,OOD,0.699884,ID,0
chốt demo (user),18,AAM_mineral_rich,OOD,0.7,ID,0
chốt demo (user),19,AAM_mineral_rich,OOD,0.697981,ID,0
chốt demo (user),20,AAM_mineral_rich,OOD,0.699995,ID,0
chốt demo (user),21,AAM_mineral_rich,OOD,0.7,ID,0
chốt demo (user),22,AAM_mineral_rich,OOD,0.7,ID,0
chốt demo (user),23,AAM_mineral_rich,OOD,0.7,ID,0
chốt demo (user),24,AAM_mineral_rich,OOD,0.7,ID,0
chốt demo (user),25,AAM_mineral_rich,OOD,0.7,ID,0
chốt demo (user),26,AAM_mineral_rich,OOD,0.7,ID,0
chốt demo (user),27,AAM_mineral_rich,OOD,0.347197,ID,0
chốt demo (user),28,AAM_mineral_rich,OOD,0.696825,ID,0
chốt demo (user),29,AAM_mineral_rich,OOD,0.7,ID,0
chốt demo (user),30,AAM_mineral_rich,OOD,0.7,ID,0
chốt demo (user),31,AAM_mineral_rich,OOD,0.699761,ID,0
chốt demo (user),32,AAM_mineral_rich,OOD,0.7,ID,0
chốt demo (user),33,AAM_mineral_rich,OOD,0.7,ID,0
chốt demo (user),34,AAM_mineral_rich,OOD,0.7,ID,0
chốt demo (user),35,AAM_mineral_rich,OOD,0.7,ID,0
chốt demo (user),36,AAM_mineral_rich,OOD,0.67295,ID,0
chốt demo (user),37,AAM_mineral_rich,OOD,0.7,ID,0
chốt demo (user),38,AAM_mineral_rich,OOD,0.7,ID,0
chốt demo (user),39,AAM_mineral_rich,OOD,0.7,ID,0
chốt demo (user),40,AAM_mineral_rich,OOD,0.699998,ID,0
chốt demo (user),41,AAM_mineral_rich,OOD,0.7,ID,0
chốt demo (user),42,AAM_mineral_rich,OOD,0.7,ID,0
chốt demo (user),43,AAM_mineral_rich,OOD,0.7,ID,0
chốt demo (user),44,AAM_mineral_rich,OOD,0.699753,ID,0
chốt demo (user),45,AAM_mineral_rich,OOD,0.699996,ID,0
chốt demo (user),46,AAM_mineral_rich,OOD,0.7,ID,0
chốt demo (user),47,AAM_mineral_rich,OOD,0.688899,ID,0
chốt demo (user),48,AAM_mineral_rich,OOD,0.696437,ID,0
chốt demo (user),49,AAM_mineral_rich,OOD,0.699999,ID,0
chốt demo (user),50,AAM_mineral_rich,OOD,0.7,ID,0
chốt demo (user),51,AAM_mineral_rich,OOD,0.467328,ID,0
chốt demo (user),52,AAM_mineral_rich,OOD,0.7,ID,0
chốt demo (user),53,AAM_mineral_rich,OOD,0.7,ID,0
chốt demo (user),54,AAM_mineral_rich,OOD,0.698782,ID,0
chốt demo (user),55,AAM_mineral_rich,OOD,0.698422,ID,0
chốt demo (user),56,AAM_mineral_rich,OOD,0.7,ID,0
chốt demo (user),57,AAM_mineral_rich,OOD,0.690841,ID,0
chốt demo (user),58,AAM_mineral_rich,OOD,0.7,ID,0
chốt demo (user),59,AAM_mineral_rich,OOD,0.699811,ID,0
chốt demo (user),60,AAM_mineral_rich,OOD,0.7,ID,0
chốt demo (user),61,AAM_mineral_rich,OOD,0.7,ID,0
chốt demo (user),62,AAM_mineral_rich,OOD,0.698389,ID,0
chốt demo (user),63,AAM_mineral_rich,OOD,0.7,ID,0
chốt demo (user),64,AAM_mineral_rich,OOD,0.7,ID,0
chốt demo (user),65,AAM_mineral_rich,OOD,0.7,ID,0
chốt demo (user),66,AAM_mineral_rich,OOD,0.691611,ID,0
chốt demo (user),67,AAM_mineral_rich,OOD,0.7,ID,0
chốt demo (user),68,AAM_mineral_rich,OOD,0.607308,ID,0
chốt demo (user),69,AAM_mineral_rich,OOD,0.699988,ID,0
chốt demo (user),70,AAM_mineral_rich,OOD,0.7,ID,0
chốt demo (user),71,AAM_mineral_rich,OOD,0.699996,ID,0
chốt demo (user),72,AAM_mineral_rich,OOD,0.7,ID,0
chốt demo (user),73,AAM_mineral_rich,OOD,0.7,ID,0
chốt demo (user),74,AAM_mineral_rich,OOD,0.7,ID,0
chốt demo (user),75,AAM_mineral_rich,OOD,0.7,ID,0
chốt demo (user),76,AAM_mineral_rich,OOD,0.7,ID,0
chốt demo (user),77,AAM_mineral_rich,OOD,0.697773,ID,0
chốt demo (user),78,AAM_mineral_rich,OOD,0.7,ID,0
chốt demo (user),79,AAM_mineral_rich,OOD,0.699997,ID,0
chốt demo (user),80,AAM_mineral_rich,OOD,0.699973,ID,0
chốt demo (user),81,AAM_mineral_rich,OOD,0.698559,ID,0
chốt demo (user),82,AAM_mineral_rich,OOD,0.7,ID,0
chốt demo (user),83,AAM_mineral_rich,OOD,0.7,ID,0
chốt demo (user),84,AAM_mineral_rich,OOD,0.7,ID,0
chốt demo (user),85,AAM_mineral_rich,OOD,0.7,ID,0
chốt demo (user),86,AAM_mineral_rich,OOD,0.7,ID,0
chốt demo (user),87,AAM_mineral_rich,OOD,0.7,ID,0
chốt demo (user),88,AAM_mineral_rich,OOD,0.7,ID,0
chốt demo (user),89,AAM_mineral_rich,OOD,0.7,ID,0
chốt demo (user),90,AAM_mineral_rich,OOD,0.7,ID,0
chốt demo (user),91,AAM_mineral_rich,OOD,0.69463,ID,0
chốt demo (user),92,AAM_mineral_rich,OOD,0.7,ID,0
chốt demo (user),93,AAM_mineral_rich,OOD,0.675393,ID,0
chốt demo (user),94,AAM_mineral_rich,OOD,0.649914,ID,0
chốt demo (user),95,AAM_mineral_rich,OOD,0.7,ID,0
chốt demo (user),96,AAM_mineral_rich,OOD,0.696341,ID,0
chốt demo (user),97,AAM_mineral_rich,OOD,0.7,ID,0
chốt demo (user),98,AAM_mineral_rich,OOD,0.7,ID,0
chốt demo (user),99,AAM_mineral_rich,OOD,0.7,ID,0
chốt demo (user),100,AAM_mineral_rich,OOD,0.7,ID,0
chốt demo (user),101,AAM_mineral_rich,OOD,0.7,ID,0
chốt demo (user),102,AAM_mineral_rich,OOD,0.696374,ID,0
chốt demo (user),103,AAM_mineral_rich,OOD,0.7,ID,0
chốt demo (user),104,AAM_mineral_rich,OOD,0.7,ID,0
chốt demo (user),105,AAM_mineral_rich,OOD,0.7,ID,0
chốt demo (user),106,AAM_mineral_rich,OOD,0.699893,ID,0
chốt demo (user),107,AAM_mineral_rich,OOD,0.7,ID,0
chốt demo (user),108,AAM_mineral_rich,OOD,0.69132,ID,0
chốt demo (user),109,AAM_mineral_rich,OOD,0.7,ID,0
chốt demo (user),110,AAM_mineral_rich,OOD,0.692317,ID,0
chốt demo (user),111,AAM_mineral_rich,OOD,0.7,ID,0
chốt demo (user),112,AAM_mineral_rich,OOD,0.699954,ID,0
chốt demo (user),113,AAM_mineral_rich,OOD,0.699987,ID,0
chốt demo (user),114,AAM_mineral_rich,OOD,0.699955,ID,0
chốt demo (user),115,AAM_mineral_rich,OOD,0.7,ID,0
chốt demo (user),116,AAM_mineral_rich,OOD,0.694401,ID,0
chốt demo (user),117,AAM_mineral_rich,OOD,0.7,ID,0
chốt demo (user),118,AAM_mineral_rich,OOD,0.7,ID,0
chốt demo (user),119,AAM_mineral_rich,OOD,0.69998,ID,0
chốt demo (user),120,AAM_mineral_rich,OOD,0.698592,ID,0
chốt demo (user),121,AAM_mineral_rich,OOD,0.7,ID,0
chốt demo (user),122,AAM_mineral_rich,OOD,0.7,ID,0
chốt demo (user),123,AAM_mineral_rich,OOD,0.639001,ID,0
chốt demo (user),124,AAM_mineral_rich,OOD,0.7,ID,0
chốt demo (user),125,AAM_mineral_rich,OOD,0.693624,ID,0
chốt demo (user),126,AAM_mineral_rich,OOD,0.696857,ID,0
chốt demo (user),127,AAM_mineral_rich,OOD,0.684137,ID,0
chốt demo (user),128,AAM_mineral_rich,OOD,0.699998,ID,0
chốt demo (user),129,AAM_mineral_rich,OOD,0.699974,ID,0
chốt demo (user),130,AAM_mineral_rich,OOD,0.7,ID,0
chốt demo (user),131,AAM_mineral_rich,OOD,0.699466,ID,0
chốt demo (user),132,AAM_mineral_rich,OOD,0.699871,ID,0
chốt demo (user),133,AAM_mineral_rich,OOD,0.639984,ID,0
chốt demo (user),134,AAM_mineral_rich,OOD,0.7,ID,0
chốt demo (user),135,AAM_mineral_rich,OOD,0.699949,ID,0
chốt demo (user),136,AAM_mineral_rich,OOD,0.7,ID,0
chốt demo (user),137,AAM_mineral_rich,OOD,0.7,ID,0
chốt demo (user),138,AAM_mineral_rich,OOD,0.699999,ID,0
chốt demo (user),139,AAM_mineral_rich,OOD,0.7,ID,0
chốt demo (user),140,AAM_mineral_rich,OOD,0.7,ID,0
chốt demo (user),141,AAM_mineral_rich,OOD,0.7,ID,0
chốt demo (user),142,AAM_mineral_rich,OOD,0.7,ID,0
chốt demo (user),143,AAM_mineral_rich,OOD,0.679976,ID,0
chốt demo (user),144,AAM_mineral_rich,OOD,0.7,ID,0
chốt demo (user),145,AAM_mineral_rich,OOD,0.7,ID,0
chốt demo (user),146,AAM_mineral_rich,OOD,0.7,ID,0
chốt demo (user),147,AAM_mineral_rich,OOD,0.7,ID,0
chốt demo (user),148,AAM_mineral_rich,OOD,0.673922,ID,0
chốt demo (user),149,AAM_mineral_rich,OOD,0.7,ID,0
chốt demo (user),150,AAM_mineral_rich,OOD,0.7,ID,0
chốt demo (user),151,AAM_mineral_rich,OOD,0.699997,ID,0
chốt demo (user),152,AAM_mineral_rich,OOD,0.7,ID,0
chốt demo (user),153,AAM_mineral_rich,OOD,0.7,ID,0
chốt demo (user),154,AAM_mineral_rich,OOD,0.7,ID,0
chốt demo (user),155,AAM_mineral_rich,OOD,0.7,ID,0
chốt demo (user),156,AAM_mineral_rich,OOD,0.7,ID,0
chốt demo (user),157,AAM_mineral_rich,OOD,0.7,ID,0
chốt demo (user),158,AAM_mineral_rich,OOD,0.7,ID,0
chốt demo (user),159,AAM_mineral_rich,OOD,0.699932,ID,0
chốt demo (user),160,AAM_mineral_rich,OOD,0.7,ID,0
chốt demo (user),161,AAM_mineral_rich,OOD,0.699986,ID,0
chốt demo (user),162,AAM_mineral_rich,OOD,0.7,ID,0
chốt demo (user),163,AAM_mineral_rich,OOD,0.7,ID,0
chốt demo (user),164,AAM_mineral_rich,OOD,0.699964,ID,0
chốt demo (user),165,AAM_mineral_rich,OOD,0.7,ID,0
chốt demo (user),166,AAM_mineral_rich,OOD,0.699983,ID,0
chốt demo (user),167,AAM_mineral_rich,OOD,0.7,ID,0
chốt demo (user),168,AAM_mineral_rich,OOD,0.7,ID,0
chốt demo (user),169,AAM_mineral_rich,OOD,0.7,ID,0
chốt demo (user),170,AAM_mineral_rich,OOD,0.7,ID,0
chốt demo (user),171,AAM_mineral_rich,OOD,0.601399,ID,0
chốt demo (user),172,AAM_mineral_rich,OOD,0.63897,ID,0
chốt demo (user),173,AAM_mineral_rich,OOD,0.7,ID,0
chốt demo (user),174,AAM_mineral_rich,OOD,0.7,ID,0
chốt demo (user),175,AAM_mineral_rich,OOD,0.7,ID,0
chốt demo (user),176,AAM_mineral_rich,OOD,0.7,ID,0
chốt demo (user),177,AAM_mineral_rich,OOD,0.7,ID,0
chốt demo (user),178,AAM_mineral_rich,OOD,0.699997,ID,0
chốt demo (user),179,AAM_mineral_rich,OOD,0.699524,ID,0
chốt demo (user),180,AAM_mineral_rich,OOD,0.699998,ID,0
chốt demo (user),181,AAM_mineral_rich,OOD,0.698832,ID,0
chốt demo (user),182,AAM_mineral_rich,OOD,0.7,ID,0
chốt demo (user),183,AAM_mineral_rich,OOD,0.7,ID,0
chốt demo (user),184,AAM_mineral_rich,OOD,0.7,ID,0
chốt demo (user),185,AAM_mineral_rich,OOD,0.699999,ID,0
chốt demo (user),186,AAM_mineral_rich,OOD,0.698829,ID,0
chốt demo (user),187,AAM_mineral_rich,OOD,0.7,ID,0
chốt demo (user),188,AAM_mineral_rich,OOD,0.7,ID,0
chốt demo (user),189,AAM_mineral_rich,OOD,0.7,ID,0
chốt demo (user),190,AAM_mineral_rich,OOD,0.7,ID,0
chốt demo (user),191,AAM_mineral_rich,OOD,0.47581,ID,0
chốt demo (user),192,AAM_mineral_rich,OOD,0.7,ID,0
chốt demo (user),193,AAM_mineral_rich,OOD,0.699766,ID,0
chốt demo (user),194,AAM_mineral_rich,OOD,0.7,ID,0
chốt demo (user),195,AAM_mineral_rich,OOD,0.7,ID,0
chốt demo (user),196,AAM_mineral_rich,OOD,0.7,ID,0
chốt demo (user),197,AAM_mineral_rich,OOD,0.69998,ID,0
chốt demo (user),198,AAM_mineral_rich,OOD,0.699956,ID,0
chốt demo (user),199,AAM_mineral_rich,OOD,0.7,ID,0
chốt demo (user),200,AAM_mineral_rich,OOD,0.682005,ID,0
chốt demo (user),201,AAM_mineral_rich,OOD,0.7,ID,0
chốt demo (user),202,AAM_mineral_rich,OOD,0.7,ID,0
chốt demo (user),203,AAM_mineral_rich,OOD,0.69996,ID,0
chốt demo (user),204,AAM_mineral_rich,OOD,0.7,ID,0
chốt demo (user),205,AAM_mineral_rich,OOD,0.7,ID,0
chốt demo (user),206,AAM_mineral_rich,OOD,0.7,ID,0
chốt demo (user),207,AAM_mineral_rich,OOD,0.69985,ID,0
chốt demo (user),208,AAM_mineral_rich,OOD,0.699994,ID,0
chốt demo (user),209,AAM_mineral_rich,OOD,0.7,ID,0
chốt demo (user),210,AAM_mineral_rich,OOD,0.699989,ID,0
chốt demo (user),211,AAM_mineral_rich,OOD,0.7,ID,0
chốt demo (user),212,AAM_mineral_rich,OOD,0.7,ID,0
chốt demo (user),213,AAM_mineral_rich,OOD,0.7,ID,0
chốt demo (user),214,AAM_mineral_rich,OOD,0.680685,ID,0
chốt demo (user),215,AAM_mineral_rich,OOD,0.7,ID,0
chốt demo (user),216,AAM_mineral_rich,OOD,0.7,ID,0
chốt demo (user),217,AAM_mineral_rich,OOD,0.699996,ID,0
chốt demo (user),218,AAM_mineral_rich,OOD,0.7,ID,0
chốt demo (user),219,AAM_mineral_rich,OOD,0.699999,ID,0
chốt demo (user),220,AAM_mineral_rich,OOD,0.7,ID,0
chốt demo (user),221,AAM_mineral_rich,OOD,0.7,ID,0
chốt demo (user),222,AAM_mineral_rich,OOD,0.699972,ID,0
chốt demo (user),223,AAM_mineral_rich,OOD,0.7,ID,0
chốt demo (user),224,AAM_mineral_rich,OOD,0.699797,ID,0
chốt demo (user),225,AAM_mineral_rich,OOD,0.7,ID,0
chốt demo (user),226,AAM_mineral_rich,OOD,0.7,ID,0
chốt demo (user),227,AAM_mineral_rich,OOD,0.495911,ID,0
chốt demo (user),228,AAM_mineral_rich,OOD,0.7,ID,0
chốt demo (user),229,AAM_mineral_rich,OOD,0.7,ID,0
chốt demo (user),230,AAM_mineral_rich,OOD,0.697908,ID,0
chốt demo (user),231,AAM_mineral_rich,OOD,0.7,ID,0
chốt demo (user),232,AAM_mineral_rich,OOD,0.699988,ID,0
chốt demo (user),233,AAM_mineral_rich,OOD,0.7,ID,0
chốt demo (user),234,AAM_mineral_rich,OOD,0.7,ID,0
chốt demo (user),235,AAM_mineral_rich,OOD,0.7,ID,0
chốt demo (user),236,AAM_mineral_rich,OOD,0.7,ID,0
chốt demo (user),237,AAM_mineral_rich,OOD,0.699875,ID,0
chốt demo (user),238,AAM_mineral_rich,OOD,0.7,ID,0
chốt demo (user),239,AAM_mineral_rich,OOD,0.7,ID,0
chốt demo (user),240,AAM_mineral_rich,OOD,0.7,ID,0
chốt demo (user),241,AAM_mineral_rich,OOD,0.7,ID,0
chốt demo (user),242,AAM_mineral_rich,OOD,0.699955,ID,0
chốt demo (user),243,AAM_mineral_rich,OOD,0.7,ID,0
chốt demo (user),244,AAM_mineral_rich,OOD,0.7,ID,0
chốt demo (user),245,AAM_mineral_rich,OOD,0.699999,ID,0
chốt demo (user),246,AAM_mineral_rich,OOD,0.7,ID,0
chốt demo (user),247,AAM_mineral_rich,OOD,0.676741,ID,0
chốt demo (user),248,AAM_mineral_rich,OOD,0.7,ID,0
chốt demo (user),249,AAM_mineral_rich,OOD,0.673089,ID,0
chốt demo (user),250,AAM_mineral_rich,OOD,0.533153,ID,0
chốt demo (user),251,AAM_mineral_rich,OOD,0.7,ID,0
chốt demo (user),252,AAM_mineral_rich,OOD,0.7,ID,0
chốt demo (user),253,AAM_mineral_rich,OOD,0.7,ID,0
chốt demo (user),254,AAM_mineral_rich,OOD,0.639193,ID,0
chốt demo (user),255,AAM_mineral_rich,OOD,0.7,ID,0
chốt demo (user),256,AAM_mineral_rich,OOD,0.7,ID,0
chốt demo (user),257,AAM_mineral_rich,OOD,0.7,ID,0
chốt demo (user),258,AAM_mineral_rich,OOD,0.699914,ID,0
chốt demo (user),259,AAM_mineral_rich,OOD,0.7,ID,0
chốt demo (user),260,AAM_mineral_rich,OOD,0.7,ID,0
chốt demo (user),261,AAM_mineral_rich,OOD,0.7,ID,0
chốt demo (user),262,AAM_mineral_rich,OOD,0.7,ID,0
chốt demo (user),263,AAM_mineral_rich,OOD,0.7,ID,0
chốt demo (user),264,AAM_mineral_rich,OOD,0.7,ID,0
chốt demo (user),265,AAM_mineral_rich,OOD,0.699396,ID,0
chốt demo (user),266,AAM_mineral_rich,OOD,0.7,ID,0
chốt demo (user),267,AAM_mineral_rich,OOD,0.515245,ID,0
chốt demo (user),268,AAM_mineral_rich,OOD,0.496112,ID,0
chốt demo (user),269,AAM_mineral_rich,OOD,0.7,ID,0
chốt demo (user),270,AAM_mineral_rich,OOD,0.699302,ID,0
chốt demo (user),271,AAM_mineral_rich,OOD,0.7,ID,0
chốt demo (user),272,AAM_mineral_rich,OOD,0.699978,ID,0
chốt demo (user),273,AAM_mineral_rich,OOD,0.7,ID,0
chốt demo (user),274,AAM_mineral_rich,OOD,0.7,ID,0
chốt demo (user),275,AAM_mineral_rich,OOD,0.699931,ID,0
chốt demo (user),276,AAM_mineral_rich,OOD,0.7,ID,0
chốt demo (user),277,AAM_mineral_rich,OOD,0.7,ID,0
chốt demo (user),278,AAM_mineral_rich,OOD,0.7,ID,0
chốt demo (user),279,AAM_mineral_rich,OOD,0.699999,ID,0
chốt demo (user),280,AAM_mineral_rich,OOD,0.7,ID,0
chốt demo (user),281,AAM_mineral_rich,OOD,0.7,ID,0
chốt demo (user),282,AAM_mineral_rich,OOD,0.7,ID,0
chốt demo (user),283,AAM_mineral_rich,OOD,0.7,ID,0
chốt demo (user),284,AAM_mineral_rich,OOD,0.7,ID,0
chốt demo (user),285,AAM_mineral_rich,OOD,0.7,ID,0
chốt demo (user),286,AAM_mineral_rich,OOD,0.699988,ID,0
chốt demo (user),287,AAM_mineral_rich,OOD,0.699999,ID,0
chốt demo (user),288,AAM_mineral_rich,OOD,0.699991,ID,0
chốt demo (user),289,AAM_mineral_rich,OOD,0.7,ID,0
chốt demo (user),290,AAM_mineral_rich,OOD,0.671859,ID,0
chốt demo (user),291,AAM_mineral_rich,OOD,0.665548,ID,0
chốt demo (user),292,AAM_mineral_rich,OOD,0.7,ID,0
chốt demo (user),293,AAM_mineral_rich,OOD,0.699996,ID,0
chốt demo (user),294,AAM_mineral_rich,OOD,0.7,ID,0
chốt demo (user),295,AAM_mineral_rich,OOD,0.7,ID,0
chốt demo (user),296,AAM_mineral_rich,OOD,0.7,ID,0
chốt demo (user),297,AAM_mineral_rich,OOD,0.7,ID,0
chốt demo (user),298,AAM_mineral_rich,OOD,0.7,ID,0
chốt demo (user),299,AAM_mineral_rich,OOD,0.636741,ID,0
chốt demo (user),300,AAM_mineral_rich,OOD,0.7,ID,0
chốt demo (user),301,AAM_mineral_rich,OOD,0.7,ID,0
chốt demo (user),302,AAM_mineral_rich,OOD,0.7,ID,0
chốt demo (user),303,AAM_mineral_rich,OOD,0.699862,ID,0
chốt demo (user),304,AAM_mineral_rich,OOD,0.699995,ID,0
chốt demo (user),305,AAM_mineral_rich,OOD,0.699997,ID,0
chốt demo (user),306,AAM_mineral_rich,OOD,0.7,ID,0
chốt demo (user),307,AAM_mineral_rich,OOD,0.699984,ID,0
chốt demo (user),308,AAM_mineral_rich,OOD,0.7,ID,0
chốt demo (user),309,AAM_mineral_rich,OOD,0.7,ID,0
chốt demo (user),310,AAM_mineral_rich,OOD,0.7,ID,0
chốt demo (user),311,AAM_mineral_rich,OOD,0.7,ID,0
chốt demo (user),312,AAM_mineral_rich,OOD,0.7,ID,0
chốt demo (user),313,AAM_mineral_rich,OOD,0.7,ID,0
chốt demo (user),314,AAM_mineral_rich,OOD,0.7,ID,0
chốt demo (user),315,AAM_mineral_rich,OOD,0.7,ID,0
chốt demo (user),316,AAM_mineral_rich,OOD,0.699994,ID,0
chốt demo (user),317,AAM_mineral_rich,OOD,0.7,ID,0
chốt demo (user),318,AAM_mineral_rich,OOD,0.618842,ID,0
chốt demo (user),319,AAM_mineral_rich,OOD,0.7,ID,0
chốt demo (user),320,AAM_mineral_rich,OOD,0.7,ID,0
chốt demo (user),321,AAM_mineral_rich,OOD,0.7,ID,0
chốt demo (user),322,AAM_mineral_rich,OOD,0.699999,ID,0
chốt demo (user),323,AAM_mineral_rich,OOD,0.7,ID,0
chốt demo (user),324,AAM_mineral_rich,OOD,0.7,ID,0
chốt demo (user),325,AAM_mineral_rich,OOD,0.698448,ID,0
chốt demo (user),326,AAM_mineral_rich,OOD,0.69931,ID,0
chốt demo (user),327,AAM_mineral_rich,OOD,0.333234,ID,0
chốt demo (user),328,AAM_mineral_rich,OOD,0.699923,ID,0
chốt demo (user),329,AAM_mineral_rich,OOD,0.7,ID,0
chốt demo (user),330,AAM_mineral_rich,OOD,0.7,ID,0
chốt demo (user),331,AAM_mineral_rich,OOD,0.7,ID,0
chốt demo (user),332,AAM_mineral_rich,OOD,0.7,ID,0
chốt demo (user),333,AAM_mineral_rich,OOD,0.7,ID,0
chốt demo (user),334,AAM_mineral_rich,OOD,0.7,ID,0
chốt demo (user),335,AAM_mineral_rich,OOD,0.7,ID,0
chốt demo (user),336,AAM_mineral_rich,OOD,0.68655,ID,0
chốt demo (user),337,AAM_mineral_rich,OOD,0.7,ID,0
chốt demo (user),338,AAM_mineral_rich,OOD,0.7,ID,0
chốt demo (user),339,AAM_mineral_rich,OOD,0.7,ID,0
chốt demo (user),340,AAM_mineral_rich,OOD,0.699998,ID,0
chốt demo (user),341,AAM_mineral_rich,OOD,0.699762,ID,0
chốt demo (user),342,AAM_mineral_rich,OOD,0.7,ID,0
chốt demo (user),343,AAM_mineral_rich,OOD,0.699998,ID,0
chốt demo (user),344,AAM_mineral_rich,OOD,0.698445,ID,0
chốt demo (user),345,AAM_mineral_rich,OOD,0.7,ID,0
chốt demo (user),346,AAM_mineral_rich,OOD,0.699435,ID,0
chốt demo (user),347,AAM_mineral_rich,OOD,0.699907,ID,0
chốt demo (user),348,AAM_mineral_rich,OOD,0.7,ID,0
chốt demo (user),349,AAM_mineral_rich,OOD,0.7,ID,0
chốt demo (user),350,AAM_mineral_rich,OOD,0.7,ID,0
chốt demo (user),351,AAM_mineral_rich,OOD,0.7,ID,0
chốt demo (user),352,AAM_mineral_rich,OOD,0.7,ID,0
chốt demo (user),353,AAM_mineral_rich,OOD,0.7,ID,0
chốt demo (user),354,AAM_mineral_rich,OOD,0.69998,ID,0
chốt demo (user),355,AAM_mineral_rich,OOD,0.7,ID,0
chốt demo (user),356,AAM_mineral_rich,OOD,0.685069,ID,0
chốt demo (user),357,AAM_mineral_rich,OOD,0.699999,ID,0
chốt demo (user),358,AAM_mineral_rich,OOD,0.7,ID,0
chốt demo (user),359,AAM_mineral_rich,OOD,0.7,ID,0
chốt demo (user),360,AAM_mineral_rich,OOD,0.699972,ID,0
chốt demo (user),361,AAM_mineral_rich,OOD,0.653471,ID,0
chốt demo (user),362,AAM_mineral_rich,OOD,0.699993,ID,0
chốt demo (user),363,AAM_mineral_rich,OOD,0.7,ID,0
chốt demo (user),364,AAM_mineral_rich,OOD,0.7,ID,0
chốt demo (user),365,AAM_mineral_rich,OOD,0.7,ID,0
chốt demo (user),366,AAM_mineral_rich,OOD,0.699977,ID,0
chốt demo (user),367,AAM_mineral_rich,OOD,0.7,ID,0
chốt demo (user),368,AAM_mineral_rich,OOD,0.7,ID,0
chốt demo (user),369,AAM_mineral_rich,OOD,0.654388,ID,0
chốt demo (user),370,AAM_mineral_rich,OOD,0.699998,ID,0
chốt demo (user),371,AAM_mineral_rich,OOD,0.699843,ID,0
chốt demo (user),372,AAM_mineral_rich,OOD,0.7,ID,0
chốt demo (user),373,AAM_mineral_rich,OOD,0.7,ID,0
chốt demo (user),374,AAM_mineral_rich,OOD,0.662758,ID,0
chốt demo (user),375,AAM_mineral_rich,OOD,0.7,ID,0
chốt demo (user),376,AAM_mineral_rich,OOD,0.7,ID,0
chốt demo (user),377,AAM_mineral_rich,OOD,0.7,ID,0
chốt demo (user),378,AAM_mineral_rich,OOD,0.7,ID,0
chốt demo (user),379,AAM_mineral_rich,OOD,0.7,ID,0
chốt demo (user),380,AAM_mineral_rich,OOD,0.7,ID,0
chốt demo (user),381,AAM_mineral_rich,OOD,0.693099,ID,0
chốt demo (user),382,AAM_mineral_rich,OOD,0.7,ID,0
chốt demo (user),383,AAM_mineral_rich,OOD,0.699387,ID,0
chốt demo (user),384,AAM_mineral_rich,OOD,0.697352,ID,0
chốt demo (user),385,AAM_mineral_rich,OOD,0.7,ID,0
chốt demo (user),386,AAM_mineral_rich,OOD,0.7,ID,0
chốt demo (user),387,AAM_mineral_rich,OOD,0.7,ID,0
chốt demo (user),388,AAM_mineral_rich,OOD,0.7,ID,0
chốt demo (user),389,AAM_mineral_rich,OOD,0.697351,ID,0
chốt demo (user),390,AAM_mineral_rich,OOD,0.7,ID,0
chốt demo (user),391,AAM_mineral_rich,OOD,0.7,ID,0
chốt demo (user),392,AAM_mineral_rich,OOD,0.691436,ID,0
chốt demo (user),393,AAM_mineral_rich,OOD,0.7,ID,0
chốt demo (user),394,AAM_mineral_rich,OOD,0.7,ID,0
chốt demo (user),395,AAM_mineral_rich,OOD,0.699999,ID,0
chốt demo (user),396,AAM_mineral_rich,OOD,0.67098,ID,0
chốt demo (user),397,AAM_mineral_rich,OOD,0.699999,ID,0
chốt demo (user),398,AAM_mineral_rich,OOD,0.7,ID,0
chốt demo (user),399,AAM_mineral_rich,OOD,0.7,ID,0
chốt demo (user),400,AAM_mineral_rich,OOD,0.7,ID,0
chốt demo (user),401,AAM_mineral_rich,OOD,0.699983,ID,0
chốt demo (user),402,AAM_mineral_rich,OOD,0.7,ID,0
chốt demo (user),403,AAM_mineral_rich,OOD,0.7,ID,0
chốt demo (user),404,AAM_mineral_rich,OOD,0.7,ID,0
chốt demo (user),405,AAM_mineral_rich,OOD,0.7,ID,0
chốt demo (user),406,AAM_mineral_rich,OOD,0.699996,ID,0
chốt demo (user),407,AAM_mineral_rich,OOD,0.690197,ID,0
chốt demo (user),408,AAM_mineral_rich,OOD,0.7,ID,0
chốt demo (user),409,AAM_mineral_rich,OOD,0.675239,ID,0
chốt demo (user),410,AAM_mineral_rich,OOD,0.7,ID,0
chốt demo (user),411,AAM_mineral_rich,OOD,0.68884,ID,0
chốt demo (user),412,AAM_mineral_rich,OOD,0.699995,ID,0
chốt demo (user),413,AAM_mineral_rich,OOD,0.69964,ID,0
chốt demo (user),414,AAM_mineral_rich,OOD,0.7,ID,0
chốt demo (user),415,AAM_mineral_rich,OOD,0.7,ID,0
chốt demo (user),416,AAM_mineral_rich,OOD,0.7,ID,0
chốt demo (user),417,AAM_mineral_rich,OOD,0.7,ID,0
chốt demo (user),418,AAM_mineral_rich,OOD,0.7,ID,0
chốt demo (user),419,AAM_mineral_rich,OOD,0.7,ID,0
chốt demo (user),420,AAM_mineral_rich,OOD,0.7,ID,0
chốt demo (user),421,AAM_mineral_rich,OOD,0.69198,ID,0
chốt demo (user),422,AAM_mineral_rich,OOD,0.7,ID,0
chốt demo (user),423,AAM_mineral_rich,OOD,0.699831,ID,0
chốt demo (user),424,AAM_mineral_rich,OOD,0.7,ID,0
chốt demo (user),425,AAM_mineral_rich,OOD,0.7,ID,0
chốt demo (user),426,AAM_mineral_rich,OOD,0.699942,ID,0
chốt demo (user),427,AAM_mineral_rich,OOD,0.699978,ID,0
chốt demo (user),428,AAM_mineral_rich,OOD,0.697472,ID,0
chốt demo (user),429,AAM_mineral_rich,OOD,0.580548,ID,0
chốt demo (user),430,AAM_mineral_rich,OOD,0.7,ID,0
chốt demo (user),431,AAM_mineral_rich,OOD,0.699874,ID,0
chốt demo (user),432,AAM_mineral_rich,OOD,0.699953,ID,0
chốt demo (user),433,AAM_mineral_rich,OOD,0.7,ID,0
chốt demo (user),434,AAM_mineral_rich,OOD,0.450713,ID,0
chốt demo (user),435,AAM_mineral_rich,OOD,0.547895,ID,0
chốt demo (user),436,AAM_mineral_rich,OOD,0.7,ID,0
chốt demo (user),437,AAM_mineral_rich,OOD,0.7,ID,0
chốt demo (user),438,AAM_mineral_rich,OOD,0.697799,ID,0
chốt demo (user),439,AAM_mineral_rich,OOD,0.7,ID,0
chốt demo (user),440,AAM_mineral_rich,OOD,0.7,ID,0
chốt demo (user),441,AAM_mineral_rich,OOD,0.7,ID,0
chốt demo (user),442,AAM_mineral_rich,OOD,0.7,ID,0
chốt demo (user),443,AAM_mineral_rich,OOD,0.592811,ID,0
chốt demo (user),444,AAM_mineral_rich,OOD,0.7,ID,0
chốt demo (user),445,AAM_mineral_rich,OOD,0.699969,ID,0
chốt demo (user),446,AAM_mineral_rich,OOD,0.7,ID,0
chốt demo (user),447,AAM_mineral_rich,OOD,0.7,ID,0
chốt demo (user),448,AAM_mineral_rich,OOD,0.699999,ID,0
chốt demo (user),449,AAM_mineral_rich,OOD,0.7,ID,0
chốt demo (user),450,AAM_mineral_rich,OOD,0.7,ID,0
chốt demo (user),451,AAM_mineral_rich,OOD,0.699999,ID,0
chốt demo (user),452,AAM_mineral_rich,OOD,0.7,ID,0
chốt demo (user),453,AAM_mineral_rich,OOD,0.7,ID,0
chốt demo (user),454,AAM_mineral_rich,OOD,0.7,ID,0
chốt demo (user),455,AAM_mineral_rich,OOD,0.698404,ID,0
chốt demo (user),456,AAM_mineral_rich,OOD,0.7,ID,0
chốt demo (user),457,AAM_mineral_rich,OOD,0.7,ID,0
chốt demo (user),458,AAM_mineral_rich,OOD,0.7,ID,0
chốt demo (user),459,AAM_mineral_rich,OOD,0.7,ID,0
chốt demo (user),460,AAM_mineral_rich,OOD,0.7,ID,0
chốt demo (user),461,AAM_mineral_rich,OOD,0.7,ID,0
chốt demo (user),462,AAM_mineral_rich,OOD,0.530897,ID,0
chốt demo (user),463,AAM_mineral_rich,OOD,0.7,ID,0
chốt demo (user),464,AAM_mineral_rich,OOD,0.631929,ID,0
chốt demo (user),465,AAM_mineral_rich,OOD,0.69998,ID,0
chốt demo (user),466,AAM_mineral_rich,OOD,0.69983,ID,0
chốt demo (user),467,AAM_mineral_rich,OOD,0.666103,ID,0
chốt demo (user),468,AAM_mineral_rich,OOD,0.696913,ID,0
chốt demo (user),469,AAM_mineral_rich,OOD,0.7,ID,0
chốt demo (user),470,AAM_mineral_rich,OOD,0.699996,ID,0
chốt demo (user),471,AAM_mineral_rich,OOD,0.7,ID,0
chốt demo (user),472,AAM_mineral_rich,OOD,0.699987,ID,0
chốt demo (user),473,AAM_mineral_rich,OOD,0.7,ID,0
chốt demo (user),474,AAM_mineral_rich,OOD,0.699998,ID,0
chốt demo (user),475,AAM_mineral_rich,OOD,0.7,ID,0
chốt demo (user),476,AAM_mineral_rich,OOD,0.693187,ID,0
chốt demo (user),477,AAM_mineral_rich,OOD,0.7,ID,0
chốt demo (user),478,AAM_mineral_rich,OOD,0.699999,ID,0
chốt demo (user),479,AAM_mineral_rich,OOD,0.7,ID,0
chốt demo (user),480,AAM_mineral_rich,OOD,0.7,ID,0
chốt demo (user),481,AAM_mineral_rich,OOD,0.7,ID,0
chốt demo (user),482,AAM_mineral_rich,OOD,0.7,ID,0
chốt demo (user),483,AAM_mineral_rich,OOD,0.7,ID,0
chốt demo (user),484,AAM_mineral_rich,OOD,0.699993,ID,0
chốt demo (user),485,AAM_mineral_rich,OOD,0.7,ID,0
chốt demo (user),486,AAM_mineral_rich,OOD,0.7,ID,0
chốt demo (user),487,AAM_mineral_rich,OOD,0.6972,ID,0
chốt demo (user),488,AAM_mineral_rich,OOD,0.690788,ID,0
chốt demo (user),489,AAM_mineral_rich,OOD,0.7,ID,0
chốt demo (user),490,AAM_mineral_rich,OOD,0.7,ID,0
chốt demo (user),491,AAM_mineral_rich,OOD,0.699997,ID,0
chốt demo (user),492,AAM_mineral_rich,OOD,0.7,ID,0
chốt demo (user),493,AAM_mineral_rich,OOD,0.699936,ID,0
chốt demo (user),494,AAM_mineral_rich,OOD,0.699425,ID,0
chốt demo (user),495,AAM_mineral_rich,OOD,0.660017,ID,0
chốt demo (user),496,AAM_mineral_rich,OOD,0.7,ID,0
chốt demo (user),497,AAM_mineral_rich,OOD,0.649825,ID,0
chốt demo (user),498,AAM_mineral_rich,OOD,0.7,ID,0
chốt demo (user),499,AAM_mineral_rich,OOD,0.699998,ID,0
chốt demo (user),500,AAM_mineral_rich,OOD,0.7,ID,0
chốt demo (user),501,AAM_mineral_rich,OOD,0.697649,ID,0
chốt demo (user),502,AAM_mineral_rich,OOD,0.7,ID,0
chốt demo (user),503,AAM_mineral_rich,OOD,0.698805,ID,0
chốt demo (user),504,AAM_mineral_rich,OOD,0.7,ID,0
chốt demo (user),505,AAM_mineral_rich,OOD,0.7,ID,0
chốt demo (user),506,AAM_mineral_rich,OOD,0.7,ID,0
chốt demo (user),507,AAM_mineral_rich,OOD,0.7,ID,0
chốt demo (user),508,AAM_mineral_rich,OOD,0.699998,ID,0
chốt demo (user),509,AAM_mineral_rich,OOD,0.699995,ID,0
chốt demo (user),510,AAM_mineral_rich,OOD,0.69997,ID,0
chốt demo (user),511,AAM_mineral_rich,OOD,0.7,ID,0
chốt demo (user),512,AAM_mineral_rich,OOD,0.699508,ID,0
chốt demo (user),513,AAM_mineral_rich,OOD,0.7,ID,0
chốt demo (user),514,AAM_mineral_rich,OOD,0.699088,ID,0
chốt demo (user),515,AAM_mineral_rich,OOD,0.7,ID,0
chốt demo (user),516,AAM_mineral_rich,OOD,0.38836,ID,0
chốt demo (user),517,AAM_mineral_rich,OOD,0.7,ID,0
chốt demo (user),518,AAM_mineral_rich,OOD,0.695757,ID,0
chốt demo (user),519,AAM_mineral_rich,OOD,0.699986,ID,0
chốt demo (user),520,AAM_mineral_rich,OOD,0.7,ID,0
chốt demo (user),521,AAM_mineral_rich,OOD,0.684183,ID,0
chốt demo (user),522,AAM_mineral_rich,OOD,0.7,ID,0
chốt demo (user),523,AAM_mineral_rich,OOD,0.699976,ID,0
chốt demo (user),524,AAM_mineral_rich,OOD,0.699974,ID,0
chốt demo (user),525,AAM_mineral_rich,OOD,0.7,ID,0
chốt demo (user),526,AAM_mineral_rich,OOD,0.7,ID,0
chốt demo (user),527,AAM_mineral_rich,OOD,0.699997,ID,0
chốt demo (user),528,AAM_mineral_rich,OOD,0.686205,ID,0
chốt demo (user),529,AAM_mineral_rich,OOD,0.7,ID,0
chốt demo (user),530,AAM_mineral_rich,OOD,0.7,ID,0
chốt demo (user),531,AAM_mineral_rich,OOD,0.679185,ID,0
chốt demo (user),532,AAM_mineral_rich,OOD,0.699999,ID,0
chốt demo (user),533,AAM_mineral_rich,OOD,0.527931,ID,0
chốt demo (user),534,AAM_mineral_rich,OOD,0.7,ID,0
chốt demo (user),535,AAM_mineral_rich,OOD,0.699977,ID,0
chốt demo (user),536,AAM_mineral_rich,OOD,0.7,ID,0
chốt demo (user),537,AAM_mineral_rich,OOD,0.699989,ID,0
chốt demo (user),538,AAM_mineral_rich,OOD,0.699999,ID,0
chốt demo (user),539,AAM_mineral_rich,OOD,0.699998,ID,0
chốt demo (user),540,AAM_mineral_rich,OOD,0.7,ID,0
chốt demo (user),541,AAM_mineral_rich,OOD,0.7,ID,0
chốt demo (user),542,AAM_mineral_rich,OOD,0.593955,ID,0
chốt demo (user),543,AAM_mineral_rich,OOD,0.699955,ID,0
chốt demo (user),544,AAM_mineral_rich,OOD,0.699999,ID,0
chốt demo (user),545,AAM_mineral_rich,OOD,0.7,ID,0
chốt demo (user),546,AAM_mineral_rich,OOD,0.699989,ID,0
chốt demo (user),547,AAM_mineral_rich,OOD,0.699909,ID,0
chốt demo (user),548,AAM_mineral_rich,OOD,0.699994,ID,0
chốt demo (user),549,AAM_mineral_rich,OOD,0.699991,ID,0
chốt demo (user),550,AAM_mineral_rich,OOD,0.691382,ID,0
chốt demo (user),551,AAM_mineral_rich,OOD,0.7,ID,0
chốt demo (user),552,AAM_mineral_rich,OOD,0.699982,ID,0
chốt demo (user),553,AAM_mineral_rich,OOD,0.7,ID,0
chốt demo (user),554,AAM_mineral_rich,OOD,0.699912,ID,0
chốt demo (user),555,AAM_mineral_rich,OOD,0.699992,ID,0
chốt demo (user),556,AAM_mineral_rich,OOD,0.698024,ID,0
chốt demo (user),557,AAM_mineral_rich,OOD,0.7,ID,0
chốt demo (user),558,AAM_mineral_rich,OOD,0.699996,ID,0
chốt demo (user),559,AAM_mineral_rich,OOD,0.699994,ID,0
chốt demo (user),560,AAM_mineral_rich,OOD,0.7,ID,0
chốt demo (user),561,AAM_mineral_rich,OOD,0.7,ID,0
chốt demo (user),562,AAM_mineral_rich,OOD,0.699973,ID,0
chốt demo (user),563,AAM_mineral_rich,OOD,0.699978,ID,0
chốt demo (user),564,AAM_mineral_rich,OOD,0.699999,ID,0
chốt demo (user),565,AAM_mineral_rich,OOD,0.7,ID,0
chốt demo (user),566,AAM_mineral_rich,OOD,0.7,ID,0
chốt demo (user),567,AAM_mineral_rich,OOD,0.696717,ID,0
chốt demo (user),568,AAM_mineral_rich,OOD,0.699913,ID,0
chốt demo (user),569,AAM_mineral_rich,OOD,0.699996,ID,0
chốt demo (user),570,AAM_mineral_rich,OOD,0.7,ID,0
chốt demo (user),571,AAM_mineral_rich,OOD,0.7,ID,0
chốt demo (user),572,AAM_mineral_rich,OOD,0.699999,ID,0
chốt demo (user),573,AAM_mineral_rich,OOD,0.699361,ID,0
chốt demo (user),574,AAM_mineral_rich,OOD,0.699959,ID,0
chốt demo (user),575,AAM_mineral_rich,OOD,0.7,ID,0
chốt demo (user),576,AAM_mineral_rich,OOD,0.698507,ID,0
chốt demo (user),577,AAM_mineral_rich,OOD,0.7,ID,0
chốt demo (user),578,AAM_mineral_rich,OOD,0.620969,ID,0
chốt demo (user),579,AAM_mineral_rich,OOD,0.699871,ID,0
chốt demo (user),580,AAM_mineral_rich,OOD,0.7,ID,0
chốt demo (user),581,AAM_mineral_rich,OOD,0.7,ID,0
chốt demo (user),582,AAM_mineral_rich,OOD,0.699997,ID,0
chốt demo (user),583,AAM_mineral_rich,OOD,0.7,ID,0
chốt demo (user),584,AAM_mineral_rich,OOD,0.699413,ID,0
chốt demo (user),585,AAM_mineral_rich,OOD,0.7,ID,0
chốt demo (user),586,AAM_mineral_rich,OOD,0.7,ID,0
chốt demo (user),587,AAM_mineral_rich,OOD,0.695934,ID,0
chốt demo (user),588,AAM_mineral_rich,OOD,0.7,ID,0
chốt demo (user),589,AAM_mineral_rich,OOD,0.69913,ID,0
chốt demo (user),590,AAM_mineral_rich,OOD,0.7,ID,0
chốt demo (user),591,AAM_mineral_rich,OOD,0.690064,ID,0
chốt demo (user),592,AAM_mineral_rich,OOD,0.38945,ID,0
chốt demo (user),593,AAM_mineral_rich,OOD,0.699993,ID,0
chốt demo (user),594,AAM_mineral_rich,OOD,0.7,ID,0
chốt demo (user),595,AAM_mineral_rich,OOD,0.7,ID,0
chốt demo (user),596,AAM_mineral_rich,OOD,0.7,ID,0
chốt demo (user),597,AAM_mineral_rich,OOD,0.7,ID,0
chốt demo (user),598,AAM_mineral_rich,OOD,0.7,ID,0
chốt demo (user),599,AAM_mineral_rich,OOD,0.699736,ID,0
chốt demo (user),600,AAM_mineral_rich,OOD,0.699993,ID,0
chốt demo (user),601,AAM_mineral_rich,OOD,0.7,ID,0
chốt demo (user),602,AAM_mineral_rich,OOD,0.697004,ID,0
chốt demo (user),603,AAM_mineral_rich,OOD,0.699997,ID,0
chốt demo (user),604,AAM_mineral_rich,OOD,0.7,ID,0
chốt demo (user),605,AAM_mineral_rich,OOD,0.7,ID,0
chốt demo (user),606,AAM_mineral_rich,OOD,0.7,ID,0
chốt demo (user),607,AAM_mineral_rich,OOD,0.699999,ID,0
chốt demo (user),608,AAM_mineral_rich,OOD,0.699993,ID,0
chốt demo (user),609,AAM_mineral_rich,OOD,0.699962,ID,0
chốt demo (user),610,AAM_mineral_rich,OOD,0.7,ID,0
chốt demo (user),611,AAM_mineral_rich,OOD,0.699998,ID,0
chốt demo (user),612,AAM_mineral_rich,OOD,0.7,ID,0
chốt demo (user),613,AAM_mineral_rich,OOD,0.7,ID,0
chốt demo (user),614,AAM_mineral_rich,OOD,0.7,ID,0
chốt demo (user),615,AAM_mineral_rich,OOD,0.699621,ID,0
chốt demo (user),616,AAM_mineral_rich,OOD,0.699318,ID,0
chốt demo (user),617,AAM_mineral_rich,OOD,0.7,ID,0
chốt demo (user),618,AAM_mineral_rich,OOD,0.688628,ID,0
chốt demo (user),619,AAM_mineral_rich,OOD,0.699969,ID,0
chốt demo (user),620,AAM_mineral_rich,OOD,0.69997,ID,0
chốt demo (user),621,AAM_mineral_rich,OOD,0.699153,ID,0
chốt demo (user),622,AAM_mineral_rich,OOD,0.699993,ID,0
chốt demo (user),623,AAM_mineral_rich,OOD,0.7,ID,0
chốt demo (user),624,AAM_mineral_rich,OOD,0.69754,ID,0
chốt demo (user),625,AAM_mineral_rich,OOD,0.7,ID,0
chốt demo (user),626,AAM_mineral_rich,OOD,0.7,ID,0
chốt demo (user),627,AAM_mineral_rich,OOD,0.7,ID,0
chốt demo (user),628,AAM_mineral_rich,OOD,0.7,ID,0
chốt demo (user),629,AAM_mineral_rich,OOD,0.7,ID,0
chốt demo (user),630,AAM_mineral_rich,OOD,0.7,ID,0
chốt demo (user),631,AAM_mineral_rich,OOD,0.7,ID,0
chốt demo (user),632,AAM_mineral_rich,OOD,0.7,ID,0
chốt demo (user),633,AAM_mineral_rich,OOD,0.7,ID,0
chốt demo (user),634,AAM_mineral_rich,OOD,0.699999,ID,0
chốt demo (user),635,AAM_mineral_rich,OOD,0.7,ID,0
chốt demo (user),636,AAM_mineral_rich,OOD,0.696289,ID,0
chốt demo (user),637,AAM_mineral_rich,OOD,0.699391,ID,0
chốt demo (user),638,AAM_mineral_rich,OOD,0.7,ID,0
chốt demo (user),639,AAM_mineral_rich,OOD,0.244105,ID,0
chốt demo (user),640,AAM_mineral_rich,OOD,0.7,ID,0
chốt demo (user),641,AAM_mineral_rich,OOD,0.699998,ID,0
chốt demo (user),642,AAM_mineral_rich,OOD,0.689722,ID,0
chốt demo (user),643,AAM_mineral_rich,OOD,0.7,ID,0
chốt demo (user),644,AAM_mineral_rich,OOD,0.699999,ID,0
chốt demo (user),645,AAM_mineral_rich,OOD,0.7,ID,0
chốt demo (user),646,AAM_mineral_rich,OOD,0.694073,ID,0
chốt demo (user),647,AAM_mineral_rich,OOD,0.7,ID,0
chốt demo (user),648,AAM_mineral_rich,OOD,0.7,ID,0
chốt demo (user),649,AAM_mineral_rich,OOD,0.699994,ID,0
chốt demo (user),650,AAM_mineral_rich,OOD,0.699979,ID,0
chốt demo (user),651,AAM_mineral_rich,OOD,0.7,ID,0
chốt demo (user),652,AAM_mineral_rich,OOD,0.7,ID,0
chốt demo (user),653,AAM_mineral_rich,OOD,0.7,ID,0
chốt demo (user),654,AAM_mineral_rich,OOD,0.699906,ID,0
chốt demo (user),655,AAM_mineral_rich,OOD,0.7,ID,0
chốt demo (user),656,AAM_mineral_rich,OOD,0.699911,ID,0
chốt demo (user),657,AAM_mineral_rich,OOD,0.7,ID,0
chốt demo (user),658,AAM_mineral_rich,OOD,0.7,ID,0
chốt demo (user),659,AAM_mineral_rich,OOD,0.7,ID,0
chốt demo (user),660,AAM_mineral_rich,OOD,0.699993,ID,0
chốt demo (user),661,AAM_mineral_rich,OOD,0.7,ID,0
chốt demo (user),662,AAM_mineral_rich,OOD,0.7,ID,0
chốt demo (user),663,AAM_mineral_rich,OOD,0.699935,ID,0
chốt demo (user),664,AAM_mineral_rich,OOD,0.699795,ID,0
chốt demo (user),665,AAM_mineral_rich,OOD,0.699929,ID,0
chốt demo (user),666,AAM_mineral_rich,OOD,0.7,ID,0
chốt demo (user),667,AAM_mineral_rich,OOD,0.7,ID,0
chốt demo (user),668,AAM_mineral_rich,OOD,0.7,ID,0
chốt demo (user),669,AAM_mineral_rich,OOD,0.7,ID,0
chốt demo (user),670,AAM_mineral_rich,OOD,0.699924,ID,0
chốt demo (user),671,AAM_mineral_rich,OOD,0.699997,ID,0
chốt demo (user),672,AAM_mineral_rich,OOD,0.695036,ID,0
chốt demo (user),673,AAM_mineral_rich,OOD,0.7,ID,0
chốt demo (user),674,AAM_mineral_rich,OOD,0.7,ID,0
chốt demo (user),675,AAM_mineral_rich,OOD,0.698931,ID,0
chốt demo (user),676,AAM_mineral_rich,OOD,0.692568,ID,0
chốt demo (user),677,AAM_mineral_rich,OOD,0.7,ID,0
chốt demo (user),678,AAM_mineral_rich,OOD,0.699784,ID,0
chốt demo (user),679,AAM_mineral_rich,OOD,0.7,ID,0
chốt demo (user),680,AAM_mineral_rich,OOD,0.69981,ID,0
chốt demo (user),681,AAM_mineral_rich,OOD,0.7,ID,0
chốt demo (user),682,AAM_mineral_rich,OOD,0.699999,ID,0
chốt demo (user),683,AAM_mineral_rich,OOD,0.7,ID,0
chốt demo (user),684,AAM_mineral_rich,OOD,0.7,ID,0
chốt demo (user),685,AAM_mineral_rich,OOD,0.7,ID,0
chốt demo (user),686,AAM_mineral_rich,OOD,0.7,ID,0
chốt demo (user),687,AAM_mineral_rich,OOD,0.699291,ID,0
chốt demo (user),688,AAM_mineral_rich,OOD,0.7,ID,0
chốt demo (user),689,AAM_mineral_rich,OOD,0.573796,ID,0
chốt demo (user),690,AAM_mineral_rich,OOD,0.7,ID,0
chốt demo (user),691,AAM_mineral_rich,OOD,0.7,ID,0
chốt demo (user),692,AAM_mineral_rich,OOD,0.510027,ID,0
chốt demo (user),693,AAM_mineral_rich,OOD,0.69965,ID,0
chốt demo (user),694,AAM_mineral_rich,OOD,0.7,ID,0
chốt demo (user),695,AAM_mineral_rich,OOD,0.7,ID,0
chốt demo (user),696,AAM_mineral_rich,OOD,0.7,ID,0
chốt demo (user),697,AAM_mineral_rich,OOD,0.7,ID,0
chốt demo (user),698,AAM_mineral_rich,OOD,0.7,ID,0
chốt demo (user),699,AAM_mineral_rich,OOD,0.699999,ID,0
chốt demo (user),700,AAM_mineral_rich,OOD,0.680296,ID,0
chốt demo (user),701,AAM_mineral_rich,OOD,0.699989,ID,0
chốt demo (user),702,AAM_mineral_rich,OOD,0.7,ID,0
chốt demo (user),703,AAM_mineral_rich,OOD,0.7,ID,0
chốt demo (user),704,AAM_mineral_rich,OOD,0.7,ID,0
chốt demo (user),705,AAM_mineral_rich,OOD,0.7,ID,0
chốt demo (user),706,AAM_mineral_rich,OOD,0.7,ID,0
chốt demo (user),707,AAM_mineral_rich,OOD,0.7,ID,0
chốt demo (user),708,AAM_mineral_rich,OOD,0.7,ID,0
chốt demo (user),709,AAM_mineral_rich,OOD,0.7,ID,0
chốt demo (user),710,AAM_mineral_rich,OOD,0.699999,ID,0
chốt demo (user),711,AAM_mineral_rich,OOD,0.7,ID,0
chốt demo (user),712,AAM_mineral_rich,OOD,0.7,ID,0
chốt demo (user),713,AAM_mineral_rich,OOD,0.699573,ID,0
chốt demo (user),714,AAM_mineral_rich,OOD,0.7,ID,0
chốt demo (user),715,AAM_mineral_rich,OOD,0.7,ID,0
chốt demo (user),716,AAM_mineral_rich,OOD,0.7,ID,0
chốt demo (user),717,AAM_mineral_rich,OOD,0.7,ID,0
chốt demo (user),718,AAM_mineral_rich,OOD,0.7,ID,0
chốt demo (user),719,AAM_mineral_rich,OOD,0.7,ID,0
chốt demo (user),720,AAM_mineral_rich,OOD,0.7,ID,0
chốt demo (user),721,AAM_mineral_rich,OOD,0.697301,ID,0
chốt demo (user),722,AAM_mineral_rich,OOD,0.7,ID,0
chốt demo (user),723,AAM_mineral_rich,OOD,0.69958,ID,0
chốt demo (user),724,AAM_mineral_rich,OOD,0.7,ID,0
chốt demo (user),725,AAM_mineral_rich,OOD,0.7,ID,0
chốt demo (user),726,AAM_mineral_rich,OOD,0.7,ID,0
chốt demo (user),727,AAM_mineral_rich,OOD,0.690403,ID,0
chốt demo (user),728,AAM_mineral_rich,OOD,0.7,ID,0
chốt demo (user),729,AAM_mineral_rich,OOD,0.7,ID,0
chốt demo (user),730,AAM_mineral_rich,OOD,0.7,ID,0
chốt demo (user),731,AAM_mineral_rich,OOD,0.680087,ID,0
chốt demo (user),732,AAM_mineral_rich,OOD,0.7,ID,0
chốt demo (user),733,AAM_mineral_rich,OOD,0.7,ID,0
chốt demo (user),734,AAM_mineral_rich,OOD,0.7,ID,0
chốt demo (user),735,AAM_mineral_rich,OOD,0.7,ID,0
chốt demo (user),736,AAM_mineral_rich,OOD,0.699958,ID,0
chốt demo (user),737,AAM_mineral_rich,OOD,0.7,ID,0
chốt demo (user),738,AAM_mineral_rich,OOD,0.7,ID,0
chốt demo (user),739,AAM_mineral_rich,OOD,0.7,ID,0
chốt demo (user),740,AAM_mineral_rich,OOD,0.699998,ID,0
chốt demo (user),741,AAM_mineral_rich,OOD,0.673702,ID,0
chốt demo (user),742,AAM_mineral_rich,OOD,0.699923,ID,0
chốt demo (user),743,AAM_mineral_rich,OOD,0.697689,ID,0
chốt demo (user),744,AAM_mineral_rich,OOD,0.7,ID,0
chốt demo (user),745,AAM_mineral_rich,OOD,0.699824,ID,0
chốt demo (user),746,AAM_mineral_rich,OOD,0.7,ID,0
chốt demo (user),747,AAM_mineral_rich,OOD,0.7,ID,0
chốt demo (user),748,AAM_mineral_rich,OOD,0.646537,ID,0
chốt demo (user),749,AAM_mineral_rich,OOD,0.696608,ID,0
chốt demo (user),750,AAM_mineral_rich,OOD,0.7,ID,0
chốt demo (user),751,AAM_mineral_rich,OOD,0.7,ID,0
chốt demo (user),752,AAM_mineral_rich,OOD,0.7,ID,0
chốt demo (user),753,AAM_mineral_rich,OOD,0.7,ID,0
chốt demo (user),754,AAM_mineral_rich,OOD,0.7,ID,0
chốt demo (user),755,AAM_mineral_rich,OOD,0.7,ID,0
chốt demo (user),756,AAM_mineral_rich,OOD,0.7,ID,0
chốt demo (user),757,AAM_mineral_rich,OOD,0.7,ID,0
chốt demo (user),758,AAM_mineral_rich,OOD,0.699999,ID,0
chốt demo (user),759,AAM_mineral_rich,OOD,0.698885,ID,0
chốt demo (user),760,AAM_mineral_rich,OOD,0.602998,ID,0
chốt demo (user),761,AAM_mineral_rich,OOD,0.699995,ID,0
chốt demo (user),762,AAM_mineral_rich,OOD,0.699625,ID,0
chốt demo (user),763,AAM_mineral_rich,OOD,0.62388,ID,0
chốt demo (user),764,AAM_mineral_rich,OOD,0.7,ID,0
chốt demo (user),765,AAM_mineral_rich,OOD,0.7,ID,0
chốt demo (user),766,AAM_mineral_rich,OOD,0.691491,ID,0
chốt demo (user),767,AAM_mineral_rich,OOD,0.699999,ID,0
chốt demo (user),768,AAM_mineral_rich,OOD,0.7,ID,0
chốt demo (user),769,AAM_mineral_rich,OOD,0.699993,ID,0
chốt demo (user),770,AAM_mineral_rich,OOD,0.7,ID,0
chốt demo (user),771,AAM_mineral_rich,OOD,0.699998,ID,0
chốt demo (user),772,AAM_mineral_rich,OOD,0.7,ID,0
chốt demo (user),773,AAM_mineral_rich,OOD,0.7,ID,0
chốt demo (user),774,AAM_mineral_rich,OOD,0.7,ID,0
chốt demo (user),775,AAM_mineral_rich,OOD,0.699819,ID,0
chốt demo (user),776,AAM_mineral_rich,OOD,0.7,ID,0
chốt demo (user),777,AAM_mineral_rich,OOD,0.691655,ID,0
chốt demo (user),778,AAM_mineral_rich,OOD,0.7,ID,0
chốt demo (user),779,AAM_mineral_rich,OOD,0.7,ID,0
chốt demo (user),780,AAM_mineral_rich,OOD,0.7,ID,0
chốt demo (user),781,AAM_mineral_rich,OOD,0.7,ID,0
chốt demo (user),782,AAM_mineral_rich,OOD,0.699998,ID,0
chốt demo (user),783,AAM_mineral_rich,OOD,0.7,ID,0
chốt demo (user),784,AAM_mineral_rich,OOD,0.630886,ID,0
chốt demo (user),785,AAM_mineral_rich,OOD,0.7,ID,0
chốt demo (user),786,AAM_mineral_rich,OOD,0.699383,ID,0
chốt demo (user),787,AAM_mineral_rich,OOD,0.578999,ID,0
chốt demo (user),788,AAM_mineral_rich,OOD,0.7,ID,0
chốt demo (user),789,AAM_mineral_rich,OOD,0.596147,ID,0
chốt demo (user),790,AAM_mineral_rich,OOD,0.7,ID,0
chốt demo (user),791,AAM_mineral_rich,OOD,0.7,ID,0
chốt demo (user),792,AAM_mineral_rich,OOD,0.7,ID,0
chốt demo (user),793,AAM_mineral_rich,OOD,0.7,ID,0
chốt demo (user),794,AAM_mineral_rich,OOD,0.699996,ID,0
chốt demo (user),795,AAM_mineral_rich,OOD,0.699952,ID,0
chốt demo (user),796,AAM_mineral_rich,OOD,0.7,ID,0
chốt demo (user),797,AAM_mineral_rich,OOD,0.556422,ID,0
chốt demo (user),798,AAM_mineral_rich,OOD,0.7,ID,0
chốt demo (user),799,AAM_mineral_rich,OOD,0.430795,ID,0
chốt demo (user),800,AAM_mineral_rich,OOD,0.699993,ID,0
chốt demo (user),801,AAM_mineral_rich,OOD,0.7,ID,0
chốt demo (user),802,AAM_mineral_rich,OOD,0.7,ID,0
chốt demo (user),803,AAM_mineral_rich,OOD,0.699713,ID,0
chốt demo (user),804,AAM_mineral_rich,OOD,0.693141,ID,0
chốt demo (user),805,AAM_mineral_rich,OOD,0.7,ID,0
chốt demo (user),806,AAM_mineral_rich,OOD,0.699935,ID,0
chốt demo (user),807,AAM_mineral_rich,OOD,0.7,ID,0
chốt demo (user),808,AAM_mineral_rich,OOD,0.7,ID,0
chốt demo (user),809,AAM_mineral_rich,OOD,0.7,ID,0
chốt demo (user),810,AAM_mineral_rich,OOD,0.699998,ID,0
chốt demo (user),811,AAM_mineral_rich,OOD,0.7,ID,0
chốt demo (user),812,AAM_mineral_rich,OOD,0.699843,ID,0
chốt demo (user),813,AAM_mineral_rich,OOD,0.68487,ID,0
chốt demo (user),814,AAM_mineral_rich,OOD,0.699989,ID,0
chốt demo (user),815,AAM_mineral_rich,OOD,0.688341,ID,0
chốt demo (user),816,AAM_mineral_rich,OOD,0.699999,ID,0
chốt demo (user),817,AAM_mineral_rich,OOD,0.7,ID,0
chốt demo (user),818,AAM_mineral_rich,OOD,0.7,ID,0
chốt demo (user),819,AAM_mineral_rich,OOD,0.7,ID,0
chốt demo (user),820,AAM_mineral_rich,OOD,0.7,ID,0
chốt demo (user),821,AAM_mineral_rich,OOD,0.7,ID,0
chốt demo (user),822,AAM_mineral_rich,OOD,0.7,ID,0
chốt demo (user),823,AAM_mineral_rich,OOD,0.7,ID,0
chốt demo (user),824,AAM_mineral_rich,OOD,0.7,ID,0
chốt demo (user),825,AAM_mineral_rich,OOD,0.7,ID,0
chốt demo (user),826,AAM_mineral_rich,OOD,0.7,ID,0
chốt demo (user),827,AAM_mineral_rich,OOD,0.60942,ID,0
chốt demo (user),828,AAM_mineral_rich,OOD,0.7,ID,0
chốt demo (user),829,AAM_mineral_rich,OOD,0.7,ID,0
chốt demo (user),830,AAM_mineral_rich,OOD,0.7,ID,0
chốt demo (user),831,AAM_mineral_rich,OOD,0.7,ID,0
chốt demo (user),832,AAM_mineral_rich,OOD,0.7,ID,0
chốt demo (user),833,AAM_mineral_rich,OOD,0.7,ID,0
chốt demo (user),834,AAM_mineral_rich,OOD,0.699994,ID,0
chốt demo (user),835,AAM_mineral_rich,OOD,0.7,ID,0
chốt demo (user),836,AAM_mineral_rich,OOD,0.7,ID,0
chốt demo (user),837,AAM_mineral_rich,OOD,0.7,ID,0
chốt demo (user),838,AAM_mineral_rich,OOD,0.69993,ID,0
chốt demo (user),839,AAM_mineral_rich,OOD,0.7,ID,0
chốt demo (user),840,AAM_mineral_rich,OOD,0.7,ID,0
chốt demo (user),841,AAM_mineral_rich,OOD,0.7,ID,0
chốt demo (user),842,AAM_mineral_rich,OOD,0.7,ID,0
chốt demo (user),843,AAM_mineral_rich,OOD,0.7,ID,0
chốt demo (user),844,AAM_mineral_rich,OOD,0.69996,ID,0
chốt demo (user),845,AAM_mineral_rich,OOD,0.7,ID,0
chốt demo (user),846,AAM_mineral_rich,OOD,0.699983,ID,0
chốt demo (user),847,AAM_mineral_rich,OOD,0.699999,ID,0
chốt demo (user),848,AAM_mineral_rich,OOD,0.45942,ID,0
chốt demo (user),849,AAM_mineral_rich,OOD,0.699998,ID,0
chốt demo (user),850,AAM_mineral_rich,OOD,0.699998,ID,0
chốt demo (user),851,AAM_mineral_rich,OOD,0.6762,ID,0
chốt demo (user),852,AAM_mineral_rich,OOD,0.699989,ID,0
chốt demo (user),853,AAM_mineral_rich,OOD,0.7,ID,0
chốt demo (user),854,AAM_mineral_rich,OOD,0.699629,ID,0
chốt demo (user),855,AAM_mineral_rich,OOD,0.676087,ID,0
chốt demo (user),856,AAM_mineral_rich,OOD,0.699997,ID,0
chốt demo (user),857,AAM_mineral_rich,OOD,0.7,ID,0
chốt demo (user),858,AAM_mineral_rich,OOD,0.7,ID,0
chốt demo (user),859,AAM_mineral_rich,OOD,0.485373,ID,0
chốt demo (user),860,AAM_mineral_rich,OOD,0.7,ID,0
chốt demo (user),861,AAM_mineral_rich,OOD,0.520766,ID,0
chốt demo (user),862,AAM_mineral_rich,OOD,0.7,ID,0
chốt demo (user),863,AAM_mineral_rich,OOD,0.699999,ID,0
chốt demo (user),864,AAM_mineral_rich,OOD,0.7,ID,0
chốt demo (user),865,AAM_mineral_rich,OOD,0.636917,ID,0
chốt demo (user),866,AAM_mineral_rich,OOD,0.578176,ID,0
chốt demo (user),867,AAM_mineral_rich,OOD,0.7,ID,0
chốt demo (user),868,AAM_mineral_rich,OOD,0.7,ID,0
chốt demo (user),869,AAM_mineral_rich,OOD,0.565924,ID,0
chốt demo (user),870,AAM_mineral_rich,OOD,0.7,ID,0
chốt demo (user),871,AAM_mineral_rich,OOD,0.7,ID,0
chốt demo (user),872,AAM_mineral_rich,OOD,0.7,ID,0
chốt demo (user),873,AAM_mineral_rich,OOD,0.699992,ID,0
chốt demo (user),874,AAM_mineral_rich,OOD,0.7,ID,0
chốt demo (user),875,AAM_mineral_rich,OOD,0.7,ID,0
chốt demo (user),876,AAM_mineral_rich,OOD,0.7,ID,0
chốt demo (user),877,AAM_mineral_rich,OOD,0.7,ID,0
chốt demo (user),878,AAM_mineral_rich,OOD,0.7,ID,0
chốt demo (user),879,AAM_mineral_rich,OOD,0.7,ID,0
chốt demo (user),880,AAM_mineral_rich,OOD,0.7,ID,0
chốt demo (user),881,AAM_mineral_rich,OOD,0.698216,ID,0
chốt demo (user),882,AAM_mineral_rich,OOD,0.7,ID,0
chốt demo (user),883,AAM_mineral_rich,OOD,0.7,ID,0
chốt demo (user),884,AAM_mineral_rich,OOD,0.7,ID,0
chốt demo (user),885,AAM_mineral_rich,OOD,0.699999,ID,0
chốt demo (user),886,AAM_mineral_rich,OOD,0.7,ID,0
chốt demo (user),887,AAM_mineral_rich,OOD,0.7,ID,0
chốt demo (user),888,AAM_mineral_rich,OOD,0.7,ID,0
chốt demo (user),889,AAM_mineral_rich,OOD,0.7,ID,0
chốt demo (user),890,AAM_mineral_rich,OOD,0.7,ID,0
chốt demo (user),891,AAM_mineral_rich,OOD,0.7,ID,0
chốt demo (user),892,AAM_mineral_rich,OOD,0.552713,ID,0
chốt demo (user),893,AAM_mineral_rich,OOD,0.7,ID,0
chốt demo (user),894,AAM_mineral_rich,OOD,0.659775,ID,0
chốt demo (user),895,AAM_mineral_rich,OOD,0.699999,ID,0
chốt demo (user),896,AAM_mineral_rich,OOD,0.7,ID,0
chốt demo (user),897,AAM_mineral_rich,OOD,0.7,ID,0
chốt demo (user),898,AAM_mineral_rich,OOD,0.69945,ID,0
chốt demo (user),899,AAM_mineral_rich,OOD,0.7,ID,0
chốt demo (user),900,AAM_mineral_rich,OOD,0.699859,ID,0
chốt demo (user),901,AAM_mineral_rich,OOD,0.699885,ID,0
chốt demo (user),902,AAM_mineral_rich,OOD,0.699999,ID,0
chốt demo (user),903,AAM_mineral_rich,OOD,0.7,ID,0
chốt demo (user),904,AAM_mineral_rich,OOD,0.7,ID,0
chốt demo (user),905,AAM_mineral_rich,OOD,0.7,ID,0
chốt demo (user),906,AAM_mineral_rich,OOD,0.7,ID,0
chốt demo (user),907,AAM_mineral_rich,OOD,0.699881,ID,0
chốt demo (user),908,AAM_mineral_rich,OOD,0.699997,ID,0
chốt demo (user),909,AAM_mineral_rich,OOD,0.7,ID,0
chốt demo (user),910,AAM_mineral_rich,OOD,0.654905,ID,0
chốt demo (user),911,AAM_mineral_rich,OOD,0.69318,ID,0
chốt demo (user),912,AAM_mineral_rich,OOD,0.699998,ID,0
chốt demo (user),913,AAM_mineral_rich,OOD,0.7,ID,0
chốt demo (user),914,AAM_mineral_rich,OOD,0.7,ID,0
chốt demo (user),915,AAM_mineral_rich,OOD,0.7,ID,0
chốt demo (user),916,AAM_mineral_rich,OOD,0.7,ID,0
chốt demo (user),917,AAM_mineral_rich,OOD,0.675762,ID,0
chốt demo (user),918,AAM_mineral_rich,OOD,0.7,ID,0
chốt demo (user),919,AAM_mineral_rich,OOD,0.7,ID,0
chốt demo (user),920,AAM_mineral_rich,OOD,0.7,ID,0
chốt demo (user),921,AAM_mineral_rich,OOD,0.7,ID,0
chốt demo (user),922,AAM_mineral_rich,OOD,0.7,ID,0
chốt demo (user),923,AAM_mineral_rich,OOD,0.699943,ID,0
chốt demo (user),924,AAM_mineral_rich,OOD,0.699109,ID,0
chốt demo (user),925,AAM_mineral_rich,OOD,0.69941,ID,0
chốt demo (user),926,AAM_mineral_rich,OOD,0.686605,ID,0
chốt demo (user),927,AAM_mineral_rich,OOD,0.7,ID,0
chốt demo (user),928,AAM_mineral_rich,OOD,0.696941,ID,0
chốt demo (user),929,AAM_mineral_rich,OOD,0.7,ID,0
chốt demo (user),930,AAM_mineral_rich,OOD,0.7,ID,0
chốt demo (user),931,AAM_mineral_rich,OOD,0.7,ID,0
chốt demo (user),932,AAM_mineral_rich,OOD,0.7,ID,0
chốt demo (user),933,AAM_mineral_rich,OOD,0.7,ID,0
chốt demo (user),934,AAM_mineral_rich,OOD,0.7,ID,0
chốt demo (user),935,AAM_mineral_rich,OOD,0.286239,ID,0
chốt demo (user),936,AAM_mineral_rich,OOD,0.7,ID,0
chốt demo (user),937,AAM_mineral_rich,OOD,0.699974,ID,0
chốt demo (user),938,AAM_mineral_rich,OOD,0.699884,ID,0
chốt demo (user),939,AAM_mineral_rich,OOD,0.7,ID,0
chốt demo (user),940,AAM_mineral_rich,OOD,0.674791,ID,0
chốt demo (user),941,AAM_mineral_rich,OOD,0.7,ID,0
chốt demo (user),942,AAM_mineral_rich,OOD,0.7,ID,0
chốt demo (user),943,AAM_mineral_rich,OOD,0.7,ID,0
chốt demo (user),944,AAM_mineral_rich,OOD,0.7,ID,0
chốt demo (user),945,AAM_mineral_rich,OOD,0.699999,ID,0
chốt demo (user),946,AAM_mineral_rich,OOD,0.7,ID,0
chốt demo (user),947,AAM_mineral_rich,OOD,0.699999,ID,0
chốt demo (user),948,AAM_mineral_rich,OOD,0.7,ID,0
chốt demo (user),949,AAM_mineral_rich,OOD,0.7,ID,0
chốt demo (user),950,AAM_mineral_rich,OOD,0.7,ID,0
chốt demo (user),951,AAM_mineral_rich,OOD,0.7,ID,0
chốt demo (user),952,AAM_mineral_rich,OOD,0.7,ID,0
chốt demo (user),953,AAM_mineral_rich,OOD,0.7,ID,0
chốt demo (user),954,AAM_mineral_rich,OOD,0.7,ID,0
chốt demo (user),955,AAM_mineral_rich,OOD,0.7,ID,0
chốt demo (user),956,AAM_mineral_rich,OOD,0.699999,ID,0
chốt demo (user),957,AAM_mineral_rich,OOD,0.7,ID,0
chốt demo (user),958,AAM_mineral_rich,OOD,0.7,ID,0
chốt demo (user),959,AAM_mineral_rich,OOD,0.7,ID,0
chốt demo (user),960,AAM_mineral_rich,OOD,0.69717,ID,0
chốt demo (user),961,AAM_mineral_rich,OOD,0.7,ID,0
chốt demo (user),962,AAM_mineral_rich,OOD,0.7,ID,0
chốt demo (user),963,AAM_mineral_rich,OOD,0.7,ID,0
chốt demo (user),964,AAM_mineral_rich,OOD,0.699911,ID,0
chốt demo (user),965,AAM_mineral_rich,OOD,0.7,ID,0
chốt demo (user),966,AAM_mineral_rich,OOD,0.7,ID,0
chốt demo (user),967,AAM_mineral_rich,OOD,0.7,ID,0
chốt demo (user),968,AAM_mineral_rich,OOD,0.7,ID,0
chốt demo (user),969,AAM_mineral_rich,OOD,0.6813,ID,0
chốt demo (user),970,AAM_mineral_rich,OOD,0.69989,ID,0
chốt demo (user),971,AAM_mineral_rich,OOD,0.699956,ID,0
chốt demo (user),972,AAM_mineral_rich,OOD,0.7,ID,0
F1-optimal (từ T32),0,AA_pure,ID,0.456917,ID,1
F1-optimal (từ T32),1,AA_pure,ID,0.3466,ID,1
F1-optimal (từ T32),2,AA_pure,ID,0.147818,ID,1
F1-optimal (từ T32),3,AA_pure,ID,0.318036,ID,1
F1-optimal (từ T32),4,AA_pure,ID,0.141685,ID,1
F1-optimal (từ T32),5,AA_pure,ID,0.147896,ID,1
F1-optimal (từ T32),6,AA_pure,ID,0.271786,ID,1
F1-optimal (từ T32),7,AA_pure,ID,0.483806,ID,1
F1-optimal (từ T32),8,AA_pure,ID,0.147218,ID,1
F1-optimal (từ T32),9,AA_pure,ID,0.24255,ID,1
F1-optimal (từ T32),10,AA_pure,ID,0.156304,ID,1
F1-optimal (từ T32),11,AA_pure,ID,0.504999,ID,1
F1-optimal (từ T32),12,AA_pure,ID,0.578549,OOD,0
F1-optimal (từ T32),13,AA_pure,ID,0.109648,ID,1
F1-optimal (từ T32),14,AA_pure,ID,0.13547,ID,1
F1-optimal (từ T32),15,AA_pure,ID,0.189996,ID,1
F1-optimal (từ T32),16,AA_pure,ID,0.227033,ID,1
F1-optimal (từ T32),17,AA_pure,ID,0.192873,ID,1
F1-optimal (từ T32),18,AA_pure,ID,0.166211,ID,1
F1-optimal (từ T32),19,AA_pure,ID,0.155845,ID,1
F1-optimal (từ T32),20,AA_pure,ID,0.326497,ID,1
F1-optimal (từ T32),21,AA_pure,ID,0.190818,ID,1
F1-optimal (từ T32),22,AA_pure,ID,0.249918,ID,1
F1-optimal (từ T32),23,AA_pure,ID,0.175154,ID,1
F1-optimal (từ T32),24,AA_pure,ID,0.366356,ID,1
F1-optimal (từ T32),25,AA_pure,ID,0.332834,ID,1
F1-optimal (từ T32),26,AA_pure,ID,0.153,ID,1
F1-optimal (từ T32),27,AA_pure,ID,0.296452,ID,1
F1-optimal (từ T32),28,AA_pure,ID,0.397212,ID,1
F1-optimal (từ T32),29,AA_pure,ID,0.351383,ID,1
F1-optimal (từ T32),30,AA_pure,ID,0.228037,ID,1
F1-optimal (từ T32),31,AA_pure,ID,0.307784,ID,1
F1-optimal (từ T32),32,AA_pure,ID,0.304105,ID,1
F1-optimal (từ T32),33,AA_pure,ID,0.313253,ID,1
F1-optimal (từ T32),34,AA_pure,ID,0.2707,ID,1
F1-optimal (từ T32),35,AA_pure,ID,0.386206,ID,1
F1-optimal (từ T32),36,AA_pure,ID,0.204628,ID,1
F1-optimal (từ T32),37,AA_pure,ID,0.236989,ID,1
F1-optimal (từ T32),38,AA_pure,ID,0.111023,ID,1
F1-optimal (từ T32),39,AA_pure,ID,0.204002,ID,1
F1-optimal (từ T32),40,AA_pure,ID,0.281805,ID,1
F1-optimal (từ T32),41,AA_pure,ID,0.428619,ID,1
F1-optimal (từ T32),42,AA_pure,ID,0.317928,ID,1
F1-optimal (từ T32),43,AA_pure,ID,0.29323,ID,1
F1-optimal (từ T32),44,AA_pure,ID,0.184764,ID,1
F1-optimal (từ T32),45,AA_pure,ID,0.403057,ID,1
F1-optimal (từ T32),46,AA_pure,ID,0.463789,ID,1
F1-optimal (từ T32),47,AA_pure,ID,0.105564,ID,1
F1-optimal (từ T32),48,AA_pure,ID,0.123793,ID,1
F1-optimal (từ T32),49,AA_pure,ID,0.357389,ID,1
F1-optimal (từ T32),50,AA_pure,ID,0.172402,ID,1
F1-optimal (từ T32),51,AA_pure,ID,0.193467,ID,1
F1-optimal (từ T32),52,AA_pure,ID,0.108188,ID,1
F1-optimal (từ T32),53,AA_pure,ID,0.399606,ID,1
F1-optimal (từ T32),54,AA_pure,ID,0.328325,ID,1
F1-optimal (từ T32),55,AA_pure,ID,0.393476,ID,1
F1-optimal (từ T32),56,AA_pure,ID,0.356304,ID,1
F1-optimal (từ T32),57,AA_pure,ID,0.225106,ID,1
F1-optimal (từ T32),58,AA_pure,ID,0.21042,ID,1
F1-optimal (từ T32),59,AA_pure,ID,0.372855,ID,1
F1-optimal (từ T32),60,AA_pure,ID,0.197544,ID,1
F1-optimal (từ T32),61,AA_pure,ID,0.521234,ID,1
F1-optimal (từ T32),62,AA_pure,ID,0.185599,ID,1
F1-optimal (từ T32),63,AA_pure,ID,0.140683,ID,1
F1-optimal (từ T32),64,AA_pure,ID,0.180065,ID,1
F1-optimal (từ T32),65,AA_pure,ID,0.372,ID,1
F1-optimal (từ T32),66,AA_pure,ID,0.16393,ID,1
F1-optimal (từ T32),67,AA_pure,ID,0.327934,ID,1
F1-optimal (từ T32),68,AA_pure,ID,0.163378,ID,1
F1-optimal (từ T32),69,AA_pure,ID,0.224212,ID,1
F1-optimal (từ T32),70,AA_pure,ID,0.131616,ID,1
F1-optimal (từ T32),71,AA_pure,ID,0.100092,ID,1
F1-optimal (từ T32),72,AA_pure,ID,0.129371,ID,1
F1-optimal (từ T32),73,AA_pure,ID,0.239191,ID,1
F1-optimal (từ T32),74,AA_pure,ID,0.256525,ID,1
F1-optimal (từ T32),75,AA_pure,ID,0.109613,ID,1
F1-optimal (từ T32),76,AA_pure,ID,0.20575,ID,1
F1-optimal (từ T32),77,AA_pure,ID,0.073094,ID,1
F1-optimal (từ T32),78,AA_pure,ID,0.270575,ID,1
F1-optimal (từ T32),79,AA_pure,ID,0.368708,ID,1
F1-optimal (từ T32),80,AA_pure,ID,0.179471,ID,1
F1-optimal (từ T32),81,AA_pure,ID,0.403991,ID,1
F1-optimal (từ T32),82,AA_pure,ID,0.149375,ID,1
F1-optimal (từ T32),83,AA_pure,ID,0.14272,ID,1
F1-optimal (từ T32),84,AA_pure,ID,0.231296,ID,1
F1-optimal (từ T32),85,AA_pure,ID,0.118427,ID,1
F1-optimal (từ T32),86,AA_pure,ID,0.187046,ID,1
F1-optimal (từ T32),87,AA_pure,ID,0.277632,ID,1
F1-optimal (từ T32),88,AA_pure,ID,0.186156,ID,1
F1-optimal (từ T32),89,AA_pure,ID,0.272238,ID,1
F1-optimal (từ T32),90,AA_pure,ID,0.188899,ID,1
F1-optimal (từ T32),91,AA_pure,ID,0.345335,ID,1
F1-optimal (từ T32),92,AA_pure,ID,0.262082,ID,1
F1-optimal (từ T32),93,AA_pure,ID,0.167729,ID,1
F1-optimal (từ T32),94,AA_pure,ID,0.251404,ID,1
F1-optimal (từ T32),95,AA_pure,ID,0.11612,ID,1
F1-optimal (từ T32),96,AA_pure,ID,0.148242,ID,1
F1-optimal (từ T32),97,AA_pure,ID,0.333424,ID,1
F1-optimal (từ T32),98,AA_pure,ID,0.233235,ID,1
F1-optimal (từ T32),99,AA_pure,ID,0.171708,ID,1
F1-optimal (từ T32),100,AA_pure,ID,0.266661,ID,1
F1-optimal (từ T32),101,AA_pure,ID,0.177757,ID,1
F1-optimal (từ T32),102,AA_pure,ID,0.314803,ID,1
F1-optimal (từ T32),103,AA_pure,ID,0.105609,ID,1
F1-optimal (từ T32),104,AA_pure,ID,0.195637,ID,1
F1-optimal (từ T32),105,AA_pure,ID,0.212938,ID,1
F1-optimal (từ T32),106,AA_pure,ID,0.085063,ID,1
F1-optimal (từ T32),107,AA_pure,ID,0.10591,ID,1
F1-optimal (từ T32),108,AA_pure,ID,0.333552,ID,1
F1-optimal (từ T32),109,AA_pure,ID,0.338335,ID,1
F1-optimal (từ T32),110,AA_pure,ID,0.214354,ID,1
F1-optimal (từ T32),111,AA_pure,ID,0.120446,ID,1
F1-optimal (từ T32),112,AA_pure,ID,0.160225,ID,1
F1-optimal (từ T32),113,AA_pure,ID,0.171063,ID,1
F1-optimal (từ T32),114,AA_pure,ID,0.37371,ID,1
F1-optimal (từ T32),115,AA_pure,ID,0.167621,ID,1
F1-optimal (từ T32),116,AA_pure,ID,0.318344,ID,1
F1-optimal (từ T32),117,AA_pure,ID,0.218054,ID,1
F1-optimal (từ T32),118,AA_pure,ID,0.15838,ID,1
F1-optimal (từ T32),119,AA_pure,ID,0.220682,ID,1
F1-optimal (từ T32),120,AA_pure,ID,0.151208,ID,1
F1-optimal (từ T32),121,AA_pure,ID,0.179532,ID,1
F1-optimal (từ T32),122,AA_pure,ID,0.231772,ID,1
F1-optimal (từ T32),123,AA_pure,ID,0.367939,ID,1
F1-optimal (từ T32),124,AA_pure,ID,0.316173,ID,1
F1-optimal (từ T32),125,AA_pure,ID,0.082942,ID,1
F1-optimal (từ T32),126,AA_pure,ID,0.413401,ID,1
F1-optimal (từ T32),127,AA_pure,ID,0.100568,ID,1
F1-optimal (từ T32),128,AA_pure,ID,0.308633,ID,1
F1-optimal (từ T32),129,AA_pure,ID,0.356676,ID,1
F1-optimal (từ T32),130,AA_pure,ID,0.214273,ID,1
F1-optimal (từ T32),131,AA_pure,ID,0.153303,ID,1
F1-optimal (từ T32),132,AA_pure,ID,0.226993,ID,1
F1-optimal (từ T32),133,AA_pure,ID,0.174145,ID,1
F1-optimal (từ T32),134,AA_pure,ID,0.144074,ID,1
F1-optimal (từ T32),135,AA_pure,ID,0.172261,ID,1
F1-optimal (từ T32),136,AA_pure,ID,0.45902,ID,1
F1-optimal (từ T32),137,AA_pure,ID,0.303289,ID,1
F1-optimal (từ T32),138,AA_pure,ID,0.527476,ID,1
F1-optimal (từ T32),139,AA_pure,ID,0.184437,ID,1
F1-optimal (từ T32),140,AA_pure,ID,0.330872,ID,1
F1-optimal (từ T32),141,AA_pure,ID,0.230749,ID,1
F1-optimal (từ T32),142,AA_pure,ID,0.539743,OOD,0
F1-optimal (từ T32),143,AA_pure,ID,0.074385,ID,1
F1-optimal (từ T32),144,AA_pure,ID,0.389417,ID,1
F1-optimal (từ T32),145,AA_pure,ID,0.250007,ID,1
F1-optimal (từ T32),146,AA_pure,ID,0.168164,ID,1
F1-optimal (từ T32),147,AA_pure,ID,0.141929,ID,1
F1-optimal (từ T32),148,AA_pure,ID,0.264657,ID,1
F1-optimal (từ T32),149,AA_pure,ID,0.138203,ID,1
F1-optimal (từ T32),150,AA_pure,ID,0.157524,ID,1
F1-optimal (từ T32),151,AA_pure,ID,0.131556,ID,1
F1-optimal (từ T32),152,AA_pure,ID,0.241688,ID,1
F1-optimal (từ T32),153,AA_pure,ID,0.157612,ID,1
F1-optimal (từ T32),154,AA_pure,ID,0.379465,ID,1
F1-optimal (từ T32),155,AA_pure,ID,0.204425,ID,1
F1-optimal (từ T32),156,AA_pure,ID,0.051266,ID,1
F1-optimal (từ T32),157,AA_pure,ID,0.118199,ID,1
F1-optimal (từ T32),158,AA_pure,ID,0.395377,ID,1
F1-optimal (từ T32),159,AA_pure,ID,0.121196,ID,1
F1-optimal (từ T32),160,AA_pure,ID,0.143207,ID,1
F1-optimal (từ T32),161,AA_pure,ID,0.137561,ID,1
F1-optimal (từ T32),162,AA_pure,ID,0.207107,ID,1
F1-optimal (từ T32),163,AA_pure,ID,0.274624,ID,1
F1-optimal (từ T32),164,AA_pure,ID,0.172136,ID,1
F1-optimal (từ T32),165,AA_pure,ID,0.100952,ID,1
F1-optimal (từ T32),166,AA_pure,ID,0.195258,ID,1
F1-optimal (từ T32),167,AA_pure,ID,0.191084,ID,1
F1-optimal (từ T32),168,AA_pure,ID,0.528996,OOD,0
F1-optimal (từ T32),169,AA_pure,ID,0.388297,ID,1
F1-optimal (từ T32),170,AA_pure,ID,0.379718,ID,1
F1-optimal (từ T32),171,AA_pure,ID,0.090131,ID,1
F1-optimal (từ T32),172,AA_pure,ID,0.259797,ID,1
F1-optimal (từ T32),173,AA_pure,ID,0.286242,ID,1
F1-optimal (từ T32),174,AA_pure,ID,0.161203,ID,1
F1-optimal (từ T32),175,AA_pure,ID,0.250994,ID,1
F1-optimal (từ T32),176,AA_pure,ID,0.248105,ID,1
F1-optimal (từ T32),177,AA_pure,ID,0.230803,ID,1
F1-optimal (từ T32),178,AA_pure,ID,0.39975,ID,1
F1-optimal (từ T32),179,AA_pure,ID,0.283255,ID,1
F1-optimal (từ T32),180,AA_pure,ID,0.373093,ID,1
F1-optimal (từ T32),181,AA_pure,ID,0.202949,ID,1
F1-optimal (từ T32),182,AA_pure,ID,0.411026,ID,1
F1-optimal (từ T32),183,AA_pure,ID,0.229213,ID,1
F1-optimal (từ T32),184,AA_pure,ID,0.315807,ID,1
F1-optimal (từ T32),185,AA_pure,ID,0.250654,ID,1
F1-optimal (từ T32),186,AA_pure,ID,0.15535,ID,1
F1-optimal (từ T32),187,AA_pure,ID,0.216321,ID,1
F1-optimal (từ T32),188,AA_pure,ID,0.234453,ID,1
F1-optimal (từ T32),189,AA_pure,ID,0.234423,ID,1
F1-optimal (từ T32),190,AA_pure,ID,0.34395,ID,1
F1-optimal (từ T32),191,AA_pure,ID,0.309707,ID,1
F1-optimal (từ T32),192,AA_pure,ID,0.267387,ID,1
F1-optimal (từ T32),193,AA_pure,ID,0.283523,ID,1
F1-optimal (từ T32),194,AA_pure,ID,0.350172,ID,1
F1-optimal (từ T32),195,AA_pure,ID,0.122362,ID,1
F1-optimal (từ T32),196,AA_pure,ID,0.205108,ID,1
F1-optimal (từ T32),197,AA_pure,ID,0.161246,ID,1
F1-optimal (từ T32),198,AA_pure,ID,0.222429,ID,1
F1-optimal (từ T32),199,AA_pure,ID,0.32648,ID,1
F1-optimal (từ T32),200,AA_pure,ID,0.30346,ID,1
F1-optimal (từ T32),201,AA_pure,ID,0.167491,ID,1
F1-optimal (từ T32),202,AA_pure,ID,0.290649,ID,1
F1-optimal (từ T32),203,AA_pure,ID,0.260222,ID,1
F1-optimal (từ T32),204,AA_pure,ID,0.11392,ID,1
F1-optimal (từ T32),205,AA_pure,ID,0.306709,ID,1
F1-optimal (từ T32),206,AA_pure,ID,0.186714,ID,1
F1-optimal (từ T32),207,AA_pure,ID,0.326472,ID,1
F1-optimal (từ T32),208,AA_pure,ID,0.171954,ID,1
F1-optimal (từ T32),209,AA_pure,ID,0.390518,ID,1
F1-optimal (từ T32),210,AA_pure,ID,0.094831,ID,1
F1-optimal (từ T32),211,AA_pure,ID,0.295731,ID,1
F1-optimal (từ T32),212,AA_pure,ID,0.300872,ID,1
F1-optimal (từ T32),213,AA_pure,ID,0.336335,ID,1
F1-optimal (từ T32),214,AA_pure,ID,0.420641,ID,1
F1-optimal (từ T32),215,AA_pure,ID,0.141578,ID,1
F1-optimal (từ T32),216,AA_pure,ID,0.204876,ID,1
F1-optimal (từ T32),217,AA_pure,ID,0.201032,ID,1
F1-optimal (từ T32),218,AA_pure,ID,0.236758,ID,1
F1-optimal (từ T32),219,AA_pure,ID,0.142453,ID,1
F1-optimal (từ T32),220,AA_pure,ID,0.160777,ID,1
F1-optimal (từ T32),221,AA_pure,ID,0.233558,ID,1
F1-optimal (từ T32),222,AA_pure,ID,0.2139,ID,1
F1-optimal (từ T32),223,AA_pure,ID,0.485718,ID,1
F1-optimal (từ T32),224,AA_pure,ID,0.139734,ID,1
F1-optimal (từ T32),225,AA_pure,ID,0.285101,ID,1
F1-optimal (từ T32),226,AA_pure,ID,0.325185,ID,1
F1-optimal (từ T32),227,AA_pure,ID,0.252533,ID,1
F1-optimal (từ T32),228,AA_pure,ID,0.305623,ID,1
F1-optimal (từ T32),229,AA_pure,ID,0.200291,ID,1
F1-optimal (từ T32),230,AA_pure,ID,0.257983,ID,1
F1-optimal (từ T32),231,AA_pure,ID,0.093092,ID,1
F1-optimal (từ T32),232,AA_pure,ID,0.362155,ID,1
F1-optimal (từ T32),233,AA_pure,ID,0.20935,ID,1
F1-optimal (từ T32),234,AA_pure,ID,0.321032,ID,1
F1-optimal (từ T32),235,AA_pure,ID,0.497689,ID,1
F1-optimal (từ T32),236,AA_pure,ID,0.19964,ID,1
F1-optimal (từ T32),237,AA_pure,ID,0.302568,ID,1
F1-optimal (từ T32),238,AA_pure,ID,0.099968,ID,1
F1-optimal (từ T32),239,AA_pure,ID,0.518153,ID,1
F1-optimal (từ T32),240,AA_pure,ID,0.111895,ID,1
F1-optimal (từ T32),241,AA_pure,ID,0.19574,ID,1
F1-optimal (từ T32),242,AA_pure,ID,0.297652,ID,1
F1-optimal (từ T32),243,AA_pure,ID,0.135993,ID,1
F1-optimal (từ T32),244,AA_pure,ID,0.088216,ID,1
F1-optimal (từ T32),245,AA_pure,ID,0.234294,ID,1
F1-optimal (từ T32),246,AA_pure,ID,0.28498,ID,1
F1-optimal (từ T32),247,AA_pure,ID,0.457016,ID,1
F1-optimal (từ T32),248,AA_pure,ID,0.264825,ID,1
F1-optimal (từ T32),249,AA_pure,ID,0.149972,ID,1
F1-optimal (từ T32),250,AA_pure,ID,0.21122,ID,1
F1-optimal (từ T32),251,AA_pure,ID,0.365563,ID,1
F1-optimal (từ T32),252,AA_pure,ID,0.162551,ID,1
F1-optimal (từ T32),253,AA_pure,ID,0.099528,ID,1
F1-optimal (từ T32),254,AA_pure,ID,0.134908,ID,1
F1-optimal (từ T32),255,AA_pure,ID,0.239493,ID,1
F1-optimal (từ T32),256,AA_pure,ID,0.245975,ID,1
F1-optimal (từ T32),257,AA_pure,ID,0.417149,ID,1
F1-optimal (từ T32),258,AA_pure,ID,0.38015,ID,1
F1-optimal (từ T32),259,AA_pure,ID,0.292986,ID,1
F1-optimal (từ T32),260,AA_pure,ID,0.235479,ID,1
F1-optimal (từ T32),261,AA_pure,ID,0.309653,ID,1
F1-optimal (từ T32),262,AA_pure,ID,0.364822,ID,1
F1-optimal (từ T32),263,AA_pure,ID,0.155331,ID,1
F1-optimal (từ T32),264,AA_pure,ID,0.304997,ID,1
F1-optimal (từ T32),265,AA_pure,ID,0.204091,ID,1
F1-optimal (từ T32),266,AA_pure,ID,0.151422,ID,1
F1-optimal (từ T32),267,AA_pure,ID,0.228472,ID,1
F1-optimal (từ T32),268,AA_pure,ID,0.107252,ID,1
F1-optimal (từ T32),269,AA_pure,ID,0.169439,ID,1
F1-optimal (từ T32),270,AA_pure,ID,0.46059,ID,1
F1-optimal (từ T32),271,AA_pure,ID,0.404479,ID,1
F1-optimal (từ T32),272,AA_pure,ID,0.104176,ID,1
F1-optimal (từ T32),273,AA_pure,ID,0.324753,ID,1
F1-optimal (từ T32),274,AA_pure,ID,0.124867,ID,1
F1-optimal (từ T32),275,AA_pure,ID,0.395395,ID,1
F1-optimal (từ T32),276,AA_pure,ID,0.21445,ID,1
F1-optimal (từ T32),277,AA_pure,ID,0.353811,ID,1
F1-optimal (từ T32),278,AA_pure,ID,0.32169,ID,1
F1-optimal (từ T32),279,AA_pure,ID,0.085343,ID,1
F1-optimal (từ T32),280,AA_pure,ID,0.248059,ID,1
F1-optimal (từ T32),281,AA_pure,ID,0.255557,ID,1
F1-optimal (từ T32),282,AA_pure,ID,0.252776,ID,1
F1-optimal (từ T32),283,AA_pure,ID,0.24171,ID,1
F1-optimal (từ T32),284,AA_pure,ID,0.123761,ID,1
F1-optimal (từ T32),285,AA_pure,ID,0.151768,ID,1
F1-optimal (từ T32),286,AA_pure,ID,0.254788,ID,1
F1-optimal (từ T32),287,AA_pure,ID,0.204787,ID,1
F1-optimal (từ T32),288,AA_pure,ID,0.150184,ID,1
F1-optimal (từ T32),289,AA_pure,ID,0.354661,ID,1
F1-optimal (từ T32),290,AA_pure,ID,0.325043,ID,1
F1-optimal (từ T32),291,AA_pure,ID,0.177736,ID,1
F1-optimal (từ T32),292,AA_pure,ID,0.223459,ID,1
F1-optimal (từ T32),293,AA_pure,ID,0.117995,ID,1
F1-optimal (từ T32),294,AA_pure,ID,0.41458,ID,1
F1-optimal (từ T32),295,AA_pure,ID,0.196507,ID,1
F1-optimal (từ T32),296,AA_pure,ID,0.251782,ID,1
F1-optimal (từ T32),297,AA_pure,ID,0.263597,ID,1
F1-optimal (từ T32),298,AA_pure,ID,0.237481,ID,1
F1-optimal (từ T32),299,AA_pure,ID,0.187222,ID,1
F1-optimal (từ T32),300,AA_pure,ID,0.176831,ID,1
F1-optimal (từ T32),301,AA_pure,ID,0.411242,ID,1
F1-optimal (từ T32),302,AA_pure,ID,0.106299,ID,1
F1-optimal (từ T32),303,AA_pure,ID,0.16136,ID,1
F1-optimal (từ T32),304,AA_pure,ID,0.298268,ID,1
F1-optimal (từ T32),305,AA_pure,ID,0.174032,ID,1
F1-optimal (từ T32),306,AA_pure,ID,0.532973,OOD,0
F1-optimal (từ T32),307,AA_pure,ID,0.126738,ID,1
F1-optimal (từ T32),308,AA_pure,ID,0.433256,ID,1
F1-optimal (từ T32),309,AA_pure,ID,0.180829,ID,1
F1-optimal (từ T32),310,AA_pure,ID,0.325298,ID,1
F1-optimal (từ T32),311,AA_pure,ID,0.264498,ID,1
F1-optimal (từ T32),312,AA_pure,ID,0.302536,ID,1
F1-optimal (từ T32),313,AA_pure,ID,0.193983,ID,1
F1-optimal (từ T32),314,AA_pure,ID,0.137755,ID,1
F1-optimal (từ T32),315,AA_pure,ID,0.242549,ID,1
F1-optimal (từ T32),316,AA_pure,ID,0.197151,ID,1
F1-optimal (từ T32),317,AA_pure,ID,0.179731,ID,1
F1-optimal (từ T32),318,AA_pure,ID,0.416377,ID,1
F1-optimal (từ T32),319,AA_pure,ID,0.19954,ID,1
F1-optimal (từ T32),320,AA_pure,ID,0.109401,ID,1
F1-optimal (từ T32),321,AA_pure,ID,0.152084,ID,1
F1-optimal (từ T32),322,AA_pure,ID,0.199207,ID,1
F1-optimal (từ T32),323,AA_pure,ID,0.277805,ID,1
F1-optimal (từ T32),324,AA_pure,ID,0.194443,ID,1
F1-optimal (từ T32),325,AA_pure,ID,0.085269,ID,1
F1-optimal (từ T32),326,AA_pure,ID,0.192764,ID,1
F1-optimal (từ T32),327,AA_pure,ID,0.145879,ID,1
F1-optimal (từ T32),328,AA_pure,ID,0.144376,ID,1
F1-optimal (từ T32),329,AA_pure,ID,0.127789,ID,1
F1-optimal (từ T32),330,AA_pure,ID,0.2054,ID,1
F1-optimal (từ T32),331,AA_pure,ID,0.126076,ID,1
F1-optimal (từ T32),332,AA_pure,ID,0.280278,ID,1
F1-optimal (từ T32),333,AA_pure,ID,0.378353,ID,1
F1-optimal (từ T32),334,AA_pure,ID,0.089794,ID,1
F1-optimal (từ T32),335,AA_pure,ID,0.227752,ID,1
F1-optimal (từ T32),336,AA_pure,ID,0.149008,ID,1
F1-optimal (từ T32),337,AA_pure,ID,0.400981,ID,1
F1-optimal (từ T32),338,AA_pure,ID,0.27588,ID,1
F1-optimal (từ T32),339,AA_pure,ID,0.267366,ID,1
F1-optimal (từ T32),340,AA_pure,ID,0.44904,ID,1
F1-optimal (từ T32),341,AA_pure,ID,0.370233,ID,1
F1-optimal (từ T32),342,AA_pure,ID,0.282693,ID,1
F1-optimal (từ T32),343,AA_pure,ID,0.128875,ID,1
F1-optimal (từ T32),344,AA_pure,ID,0.307547,ID,1
F1-optimal (từ T32),345,AA_pure,ID,0.219235,ID,1
F1-optimal (từ T32),346,AA_pure,ID,0.09359,ID,1
F1-optimal (từ T32),347,AA_pure,ID,0.36068,ID,1
F1-optimal (từ T32),348,AA_pure,ID,0.207446,ID,1
F1-optimal (từ T32),349,AA_pure,ID,0.33042,ID,1
F1-optimal (từ T32),350,AA_pure,ID,0.310942,ID,1
F1-optimal (từ T32),351,AA_pure,ID,0.291203,ID,1
F1-optimal (từ T32),352,AA_pure,ID,0.139506,ID,1
F1-optimal (từ T32),353,AA_pure,ID,0.159137,ID,1
F1-optimal (từ T32),354,AA_pure,ID,0.256191,ID,1
F1-optimal (từ T32),355,AA_pure,ID,0.091193,ID,1
F1-optimal (từ T32),356,AA_pure,ID,0.098124,ID,1
F1-optimal (từ T32),357,AA_pure,ID,0.256985,ID,1
F1-optimal (từ T32),358,AA_pure,ID,0.369949,ID,1
F1-optimal (từ T32),359,AA_pure,ID,0.196649,ID,1
F1-optimal (từ T32),360,AA_pure,ID,0.171625,ID,1
F1-optimal (từ T32),361,AA_pure,ID,0.260566,ID,1
F1-optimal (từ T32),362,AA_pure,ID,0.406684,ID,1
F1-optimal (từ T32),363,AA_pure,ID,0.273455,ID,1
F1-optimal (từ T32),364,AA_pure,ID,0.256383,ID,1
F1-optimal (từ T32),365,AA_pure,ID,0.334455,ID,1
F1-optimal (từ T32),366,AA_pure,ID,0.304951,ID,1
F1-optimal (từ T32),367,AA_pure,ID,0.403669,ID,1
F1-optimal (từ T32),368,AA_pure,ID,0.09906,ID,1
F1-optimal (từ T32),369,AA_pure,ID,0.147278,ID,1
F1-optimal (từ T32),370,AA_pure,ID,0.304999,ID,1
F1-optimal (từ T32),371,AA_pure,ID,0.203996,ID,1
F1-optimal (từ T32),372,AA_pure,ID,0.180842,ID,1
F1-optimal (từ T32),373,AA_pure,ID,0.266497,ID,1
F1-optimal (từ T32),374,AA_pure,ID,0.205409,ID,1
F1-optimal (từ T32),375,AA_pure,ID,0.346658,ID,1
F1-optimal (từ T32),376,AA_pure,ID,0.272719,ID,1
F1-optimal (từ T32),377,AA_pure,ID,0.233942,ID,1
F1-optimal (từ T32),378,AA_pure,ID,0.2664,ID,1
F1-optimal (từ T32),379,AA_pure,ID,0.117041,ID,1
F1-optimal (từ T32),380,AA_pure,ID,0.202259,ID,1
F1-optimal (từ T32),381,AA_pure,ID,0.102798,ID,1
F1-optimal (từ T32),382,AA_pure,ID,0.325371,ID,1
F1-optimal (từ T32),383,AA_pure,ID,0.134176,ID,1
F1-optimal (từ T32),384,AA_pure,ID,0.171052,ID,1
F1-optimal (từ T32),385,AA_pure,ID,0.171926,ID,1
F1-optimal (từ T32),386,AA_pure,ID,0.150024,ID,1
F1-optimal (từ T32),387,AA_pure,ID,0.501976,ID,1
F1-optimal (từ T32),388,AA_pure,ID,0.403552,ID,1
F1-optimal (từ T32),389,AA_pure,ID,0.165545,ID,1
F1-optimal (từ T32),390,AA_pure,ID,0.190733,ID,1
F1-optimal (từ T32),391,AA_pure,ID,0.121625,ID,1
F1-optimal (từ T32),392,AA_pure,ID,0.341866,ID,1
F1-optimal (từ T32),393,AA_pure,ID,0.415332,ID,1
F1-optimal (từ T32),394,AA_pure,ID,0.349113,ID,1
F1-optimal (từ T32),395,AA_pure,ID,0.088074,ID,1
F1-optimal (từ T32),396,AA_pure,ID,0.48971,ID,1
F1-optimal (từ T32),397,AA_pure,ID,0.270982,ID,1
F1-optimal (từ T32),398,AA_pure,ID,0.169291,ID,1
F1-optimal (từ T32),399,AA_pure,ID,0.136693,ID,1
F1-optimal (từ T32),400,AA_pure,ID,0.226653,ID,1
F1-optimal (từ T32),401,AA_pure,ID,0.162415,ID,1
F1-optimal (từ T32),402,AA_pure,ID,0.135467,ID,1
F1-optimal (từ T32),403,AA_pure,ID,0.355876,ID,1
F1-optimal (từ T32),404,AA_pure,ID,0.227875,ID,1
F1-optimal (từ T32),405,AA_pure,ID,0.167739,ID,1
F1-optimal (từ T32),406,AA_pure,ID,0.545428,OOD,0
F1-optimal (từ T32),407,AA_pure,ID,0.173766,ID,1
F1-optimal (từ T32),408,AA_pure,ID,0.159166,ID,1
F1-optimal (từ T32),409,AA_pure,ID,0.135228,ID,1
F1-optimal (từ T32),410,AA_pure,ID,0.181996,ID,1
F1-optimal (từ T32),411,AA_pure,ID,0.102508,ID,1
F1-optimal (từ T32),412,AA_pure,ID,0.231393,ID,1
F1-optimal (từ T32),413,AA_pure,ID,0.260225,ID,1
F1-optimal (từ T32),414,AA_pure,ID,0.248626,ID,1
F1-optimal (từ T32),415,AA_pure,ID,0.487851,ID,1
F1-optimal (từ T32),416,AA_pure,ID,0.519898,ID,1
F1-optimal (từ T32),417,AA_pure,ID,0.098468,ID,1
F1-optimal (từ T32),418,AA_pure,ID,0.343298,ID,1
F1-optimal (từ T32),419,AA_pure,ID,0.302009,ID,1
F1-optimal (từ T32),420,AA_pure,ID,0.216362,ID,1
F1-optimal (từ T32),421,AA_pure,ID,0.263185,ID,1
F1-optimal (từ T32),422,AA_pure,ID,0.172496,ID,1
F1-optimal (từ T32),423,AA_pure,ID,0.119724,ID,1
F1-optimal (từ T32),424,AA_pure,ID,0.187356,ID,1
F1-optimal (từ T32),425,AA_pure,ID,0.263173,ID,1
F1-optimal (từ T32),426,AA_pure,ID,0.216212,ID,1
F1-optimal (từ T32),427,AA_pure,ID,0.214151,ID,1
F1-optimal (từ T32),428,AA_pure,ID,0.316887,ID,1
F1-optimal (từ T32),429,AA_pure,ID,0.18179,ID,1
F1-optimal (từ T32),430,AA_pure,ID,0.286686,ID,1
F1-optimal (từ T32),431,AA_pure,ID,0.272854,ID,1
F1-optimal (từ T32),432,AA_pure,ID,0.360283,ID,1
F1-optimal (từ T32),433,AA_pure,ID,0.401516,ID,1
F1-optimal (từ T32),434,AA_pure,ID,0.412379,ID,1
F1-optimal (từ T32),435,AA_pure,ID,0.167019,ID,1
F1-optimal (từ T32),436,AA_pure,ID,0.229065,ID,1
F1-optimal (từ T32),437,AA_pure,ID,0.197013,ID,1
F1-optimal (từ T32),438,AA_pure,ID,0.189822,ID,1
F1-optimal (từ T32),439,AA_pure,ID,0.226033,ID,1
F1-optimal (từ T32),440,AA_pure,ID,0.260562,ID,1
F1-optimal (từ T32),441,AA_pure,ID,0.176729,ID,1
F1-optimal (từ T32),442,AA_pure,ID,0.269464,ID,1
F1-optimal (từ T32),443,AA_pure,ID,0.205501,ID,1
F1-optimal (từ T32),444,AA_pure,ID,0.37998,ID,1
F1-optimal (từ T32),445,AA_pure,ID,0.158546,ID,1
F1-optimal (từ T32),446,AA_pure,ID,0.095025,ID,1
F1-optimal (từ T32),447,AA_pure,ID,0.13557,ID,1
F1-optimal (từ T32),448,AA_pure,ID,0.315464,ID,1
F1-optimal (từ T32),449,AA_pure,ID,0.112039,ID,1
F1-optimal (từ T32),450,AA_pure,ID,0.397482,ID,1
F1-optimal (từ T32),451,AA_pure,ID,0.159508,ID,1
F1-optimal (từ T32),452,AA_pure,ID,0.189393,ID,1
F1-optimal (từ T32),453,AA_pure,ID,0.207148,ID,1
F1-optimal (từ T32),454,AA_pure,ID,0.239541,ID,1
F1-optimal (từ T32),455,AA_pure,ID,0.3924,ID,1
F1-optimal (từ T32),456,AA_pure,ID,0.299097,ID,1
F1-optimal (từ T32),457,AA_pure,ID,0.3842,ID,1
F1-optimal (từ T32),458,AA_pure,ID,0.155902,ID,1
F1-optimal (từ T32),459,AA_pure,ID,0.133222,ID,1
F1-optimal (từ T32),460,AA_pure,ID,0.248336,ID,1
F1-optimal (từ T32),461,AA_pure,ID,0.120224,ID,1
F1-optimal (từ T32),462,AA_pure,ID,0.171317,ID,1
F1-optimal (từ T32),463,AA_pure,ID,0.149022,ID,1
F1-optimal (từ T32),464,AA_pure,ID,0.180309,ID,1
F1-optimal (từ T32),465,AA_pure,ID,0.333162,ID,1
F1-optimal (từ T32),466,AA_pure,ID,0.354717,ID,1
F1-optimal (từ T32),467,AA_pure,ID,0.197047,ID,1
F1-optimal (từ T32),468,AA_pure,ID,0.105567,ID,1
F1-optimal (từ T32),469,AA_pure,ID,0.246706,ID,1
F1-optimal (từ T32),470,AA_pure,ID,0.209167,ID,1
F1-optimal (từ T32),471,AA_pure,ID,0.166641,ID,1
F1-optimal (từ T32),472,AA_pure,ID,0.111939,ID,1
F1-optimal (từ T32),473,AA_pure,ID,0.216531,ID,1
F1-optimal (từ T32),474,AA_pure,ID,0.131677,ID,1
F1-optimal (từ T32),475,AA_pure,ID,0.202152,ID,1
F1-optimal (từ T32),476,AA_pure,ID,0.295782,ID,1
F1-optimal (từ T32),477,AA_pure,ID,0.450194,ID,1
F1-optimal (từ T32),478,AA_pure,ID,0.281437,ID,1
F1-optimal (từ T32),479,AA_pure,ID,0.566313,OOD,0
F1-optimal (từ T32),480,AA_pure,ID,0.182362,ID,1
F1-optimal (từ T32),481,AA_pure,ID,0.597531,OOD,0
F1-optimal (từ T32),482,AA_pure,ID,0.17545,ID,1
F1-optimal (từ T32),483,AA_pure,ID,0.211019,ID,1
F1-optimal (từ T32),484,AA_pure,ID,0.103929,ID,1
F1-optimal (từ T32),485,AA_pure,ID,0.284168,ID,1
F1-optimal (từ T32),486,AA_pure,ID,0.157555,ID,1
F1-optimal (từ T32),487,AA_pure,ID,0.104494,ID,1
F1-optimal (từ T32),488,AA_pure,ID,0.231552,ID,1
F1-optimal (từ T32),489,AA_pure,ID,0.223261,ID,1
F1-optimal (từ T32),490,AA_pure,ID,0.286526,ID,1
F1-optimal (từ T32),491,AA_pure,ID,0.116596,ID,1
F1-optimal (từ T32),492,AA_pure,ID,0.239026,ID,1
F1-optimal (từ T32),493,AA_pure,ID,0.372473,ID,1
F1-optimal (từ T32),494,AA_pure,ID,0.225549,ID,1
F1-optimal (từ T32),495,AA_pure,ID,0.261531,ID,1
F1-optimal (từ T32),496,AA_pure,ID,0.294637,ID,1
F1-optimal (từ T32),497,AA_pure,ID,0.147462,ID,1
F1-optimal (từ T32),498,AA_pure,ID,0.221317,ID,1
F1-optimal (từ T32),499,AA_pure,ID,0.242246,ID,1
F1-optimal (từ T32),500,AA_pure,ID,0.526571,ID,1
F1-optimal (từ T32),501,AA_pure,ID,0.599114,OOD,0
F1-optimal (từ T32),502,AA_pure,ID,0.335043,ID,1
F1-optimal (từ T32),503,AA_pure,ID,0.369919,ID,1
F1-optimal (từ T32),504,AA_pure,ID,0.383568,ID,1
F1-optimal (từ T32),505,AA_pure,ID,0.146474,ID,1
F1-optimal (từ T32),506,AA_pure,ID,0.284146,ID,1
F1-optimal (từ T32),507,AA_pure,ID,0.185916,ID,1
F1-optimal (từ T32),508,AA_pure,ID,0.212447,ID,1
F1-optimal (từ T32),509,AA_pure,ID,0.1788,ID,1
F1-optimal (từ T32),510,AA_pure,ID,0.270827,ID,1
F1-optimal (từ T32),511,AA_pure,ID,0.138843,ID,1
F1-optimal (từ T32),512,AA_pure,ID,0.375445,ID,1
F1-optimal (từ T32),513,AA_pure,ID,0.22905,ID,1
F1-optimal (từ T32),514,AA_pure,ID,0.345955,ID,1
F1-optimal (từ T32),515,AA_pure,ID,0.136327,ID,1
F1-optimal (từ T32),516,AA_pure,ID,0.476432,ID,1
F1-optimal (từ T32),517,AA_pure,ID,0.136494,ID,1
F1-optimal (từ T32),518,AA_pure,ID,0.298903,ID,1
F1-optimal (từ T32),519,AA_pure,ID,0.108585,ID,1
F1-optimal (từ T32),520,AA_pure,ID,0.189472,ID,1
F1-optimal (từ T32),521,AA_pure,ID,0.313707,ID,1
F1-optimal (từ T32),522,AA_pure,ID,0.268756,ID,1
F1-optimal (từ T32),523,AA_pure,ID,0.430417,ID,1
F1-optimal (từ T32),524,AA_pure,ID,0.149022,ID,1
F1-optimal (từ T32),525,AA_pure,ID,0.24542,ID,1
F1-optimal (từ T32),526,AA_pure,ID,0.262297,ID,1
F1-optimal (từ T32),527,AA_pure,ID,0.208737,ID,1
F1-optimal (từ T32),528,AA_pure,ID,0.208341,ID,1
F1-optimal (từ T32),529,AA_pure,ID,0.177023,ID,1
F1-optimal (từ T32),530,AA_pure,ID,0.27006,ID,1
F1-optimal (từ T32),531,AA_pure,ID,0.181097,ID,1
F1-optimal (từ T32),532,AA_pure,ID,0.290955,ID,1
F1-optimal (từ T32),533,AA_pure,ID,0.259317,ID,1
F1-optimal (từ T32),534,AA_pure,ID,0.200646,ID,1
F1-optimal (từ T32),535,AA_pure,ID,0.273879,ID,1
F1-optimal (từ T32),536,AA_pure,ID,0.225385,ID,1
F1-optimal (từ T32),537,AA_pure,ID,0.142847,ID,1
F1-optimal (từ T32),538,AA_pure,ID,0.103238,ID,1
F1-optimal (từ T32),539,AA_pure,ID,0.599999,OOD,0
F1-optimal (từ T32),540,AA_pure,ID,0.168816,ID,1
F1-optimal (từ T32),541,AA_pure,ID,0.100846,ID,1
F1-optimal (từ T32),542,AA_pure,ID,0.400658,ID,1
F1-optimal (từ T32),543,AA_pure,ID,0.216442,ID,1
F1-optimal (từ T32),544,AA_pure,ID,0.18748,ID,1
F1-optimal (từ T32),545,AA_pure,ID,0.198487,ID,1
F1-optimal (từ T32),546,AA_pure,ID,0.129245,ID,1
F1-optimal (từ T32),547,AA_pure,ID,0.487595,ID,1
F1-optimal (từ T32),548,AA_pure,ID,0.297286,ID,1
F1-optimal (từ T32),549,AA_pure,ID,0.07773,ID,1
F1-optimal (từ T32),550,AA_pure,ID,0.161938,ID,1
F1-optimal (từ T32),551,AA_pure,ID,0.488496,ID,1
F1-optimal (từ T32),552,AA_pure,ID,0.102261,ID,1
F1-optimal (từ T32),553,AA_pure,ID,0.224008,ID,1
F1-optimal (từ T32),554,AA_pure,ID,0.112947,ID,1
F1-optimal (từ T32),555,AA_pure,ID,0.238056,ID,1
F1-optimal (từ T32),556,AA_pure,ID,0.309989,ID,1
F1-optimal (từ T32),557,AA_pure,ID,0.158139,ID,1
F1-optimal (từ T32),558,AA_pure,ID,0.273221,ID,1
F1-optimal (từ T32),559,AA_pure,ID,0.328257,ID,1
F1-optimal (từ T32),560,AA_pure,ID,0.311278,ID,1
F1-optimal (từ T32),561,AA_pure,ID,0.100988,ID,1
F1-optimal (từ T32),562,AA_pure,ID,0.123626,ID,1
F1-optimal (từ T32),563,AA_pure,ID,0.192895,ID,1
F1-optimal (từ T32),564,AA_pure,ID,0.099888,ID,1
F1-optimal (từ T32),565,AA_pure,ID,0.124084,ID,1
F1-optimal (từ T32),566,AA_pure,ID,0.29375,ID,1
F1-optimal (từ T32),567,AA_pure,ID,0.284501,ID,1
F1-optimal (từ T32),568,AA_pure,ID,0.111415,ID,1
F1-optimal (từ T32),569,AA_pure,ID,0.238035,ID,1
F1-optimal (từ T32),570,AA_pure,ID,0.202069,ID,1
F1-optimal (từ T32),571,AA_pure,ID,0.246151,ID,1
F1-optimal (từ T32),572,AA_pure,ID,0.308127,ID,1
F1-optimal (từ T32),573,AA_pure,ID,0.19359,ID,1
F1-optimal (từ T32),574,AA_pure,ID,0.241669,ID,1
F1-optimal (từ T32),575,AA_pure,ID,0.279383,ID,1
F1-optimal (từ T32),576,AA_pure,ID,0.105734,ID,1
F1-optimal (từ T32),577,AA_pure,ID,0.520263,ID,1
F1-optimal (từ T32),578,AA_pure,ID,0.328308,ID,1
F1-optimal (từ T32),579,AA_pure,ID,0.191993,ID,1
F1-optimal (từ T32),580,AA_pure,ID,0.365007,ID,1
F1-optimal (từ T32),581,AA_pure,ID,0.163542,ID,1
F1-optimal (từ T32),582,AA_pure,ID,0.554628,OOD,0
F1-optimal (từ T32),583,AA_pure,ID,0.143317,ID,1
F1-optimal (từ T32),584,AA_pure,ID,0.489804,ID,1
F1-optimal (từ T32),585,AA_pure,ID,0.257004,ID,1
F1-optimal (từ T32),586,AA_pure,ID,0.123428,ID,1
F1-optimal (từ T32),587,AA_pure,ID,0.168405,ID,1
F1-optimal (từ T32),588,AA_pure,ID,0.262299,ID,1
F1-optimal (từ T32),589,AA_pure,ID,0.093928,ID,1
F1-optimal (từ T32),590,AA_pure,ID,0.231889,ID,1
F1-optimal (từ T32),591,AA_pure,ID,0.207005,ID,1
F1-optimal (từ T32),592,AA_pure,ID,0.232969,ID,1
F1-optimal (từ T32),593,AA_pure,ID,0.185453,ID,1
F1-optimal (từ T32),594,AA_pure,ID,0.232368,ID,1
F1-optimal (từ T32),595,AA_pure,ID,0.188559,ID,1
F1-optimal (từ T32),596,AA_pure,ID,0.573261,OOD,0
F1-optimal (từ T32),597,AA_pure,ID,0.256493,ID,1
F1-optimal (từ T32),598,AA_pure,ID,0.388026,ID,1
F1-optimal (từ T32),599,AA_pure,ID,0.241957,ID,1
F1-optimal (từ T32),600,AA_pure,ID,0.325656,ID,1
F1-optimal (từ T32),601,AA_pure,ID,0.231756,ID,1
F1-optimal (từ T32),602,AA_pure,ID,0.13762,ID,1
F1-optimal (từ T32),603,AA_pure,ID,0.32431,ID,1
F1-optimal (từ T32),604,AA_pure,ID,0.249051,ID,1
F1-optimal (từ T32),605,AA_pure,ID,0.260987,ID,1
F1-optimal (từ T32),606,AA_pure,ID,0.237347,ID,1
F1-optimal (từ T32),607,AA_pure,ID,0.245014,ID,1
F1-optimal (từ T32),608,AA_pure,ID,0.277833,ID,1
F1-optimal (từ T32),609,AA_pure,ID,0.253456,ID,1
F1-optimal (từ T32),610,AA_pure,ID,0.120567,ID,1
F1-optimal (từ T32),611,AA_pure,ID,0.103974,ID,1
F1-optimal (từ T32),612,AA_pure,ID,0.337707,ID,1
F1-optimal (từ T32),613,AA_pure,ID,0.203918,ID,1
F1-optimal (từ T32),614,AA_pure,ID,0.098995,ID,1
F1-optimal (từ T32),615,AA_pure,ID,0.115379,ID,1
F1-optimal (từ T32),616,AA_pure,ID,0.210535,ID,1
F1-optimal (từ T32),617,AA_pure,ID,0.094125,ID,1
F1-optimal (từ T32),618,AA_pure,ID,0.17796,ID,1
F1-optimal (từ T32),619,AA_pure,ID,0.307485,ID,1
F1-optimal (từ T32),620,AA_pure,ID,0.217511,ID,1
F1-optimal (từ T32),621,AA_pure,ID,0.170558,ID,1
F1-optimal (từ T32),622,AA_pure,ID,0.453367,ID,1
F1-optimal (từ T32),623,AA_pure,ID,0.34038,ID,1
F1-optimal (từ T32),624,AA_pure,ID,0.28744,ID,1
F1-optimal (từ T32),625,AA_pure,ID,0.6,OOD,0
F1-optimal (từ T32),626,AA_pure,ID,0.206769,ID,1
F1-optimal (từ T32),627,AA_pure,ID,0.159435,ID,1
F1-optimal (từ T32),628,AA_pure,ID,0.226741,ID,1
F1-optimal (từ T32),629,AA_pure,ID,0.12494,ID,1
F1-optimal (từ T32),630,AA_pure,ID,0.190682,ID,1
F1-optimal (từ T32),631,AA_pure,ID,0.100858,ID,1
F1-optimal (từ T32),632,AA_pure,ID,0.280154,ID,1
F1-optimal (từ T32),633,AA_pure,ID,0.107035,ID,1
F1-optimal (từ T32),634,AA_pure,ID,0.136273,ID,1
F1-optimal (từ T32),635,AA_pure,ID,0.169289,ID,1
F1-optimal (từ T32),636,AA_pure,ID,0.113287,ID,1
F1-optimal (từ T32),637,AA_pure,ID,0.158375,ID,1
F1-optimal (từ T32),638,AA_pure,ID,0.20653,ID,1
F1-optimal (từ T32),639,AA_pure,ID,0.265546,ID,1
F1-optimal (từ T32),640,AA_pure,ID,0.269285,ID,1
F1-optimal (từ T32),641,AA_pure,ID,0.478681,ID,1
F1-optimal (từ T32),642,AA_pure,ID,0.309912,ID,1
F1-optimal (từ T32),643,AA_pure,ID,0.128431,ID,1
F1-optimal (từ T32),644,AA_pure,ID,0.124476,ID,1
F1-optimal (từ T32),645,AA_pure,ID,0.174118,ID,1
F1-optimal (từ T32),646,AA_pure,ID,0.230066,ID,1
F1-optimal (từ T32),647,AA_pure,ID,0.453864,ID,1
F1-optimal (từ T32),648,AA_pure,ID,0.305786,ID,1
F1-optimal (từ T32),649,AA_pure,ID,0.17175,ID,1
F1-optimal (từ T32),650,AA_pure,ID,0.58128,OOD,0
F1-optimal (từ T32),651,AA_pure,ID,0.181076,ID,1
F1-optimal (từ T32),652,AA_pure,ID,0.133697,ID,1
F1-optimal (từ T32),653,AA_pure,ID,0.273187,ID,1
F1-optimal (từ T32),654,AA_pure,ID,0.165966,ID,1
F1-optimal (từ T32),655,AA_pure,ID,0.271911,ID,1
F1-optimal (từ T32),656,AA_pure,ID,0.10224,ID,1
F1-optimal (từ T32),657,AA_pure,ID,0.221958,ID,1
F1-optimal (từ T32),658,AA_pure,ID,0.179771,ID,1
F1-optimal (từ T32),659,AA_pure,ID,0.161879,ID,1
F1-optimal (từ T32),660,AA_pure,ID,0.205241,ID,1
F1-optimal (từ T32),661,AA_pure,ID,0.134721,ID,1
F1-optimal (từ T32),662,AA_pure,ID,0.126999,ID,1
F1-optimal (từ T32),663,AA_pure,ID,0.149264,ID,1
F1-optimal (từ T32),664,AA_pure,ID,0.447688,ID,1
F1-optimal (từ T32),665,AA_pure,ID,0.251395,ID,1
F1-optimal (từ T32),666,AA_pure,ID,0.161752,ID,1
F1-optimal (từ T32),667,AA_pure,ID,0.223436,ID,1
F1-optimal (từ T32),668,AA_pure,ID,0.221097,ID,1
F1-optimal (từ T32),669,AA_pure,ID,0.155993,ID,1
F1-optimal (từ T32),670,AA_pure,ID,0.181844,ID,1
F1-optimal (từ T32),671,AA_pure,ID,0.457279,ID,1
F1-optimal (từ T32),672,AA_pure,ID,0.250713,ID,1
F1-optimal (từ T32),673,AA_pure,ID,0.214799,ID,1
F1-optimal (từ T32),674,AA_pure,ID,0.100014,ID,1
F1-optimal (từ T32),675,AA_pure,ID,0.165882,ID,1
F1-optimal (từ T32),676,AA_pure,ID,0.324124,ID,1
F1-optimal (từ T32),677,AA_pure,ID,0.441245,ID,1
F1-optimal (từ T32),678,AA_pure,ID,0.238651,ID,1
F1-optimal (từ T32),679,AA_pure,ID,0.405815,ID,1
F1-optimal (từ T32),680,AA_pure,ID,0.206174,ID,1
F1-optimal (từ T32),681,AA_pure,ID,0.152354,ID,1
F1-optimal (từ T32),682,AA_pure,ID,0.178296,ID,1
F1-optimal (từ T32),683,AA_pure,ID,0.30985,ID,1
F1-optimal (từ T32),684,AA_pure,ID,0.242566,ID,1
F1-optimal (từ T32),685,AA_pure,ID,0.489568,ID,1
F1-optimal (từ T32),686,AA_pure,ID,0.259311,ID,1
F1-optimal (từ T32),687,AA_pure,ID,0.100458,ID,1
F1-optimal (từ T32),688,AA_pure,ID,0.338977,ID,1
F1-optimal (từ T32),689,AA_pure,ID,0.167862,ID,1
F1-optimal (từ T32),690,AA_pure,ID,0.319331,ID,1
F1-optimal (từ T32),691,AA_pure,ID,0.352251,ID,1
F1-optimal (từ T32),692,AA_pure,ID,0.183195,ID,1
F1-optimal (từ T32),693,AA_pure,ID,0.177094,ID,1
F1-optimal (từ T32),694,AA_pure,ID,0.243436,ID,1
F1-optimal (từ T32),695,AA_pure,ID,0.389039,ID,1
F1-optimal (từ T32),696,AA_pure,ID,0.222398,ID,1
F1-optimal (từ T32),697,AA_pure,ID,0.144493,ID,1
F1-optimal (từ T32),698,AA_pure,ID,0.09939,ID,1
F1-optimal (từ T32),699,AA_pure,ID,0.337024,ID,1
F1-optimal (từ T32),700,AA_pure,ID,0.134172,ID,1
F1-optimal (từ T32),701,AA_pure,ID,0.327972,ID,1
F1-optimal (từ T32),702,AA_pure,ID,0.513603,ID,1
F1-optimal (từ T32),703,AA_pure,ID,0.235492,ID,1
F1-optimal (từ T32),704,AA_pure,ID,0.130108,ID,1
F1-optimal (từ T32),705,AA_pure,ID,0.171248,ID,1
F1-optimal (từ T32),706,AA_pure,ID,0.453208,ID,1
F1-optimal (từ T32),707,AA_pure,ID,0.514089,ID,1
F1-optimal (từ T32),708,AA_pure,ID,0.248251,ID,1
F1-optimal (từ T32),709,AA_pure,ID,0.246041,ID,1
F1-optimal (từ T32),710,AA_pure,ID,0.482308,ID,1
F1-optimal (từ T32),711,AA_pure,ID,0.315455,ID,1
F1-optimal (từ T32),712,AA_pure,ID,0.105549,ID,1
F1-optimal (từ T32),713,AA_pure,ID,0.228129,ID,1
F1-optimal (từ T32),714,AA_pure,ID,0.264712,ID,1
F1-optimal (từ T32),715,AA_pure,ID,0.153329,ID,1
F1-optimal (từ T32),716,AA_pure,ID,0.301074,ID,1
F1-optimal (từ T32),717,AA_pure,ID,0.264625,ID,1
F1-optimal (từ T32),718,AA_pure,ID,0.223344,ID,1
F1-optimal (từ T32),719,AA_pure,ID,0.161756,ID,1
F1-optimal (từ T32),720,AA_pure,ID,0.354096,ID,1
F1-optimal (từ T32),721,AA_pure,ID,0.360436,ID,1
F1-optimal (từ T32),722,AA_pure,ID,0.38876,ID,1
F1-optimal (từ T32),723,AA_pure,ID,0.598501,OOD,0
F1-optimal (từ T32),724,AA_pure,ID,0.151723,ID,1
F1-optimal (từ T32),725,AA_pure,ID,0.178832,ID,1
F1-optimal (từ T32),726,AA_pure,ID,0.198533,ID,1
F1-optimal (từ T32),727,AA_pure,ID,0.413658,ID,1
F1-optimal (từ T32),728,AA_pure,ID,0.184707,ID,1
F1-optimal (từ T32),729,AA_pure,ID,0.319185,ID,1
F1-optimal (từ T32),730,AA_pure,ID,0.131919,ID,1
F1-optimal (từ T32),731,AA_pure,ID,0.28107,ID,1
F1-optimal (từ T32),732,AA_pure,ID,0.286666,ID,1
F1-optimal (từ T32),733,AA_pure,ID,0.184928,ID,1
F1-optimal (từ T32),734,AA_pure,ID,0.145421,ID,1
F1-optimal (từ T32),735,AA_pure,ID,0.10257,ID,1
F1-optimal (từ T32),736,AA_pure,ID,0.364712,ID,1
F1-optimal (từ T32),737,AA_pure,ID,0.096277,ID,1
F1-optimal (từ T32),738,AA_pure,ID,0.182316,ID,1
F1-optimal (từ T32),739,AA_pure,ID,0.11333,ID,1
F1-optimal (từ T32),740,AA_pure,ID,0.163181,ID,1
F1-optimal (từ T32),741,AA_pure,ID,0.262717,ID,1
F1-optimal (từ T32),742,AA_pure,ID,0.064138,ID,1
F1-optimal (từ T32),743,AA_pure,ID,0.102967,ID,1
F1-optimal (từ T32),744,AA_pure,ID,0.326755,ID,1
F1-optimal (từ T32),745,AA_pure,ID,0.437398,ID,1
F1-optimal (từ T32),746,AA_pure,ID,0.165553,ID,1
F1-optimal (từ T32),747,AA_pure,ID,0.30211,ID,1
F1-optimal (từ T32),748,AA_pure,ID,0.279314,ID,1
F1-optimal (từ T32),749,AA_pure,ID,0.127922,ID,1
F1-optimal (từ T32),750,AA_pure,ID,0.191457,ID,1
F1-optimal (từ T32),751,AA_pure,ID,0.20884,ID,1
F1-optimal (từ T32),752,AA_pure,ID,0.276007,ID,1
F1-optimal (từ T32),753,AA_pure,ID,0.255437,ID,1
F1-optimal (từ T32),754,AA_pure,ID,0.220086,ID,1
F1-optimal (từ T32),755,AA_pure,ID,0.247608,ID,1
F1-optimal (từ T32),756,AA_pure,ID,0.331724,ID,1
F1-optimal (từ T32),757,AA_pure,ID,0.127594,ID,1
F1-optimal (từ T32),758,AA_pure,ID,0.372193,ID,1
F1-optimal (từ T32),759,AA_pure,ID,0.269787,ID,1
F1-optimal (từ T32),760,AA_pure,ID,0.165075,ID,1
F1-optimal (từ T32),761,AA_pure,ID,0.245351,ID,1
F1-optimal (từ T32),762,AA_pure,ID,0.13505,ID,1
F1-optimal (từ T32),763,AA_pure,ID,0.231483,ID,1
F1-optimal (từ T32),764,AA_pure,ID,0.208372,ID,1
F1-optimal (từ T32),765,AA_pure,ID,0.103695,ID,1
F1-optimal (từ T32),766,AA_pure,ID,0.213584,ID,1
F1-optimal (từ T32),767,AA_pure,ID,0.300764,ID,1
F1-optimal (từ T32),768,AA_pure,ID,0.093986,ID,1
F1-optimal (từ T32),769,AA_pure,ID,0.430501,ID,1
F1-optimal (từ T32),770,AA_pure,ID,0.197408,ID,1
F1-optimal (từ T32),771,AA_pure,ID,0.192113,ID,1
F1-optimal (từ T32),772,AA_pure,ID,0.258698,ID,1
F1-optimal (từ T32),773,AA_pure,ID,0.144614,ID,1
F1-optimal (từ T32),774,AA_pure,ID,0.227903,ID,1
F1-optimal (từ T32),775,AA_pure,ID,0.356385,ID,1
F1-optimal (từ T32),776,AA_pure,ID,0.168315,ID,1
F1-optimal (từ T32),777,AA_pure,ID,0.097168,ID,1
F1-optimal (từ T32),778,AA_pure,ID,0.10626,ID,1
F1-optimal (từ T32),779,AA_pure,ID,0.218296,ID,1
F1-optimal (từ T32),780,AA_pure,ID,0.190517,ID,1
F1-optimal (từ T32),781,AA_pure,ID,0.114657,ID,1
F1-optimal (từ T32),782,AA_pure,ID,0.077911,ID,1
F1-optimal (từ T32),783,AA_pure,ID,0.158107,ID,1
F1-optimal (từ T32),784,AA_pure,ID,0.108535,ID,1
F1-optimal (từ T32),785,AA_pure,ID,0.267361,ID,1
F1-optimal (từ T32),786,AA_pure,ID,0.09592,ID,1
F1-optimal (từ T32),787,AA_pure,ID,0.266256,ID,1
F1-optimal (từ T32),788,AA_pure,ID,0.225559,ID,1
F1-optimal (từ T32),789,AA_pure,ID,0.253473,ID,1
F1-optimal (từ T32),790,AA_pure,ID,0.386298,ID,1
F1-optimal (từ T32),791,AA_pure,ID,0.238992,ID,1
F1-optimal (từ T32),792,AA_pure,ID,0.342771,ID,1
F1-optimal (từ T32),793,AA_pure,ID,0.179071,ID,1
F1-optimal (từ T32),794,AA_pure,ID,0.200568,ID,1
F1-optimal (từ T32),795,AA_pure,ID,0.343913,ID,1
F1-optimal (từ T32),796,AA_pure,ID,0.104606,ID,1
F1-optimal (từ T32),797,AA_pure,ID,0.205277,ID,1
F1-optimal (từ T32),798,AA_pure,ID,0.330887,ID,1
F1-optimal (từ T32),799,AA_pure,ID,0.147338,ID,1
F1-optimal (từ T32),800,AA_pure,ID,0.224505,ID,1
F1-optimal (từ T32),801,AA_pure,ID,0.275259,ID,1
F1-optimal (từ T32),802,AA_pure,ID,0.329352,ID,1
F1-optimal (từ T32),803,AA_pure,ID,0.139017,ID,1
F1-optimal (từ T32),804,AA_pure,ID,0.232414,ID,1
F1-optimal (từ T32),805,AA_pure,ID,0.170918,ID,1
F1-optimal (từ T32),806,AA_pure,ID,0.091337,ID,1
F1-optimal (từ T32),807,AA_pure,ID,0.163905,ID,1
F1-optimal (từ T32),808,AA_pure,ID,0.169283,ID,1
F1-optimal (từ T32),809,AA_pure,ID,0.519856,ID,1
F1-optimal (từ T32),810,AA_pure,ID,0.161549,ID,1
F1-optimal (từ T32),811,AA_pure,ID,0.242479,ID,1
F1-optimal (từ T32),812,AA_pure,ID,0.105002,ID,1
F1-optimal (từ T32),813,AA_pure,ID,0.299141,ID,1
F1-optimal (từ T32),814,AA_pure,ID,0.232272,ID,1
F1-optimal (từ T32),815,AA_pure,ID,0.53973,OOD,0
F1-optimal (từ T32),816,AA_pure,ID,0.331391,ID,1
F1-optimal (từ T32),817,AA_pure,ID,0.284429,ID,1
F1-optimal (từ T32),818,AA_pure,ID,0.241692,ID,1
F1-optimal (từ T32),819,AA_pure,ID,0.337154,ID,1
F1-optimal (từ T32),820,AA_pure,ID,0.122578,ID,1
F1-optimal (từ T32),821,AA_pure,ID,0.130757,ID,1
F1-optimal (từ T32),822,AA_pure,ID,0.336293,ID,1
F1-optimal (từ T32),823,AA_pure,ID,0.337982,ID,1
F1-optimal (từ T32),824,AA_pure,ID,0.12469,ID,1
F1-optimal (từ T32),825,AA_pure,ID,0.085786,ID,1
F1-optimal (từ T32),826,AA_pure,ID,0.185917,ID,1
F1-optimal (từ T32),827,AA_pure,ID,0.185476,ID,1
F1-optimal (từ T32),828,AA_pure,ID,0.098122,ID,1
F1-optimal (từ T32),829,AA_pure,ID,0.237305,ID,1
F1-optimal (từ T32),830,AA_pure,ID,0.321246,ID,1
F1-optimal (từ T32),831,AA_pure,ID,0.074754,ID,1
F1-optimal (từ T32),832,AA_pure,ID,0.10051,ID,1
F1-optimal (từ T32),833,AA_pure,ID,0.137663,ID,1
F1-optimal (từ T32),834,AA_pure,ID,0.258435,ID,1
F1-optimal (từ T32),835,AA_pure,ID,0.337486,ID,1
F1-optimal (từ T32),836,AA_pure,ID,0.246497,ID,1
F1-optimal (từ T32),837,AA_pure,ID,0.225838,ID,1
F1-optimal (từ T32),838,AA_pure,ID,0.16022,ID,1
F1-optimal (từ T32),839,AA_pure,ID,0.178036,ID,1
F1-optimal (từ T32),840,AA_pure,ID,0.301311,ID,1
F1-optimal (từ T32),841,AA_pure,ID,0.6,OOD,0
F1-optimal (từ T32),842,AA_pure,ID,0.287528,ID,1
F1-optimal (từ T32),843,AA_pure,ID,0.35653,ID,1
F1-optimal (từ T32),844,AA_pure,ID,0.340911,ID,1
F1-optimal (từ T32),845,AA_pure,ID,0.122063,ID,1
F1-optimal (từ T32),846,AA_pure,ID,0.465303,ID,1
F1-optimal (từ T32),847,AA_pure,ID,0.189221,ID,1
F1-optimal (từ T32),848,AA_pure,ID,0.080191,ID,1
F1-optimal (từ T32),849,AA_pure,ID,0.145303,ID,1
F1-optimal (từ T32),850,AA_pure,ID,0.220537,ID,1
F1-optimal (từ T32),851,AA_pure,ID,0.082428,ID,1
F1-optimal (từ T32),852,AA_pure,ID,0.214406,ID,1
F1-optimal (từ T32),853,AA_pure,ID,0.139868,ID,1
F1-optimal (từ T32),854,AA_pure,ID,0.326919,ID,1
F1-optimal (từ T32),855,AA_pure,ID,0.116014,ID,1
F1-optimal (từ T32),856,AA_pure,ID,0.20381,ID,1
F1-optimal (từ T32),857,AA_pure,ID,0.372547,ID,1
F1-optimal (từ T32),858,AA_pure,ID,0.148013,ID,1
F1-optimal (từ T32),859,AA_pure,ID,0.126398,ID,1
F1-optimal (từ T32),860,AA_pure,ID,0.234617,ID,1
F1-optimal (từ T32),861,AA_pure,ID,0.289513,ID,1
F1-optimal (từ T32),862,AA_pure,ID,0.254229,ID,1
F1-optimal (từ T32),863,AA_pure,ID,0.213212,ID,1
F1-optimal (từ T32),864,AA_pure,ID,0.190053,ID,1
F1-optimal (từ T32),865,AA_pure,ID,0.343787,ID,1
F1-optimal (từ T32),866,AA_pure,ID,0.455258,ID,1
F1-optimal (từ T32),867,AA_pure,ID,0.1592,ID,1
F1-optimal (từ T32),868,AA_pure,ID,0.218501,ID,1
F1-optimal (từ T32),869,AA_pure,ID,0.242974,ID,1
F1-optimal (từ T32),870,AA_pure,ID,0.2996,ID,1
F1-optimal (từ T32),871,AA_pure,ID,0.150588,ID,1
F1-optimal (từ T32),872,AA_pure,ID,0.229981,ID,1
F1-optimal (từ T32),873,AA_pure,ID,0.338921,ID,1
F1-optimal (từ T32),874,AA_pure,ID,0.086891,ID,1
F1-optimal (từ T32),875,AA_pure,ID,0.139167,ID,1
F1-optimal (từ T32),876,AA_pure,ID,0.117493,ID,1
F1-optimal (từ T32),877,AA_pure,ID,0.11095,ID,1
F1-optimal (từ T32),878,AA_pure,ID,0.235454,ID,1
F1-optimal (từ T32),879,AA_pure,ID,0.309374,ID,1
F1-optimal (từ T32),880,AA_pure,ID,0.415319,ID,1
F1-optimal (từ T32),881,AA_pure,ID,0.465295,ID,1
F1-optimal (từ T32),882,AA_pure,ID,0.180833,ID,1
F1-optimal (từ T32),883,AA_pure,ID,0.198849,ID,1
F1-optimal (từ T32),884,AA_pure,ID,0.353953,ID,1
F1-optimal (từ T32),885,AA_pure,ID,0.106319,ID,1
F1-optimal (từ T32),886,AA_pure,ID,0.283593,ID,1
F1-optimal (từ T32),887,AA_pure,ID,0.310669,ID,1
F1-optimal (từ T32),888,AA_pure,ID,0.228092,ID,1
F1-optimal (từ T32),889,AA_pure,ID,0.269318,ID,1
F1-optimal (từ T32),890,AA_pure,ID,0.206827,ID,1
F1-optimal (từ T32),891,AA_pure,ID,0.195428,ID,1
F1-optimal (từ T32),892,AA_pure,ID,0.337248,ID,1
F1-optimal (từ T32),893,AA_pure,ID,0.186979,ID,1
F1-optimal (từ T32),894,AA_pure,ID,0.209413,ID,1
F1-optimal (từ T32),895,AA_pure,ID,0.325122,ID,1
F1-optimal (từ T32),896,AA_pure,ID,0.391068,ID,1
F1-optimal (từ T32),897,AA_pure,ID,0.094658,ID,1
F1-optimal (từ T32),898,AA_pure,ID,0.20357,ID,1
F1-optimal (từ T32),899,AA_pure,ID,0.278571,ID,1
F1-optimal (từ T32),900,AA_pure,ID,0.17499,ID,1
F1-optimal (từ T32),901,AA_pure,ID,0.135638,ID,1
F1-optimal (từ T32),902,AA_pure,ID,0.299824,ID,1
F1-optimal (từ T32),903,AA_pure,ID,0.095721,ID,1
F1-optimal (từ T32),904,AA_pure,ID,0.097353,ID,1
F1-optimal (từ T32),905,AA_pure,ID,0.242296,ID,1
F1-optimal (từ T32),906,AA_pure,ID,0.253104,ID,1
F1-optimal (từ T32),907,AA_pure,ID,0.154397,ID,1
F1-optimal (từ T32),908,AA_pure,ID,0.296804,ID,1
F1-optimal (từ T32),909,AA_pure,ID,0.295194,ID,1
F1-optimal (từ T32),910,AA_pure,ID,0.172726,ID,1
F1-optimal (từ T32),911,AA_pure,ID,0.341456,ID,1
F1-optimal (từ T32),912,AA_pure,ID,0.385736,ID,1
F1-optimal (từ T32),913,AA_pure,ID,0.136946,ID,1
F1-optimal (từ T32),914,AA_pure,ID,0.081049,ID,1
F1-optimal (từ T32),915,AA_pure,ID,0.146055,ID,1
F1-optimal (từ T32),916,AA_pure,ID,0.190529,ID,1
F1-optimal (từ T32),917,AA_pure,ID,0.218512,ID,1
F1-optimal (từ T32),918,AA_pure,ID,0.093589,ID,1
F1-optimal (từ T32),919,AA_pure,ID,0.221866,ID,1
F1-optimal (từ T32),920,AA_pure,ID,0.131684,ID,1
F1-optimal (từ T32),921,AA_pure,ID,0.179682,ID,1
F1-optimal (từ T32),922,AA_pure,ID,0.445355,ID,1
F1-optimal (từ T32),923,AA_pure,ID,0.317734,ID,1
F1-optimal (từ T32),924,AA_pure,ID,0.193673,ID,1
F1-optimal (từ T32),925,AA_pure,ID,0.124898,ID,1
F1-optimal (từ T32),926,AA_pure,ID,0.390891,ID,1
F1-optimal (từ T32),927,AA_pure,ID,0.131973,ID,1
F1-optimal (từ T32),928,AA_pure,ID,0.460881,ID,1
F1-optimal (từ T32),929,AA_pure,ID,0.167188,ID,1
F1-optimal (từ T32),930,AA_pure,ID,0.177733,ID,1
F1-optimal (từ T32),931,AA_pure,ID,0.203081,ID,1
F1-optimal (từ T32),932,AA_pure,ID,0.200628,ID,1
F1-optimal (từ T32),933,AA_pure,ID,0.151017,ID,1
F1-optimal (từ T32),934,AA_pure,ID,0.123177,ID,1
F1-optimal (từ T32),935,AA_pure,ID,0.293172,ID,1
F1-optimal (từ T32),936,AA_pure,ID,0.13484,ID,1
F1-optimal (từ T32),937,AA_pure,ID,0.222464,ID,1
F1-optimal (từ T32),938,AA_pure,ID,0.296436,ID,1
F1-optimal (từ T32),939,AA_pure,ID,0.306189,ID,1
F1-optimal (từ T32),940,AA_pure,ID,0.254384,ID,1
F1-optimal (từ T32),941,AA_pure,ID,0.230656,ID,1
F1-optimal (từ T32),942,AA_pure,ID,0.174778,ID,1
F1-optimal (từ T32),943,AA_pure,ID,0.175493,ID,1
F1-optimal (từ T32),944,AA_pure,ID,0.114841,ID,1
F1-optimal (từ T32),945,AA_pure,ID,0.340328,ID,1
F1-optimal (từ T32),946,AA_pure,ID,0.283516,ID,1
F1-optimal (từ T32),947,AA_pure,ID,0.113916,ID,1
F1-optimal (từ T32),948,AA_pure,ID,0.174607,ID,1
F1-optimal (từ T32),949,AA_pure,ID,0.302644,ID,1
F1-optimal (từ T32),950,AA_pure,ID,0.147896,ID,1
F1-optimal (từ T32),951,AA_pure,ID,0.231116,ID,1
F1-optimal (từ T32),952,AA_pure,ID,0.182392,ID,1
F1-optimal (từ T32),953,AA_pure,ID,0.20701,ID,1
F1-optimal (từ T32),954,AA_pure,ID,0.136268,ID,1
F1-optimal (từ T32),955,AA_pure,ID,0.217164,ID,1
F1-optimal (từ T32),956,AA_pure,ID,0.168195,ID,1
F1-optimal (từ T32),957,AA_pure,ID,0.22012,ID,1
F1-optimal (từ T32),958,AA_pure,ID,0.594144,OOD,0
F1-optimal (từ T32),959,AA_pure,ID,0.245981,ID,1
F1-optimal (từ T32),960,AA_pure,ID,0.256922,ID,1
F1-optimal (từ T32),961,AA_pure,ID,0.192992,ID,1
F1-optimal (từ T32),962,AA_pure,ID,0.20101,ID,1
F1-optimal (từ T32),963,AA_pure,ID,0.426372,ID,1
F1-optimal (từ T32),964,AA_pure,ID,0.136356,ID,1
F1-optimal (từ T32),965,AA_pure,ID,0.1047,ID,1
F1-optimal (từ T32),966,AA_pure,ID,0.497766,ID,1
F1-optimal (từ T32),967,AA_pure,ID,0.211751,ID,1
F1-optimal (từ T32),968,AA_pure,ID,0.106839,ID,1
F1-optimal (từ T32),969,AA_pure,ID,0.380885,ID,1
F1-optimal (từ T32),970,AA_pure,ID,0.432821,ID,1
F1-optimal (từ T32),971,AA_pure,ID,0.128769,ID,1
F1-optimal (từ T32),972,AA_pure,ID,0.297879,ID,1
F1-optimal (từ T32),0,AAM_mineral_rich,OOD,0.399002,ID,0
F1-optimal (từ T32),1,AAM_mineral_rich,OOD,0.6,OOD,1
F1-optimal (từ T32),2,AAM_mineral_rich,OOD,0.6,OOD,1
F1-optimal (từ T32),3,AAM_mineral_rich,OOD,0.59999,OOD,1
F1-optimal (từ T32),4,AAM_mineral_rich,OOD,0.6,OOD,1
F1-optimal (từ T32),5,AAM_mineral_rich,OOD,0.6,OOD,1
F1-optimal (từ T32),6,AAM_mineral_rich,OOD,0.599999,OOD,1
F1-optimal (từ T32),7,AAM_mineral_rich,OOD,0.6,OOD,1
F1-optimal (từ T32),8,AAM_mineral_rich,OOD,0.6,OOD,1
F1-optimal (từ T32),9,AAM_mineral_rich,OOD,0.38825,ID,0
F1-optimal (từ T32),10,AAM_mineral_rich,OOD,0.6,OOD,1
F1-optimal (từ T32),11,AAM_mineral_rich,OOD,0.6,OOD,1
F1-optimal (từ T32),12,AAM_mineral_rich,OOD,0.6,OOD,1
F1-optimal (từ T32),13,AAM_mineral_rich,OOD,0.6,OOD,1
F1-optimal (từ T32),14,AAM_mineral_rich,OOD,0.6,OOD,1
F1-optimal (từ T32),15,AAM_mineral_rich,OOD,0.599993,OOD,1
F1-optimal (từ T32),16,AAM_mineral_rich,OOD,0.6,OOD,1
F1-optimal (từ T32),17,AAM_mineral_rich,OOD,0.5999,OOD,1
F1-optimal (từ T32),18,AAM_mineral_rich,OOD,0.6,OOD,1
F1-optimal (từ T32),19,AAM_mineral_rich,OOD,0.598269,OOD,1
F1-optimal (từ T32),20,AAM_mineral_rich,OOD,0.599996,OOD,1
F1-optimal (từ T32),21,AAM_mineral_rich,OOD,0.6,OOD,1
F1-optimal (từ T32),22,AAM_mineral_rich,OOD,0.6,OOD,1
F1-optimal (từ T32),23,AAM_mineral_rich,OOD,0.6,OOD,1
F1-optimal (từ T32),24,AAM_mineral_rich,OOD,0.6,OOD,1
F1-optimal (từ T32),25,AAM_mineral_rich,OOD,0.6,OOD,1
F1-optimal (từ T32),26,AAM_mineral_rich,OOD,0.6,OOD,1
F1-optimal (từ T32),27,AAM_mineral_rich,OOD,0.297597,ID,0
F1-optimal (từ T32),28,AAM_mineral_rich,OOD,0.597279,OOD,1
F1-optimal (từ T32),29,AAM_mineral_rich,OOD,0.6,OOD,1
F1-optimal (từ T32),30,AAM_mineral_rich,OOD,0.6,OOD,1
F1-optimal (từ T32),31,AAM_mineral_rich,OOD,0.599796,OOD,1
F1-optimal (từ T32),32,AAM_mineral_rich,OOD,0.6,OOD,1
F1-optimal (từ T32),33,AAM_mineral_rich,OOD,0.6,OOD,1
F1-optimal (từ T32),34,AAM_mineral_rich,OOD,0.6,OOD,1
F1-optimal (từ T32),35,AAM_mineral_rich,OOD,0.6,OOD,1
F1-optimal (từ T32),36,AAM_mineral_rich,OOD,0.576814,OOD,1
F1-optimal (từ T32),37,AAM_mineral_rich,OOD,0.6,OOD,1
F1-optimal (từ T32),38,AAM_mineral_rich,OOD,0.6,OOD,1
F1-optimal (từ T32),39,AAM_mineral_rich,OOD,0.6,OOD,1
F1-optimal (từ T32),40,AAM_mineral_rich,OOD,0.599998,OOD,1
F1-optimal (từ T32),41,AAM_mineral_rich,OOD,0.6,OOD,1
F1-optimal (từ T32),42,AAM_mineral_rich,OOD,0.6,OOD,1
F1-optimal (từ T32),43,AAM_mineral_rich,OOD,0.6,OOD,1
F1-optimal (từ T32),44,AAM_mineral_rich,OOD,0.599788,OOD,1
F1-optimal (từ T32),45,AAM_mineral_rich,OOD,0.599997,OOD,1
F1-optimal (từ T32),46,AAM_mineral_rich,OOD,0.6,OOD,1
F1-optimal (từ T32),47,AAM_mineral_rich,OOD,0.590485,OOD,1
F1-optimal (từ T32),48,AAM_mineral_rich,OOD,0.596946,OOD,1
F1-optimal (từ T32),49,AAM_mineral_rich,OOD,0.599999,OOD,1
F1-optimal (từ T32),50,AAM_mineral_rich,OOD,0.6,OOD,1
F1-optimal (từ T32),51,AAM_mineral_rich,OOD,0.400567,ID,0
F1-optimal (từ T32),52,AAM_mineral_rich,OOD,0.6,OOD,1
F1-optimal (từ T32),53,AAM_mineral_rich,OOD,0.6,OOD,1
F1-optimal (từ T32),54,AAM_mineral_rich,OOD,0.598956,OOD,1
F1-optimal (từ T32),55,AAM_mineral_rich,OOD,0.598647,OOD,1
F1-optimal (từ T32),56,AAM_mineral_rich,OOD,0.6,OOD,1
F1-optimal (từ T32),57,AAM_mineral_rich,OOD,0.592149,OOD,1
F1-optimal (từ T32),58,AAM_mineral_rich,OOD,0.6,OOD,1
F1-optimal (từ T32),59,AAM_mineral_rich,OOD,0.599838,OOD,1
F1-optimal (từ T32),60,AAM_mineral_rich,OOD,0.6,OOD,1
F1-optimal (từ T32),61,AAM_mineral_rich,OOD,0.6,OOD,1
F1-optimal (từ T32),62,AAM_mineral_rich,OOD,0.598619,OOD,1
F1-optimal (từ T32),63,AAM_mineral_rich,OOD,0.6,OOD,1
F1-optimal (từ T32),64,AAM_mineral_rich,OOD,0.6,OOD,1
F1-optimal (từ T32),65,AAM_mineral_rich,OOD,0.6,OOD,1
F1-optimal (từ T32),66,AAM_mineral_rich,OOD,0.592809,OOD,1
F1-optimal (từ T32),67,AAM_mineral_rich,OOD,0.6,OOD,1
F1-optimal (từ T32),68,AAM_mineral_rich,OOD,0.52055,ID,0
F1-optimal (từ T32),69,AAM_mineral_rich,OOD,0.59999,OOD,1
F1-optimal (từ T32),70,AAM_mineral_rich,OOD,0.6,OOD,1
F1-optimal (từ T32),71,AAM_mineral_rich,OOD,0.599996,OOD,1
F1-optimal (từ T32),72,AAM_mineral_rich,OOD,0.6,OOD,1
F1-optimal (từ T32),73,AAM_mineral_rich,OOD,0.6,OOD,1
F1-optimal (từ T32),74,AAM_mineral_rich,OOD,0.6,OOD,1
F1-optimal (từ T32),75,AAM_mineral_rich,OOD,0.6,OOD,1
F1-optimal (từ T32),76,AAM_mineral_rich,OOD,0.6,OOD,1
F1-optimal (từ T32),77,AAM_mineral_rich,OOD,0.598091,OOD,1
F1-optimal (từ T32),78,AAM_mineral_rich,OOD,0.6,OOD,1
F1-optimal (từ T32),79,AAM_mineral_rich,OOD,0.599997,OOD,1
F1-optimal (từ T32),80,AAM_mineral_rich,OOD,0.599977,OOD,1
F1-optimal (từ T32),81,AAM_mineral_rich,OOD,0.598765,OOD,1
F1-optimal (từ T32),82,AAM_mineral_rich,OOD,0.6,OOD,1
F1-optimal (từ T32),83,AAM_mineral_rich,OOD,0.6,OOD,1
F1-optimal (từ T32),84,AAM_mineral_rich,OOD,0.6,OOD,1
F1-optimal (từ T32),85,AAM_mineral_rich,OOD,0.6,OOD,1
F1-optimal (từ T32),86,AAM_mineral_rich,OOD,0.6,OOD,1
F1-optimal (từ T32),87,AAM_mineral_rich,OOD,0.6,OOD,1
F1-optimal (từ T32),88,AAM_mineral_rich,OOD,0.6,OOD,1
F1-optimal (từ T32),89,AAM_mineral_rich,OOD,0.6,OOD,1
F1-optimal (từ T32),90,AAM_mineral_rich,OOD,0.6,OOD,1
F1-optimal (từ T32),91,AAM_mineral_rich,OOD,0.595397,OOD,1
F1-optimal (từ T32),92,AAM_mineral_rich,OOD,0.6,OOD,1
F1-optimal (từ T32),93,AAM_mineral_rich,OOD,0.578909,OOD,1
F1-optimal (từ T32),94,AAM_mineral_rich,OOD,0.55707,OOD,1
F1-optimal (từ T32),95,AAM_mineral_rich,OOD,0.6,OOD,1
F1-optimal (từ T32),96,AAM_mineral_rich,OOD,0.596864,OOD,1
F1-optimal (từ T32),97,AAM_mineral_rich,OOD,0.6,OOD,1
F1-optimal (từ T32),98,AAM_mineral_rich,OOD,0.6,OOD,1
F1-optimal (từ T32),99,AAM_mineral_rich,OOD,0.6,OOD,1
F1-optimal (từ T32),100,AAM_mineral_rich,OOD,0.6,OOD,1
F1-optimal (từ T32),101,AAM_mineral_rich,OOD,0.6,OOD,1
F1-optimal (từ T32),102,AAM_mineral_rich,OOD,0.596892,OOD,1
F1-optimal (từ T32),103,AAM_mineral_rich,OOD,0.6,OOD,1
F1-optimal (từ T32),104,AAM_mineral_rich,OOD,0.6,OOD,1
F1-optimal (từ T32),105,AAM_mineral_rich,OOD,0.6,OOD,1
F1-optimal (từ T32),106,AAM_mineral_rich,OOD,0.599908,OOD,1
F1-optimal (từ T32),107,AAM_mineral_rich,OOD,0.6,OOD,1
F1-optimal (từ T32),108,AAM_mineral_rich,OOD,0.59256,OOD,1
F1-optimal (từ T32),109,AAM_mineral_rich,OOD,0.6,OOD,1
F1-optimal (từ T32),110,AAM_mineral_rich,OOD,0.593414,OOD,1
F1-optimal (từ T32),111,AAM_mineral_rich,OOD,0.6,OOD,1
F1-optimal (từ T32),112,AAM_mineral_rich,OOD,0.59996,OOD,1
F1-optimal (từ T32),113,AAM_mineral_rich,OOD,0.599989,OOD,1
F1-optimal (từ T32),114,AAM_mineral_rich,OOD,0.599962,OOD,1
F1-optimal (từ T32),115,AAM_mineral_rich,OOD,0.6,OOD,1
F1-optimal (từ T32),116,AAM_mineral_rich,OOD,0.595201,OOD,1
F1-optimal (từ T32),117,AAM_mineral_rich,OOD,0.6,OOD,1
F1-optimal (từ T32),118,AAM_mineral_rich,OOD,0.6,OOD,1
F1-optimal (từ T32),119,AAM_mineral_rich,OOD,0.599982,OOD,1
F1-optimal (từ T32),120,AAM_mineral_rich,OOD,0.598793,OOD,1
F1-optimal (từ T32),121,AAM_mineral_rich,OOD,0.6,OOD,1
F1-optimal (từ T32),122,AAM_mineral_rich,OOD,0.6,OOD,1
F1-optimal (từ T32),123,AAM_mineral_rich,OOD,0.547715,OOD,1
F1-optimal (từ T32),124,AAM_mineral_rich,OOD,0.6,OOD,1
F1-optimal (từ T32),125,AAM_mineral_rich,OOD,0.594535,OOD,1
F1-optimal (từ T32),126,AAM_mineral_rich,OOD,0.597306,OOD,1
F1-optimal (từ T32),127,AAM_mineral_rich,OOD,0.586403,OOD,1
F1-optimal (từ T32),128,AAM_mineral_rich,OOD,0.599998,OOD,1
F1-optimal (từ T32),129,AAM_mineral_rich,OOD,0.599978,OOD,1
F1-optimal (từ T32),130,AAM_mineral_rich,OOD,0.6,OOD,1
F1-optimal (từ T32),131,AAM_mineral_rich,OOD,0.599543,OOD,1
F1-optimal (từ T32),132,AAM_mineral_rich,OOD,0.599889,OOD,1
F1-optimal (từ T32),133,AAM_mineral_rich,OOD,0.548557,OOD,1
F1-optimal (từ T32),134,AAM_mineral_rich,OOD,0.6,OOD,1
F1-optimal (từ T32),135,AAM_mineral_rich,OOD,0.599956,OOD,1
F1-optimal (từ T32),136,AAM_mineral_rich,OOD,0.6,OOD,1
F1-optimal (từ T32),137,AAM_mineral_rich,OOD,0.6,OOD,1
F1-optimal (từ T32),138,AAM_mineral_rich,OOD,0.6,OOD,1
F1-optimal (từ T32),139,AAM_mineral_rich,OOD,0.6,OOD,1
F1-optimal (từ T32),140,AAM_mineral_rich,OOD,0.6,OOD,1
F1-optimal (từ T32),141,AAM_mineral_rich,OOD,0.6,OOD,1
F1-optimal (từ T32),142,AAM_mineral_rich,OOD,0.6,OOD,1
F1-optimal (từ T32),143,AAM_mineral_rich,OOD,0.582836,OOD,1
F1-optimal (từ T32),144,AAM_mineral_rich,OOD,0.6,OOD,1
F1-optimal (từ T32),145,AAM_mineral_rich,OOD,0.6,OOD,1
F1-optimal (từ T32),146,AAM_mineral_rich,OOD,0.6,OOD,1
F1-optimal (từ T32),147,AAM_mineral_rich,OOD,0.6,OOD,1
F1-optimal (từ T32),148,AAM_mineral_rich,OOD,0.577647,OOD,1
F1-optimal (từ T32),149,AAM_mineral_rich,OOD,0.6,OOD,1
F1-optimal (từ T32),150,AAM_mineral_rich,OOD,0.6,OOD,1
F1-optimal (từ T32),151,AAM_mineral_rich,OOD,0.599998,OOD,1
F1-optimal (từ T32),152,AAM_mineral_rich,OOD,0.6,OOD,1
F1-optimal (từ T32),153,AAM_mineral_rich,OOD,0.6,OOD,1
F1-optimal (từ T32),154,AAM_mineral_rich,OOD,0.6,OOD,1
F1-optimal (từ T32),155,AAM_mineral_rich,OOD,0.6,OOD,1
F1-optimal (từ T32),156,AAM_mineral_rich,OOD,0.6,OOD,1
F1-optimal (từ T32),157,AAM_mineral_rich,OOD,0.6,OOD,1
F1-optimal (từ T32),158,AAM_mineral_rich,OOD,0.6,OOD,1
F1-optimal (từ T32),159,AAM_mineral_rich,OOD,0.599941,OOD,1
F1-optimal (từ T32),160,AAM_mineral_rich,OOD,0.6,OOD,1
F1-optimal (từ T32),161,AAM_mineral_rich,OOD,0.599988,OOD,1
F1-optimal (từ T32),162,AAM_mineral_rich,OOD,0.6,OOD,1
F1-optimal (từ T32),163,AAM_mineral_rich,OOD,0.6,OOD,1
F1-optimal (từ T32),164,AAM_mineral_rich,OOD,0.599969,OOD,1
F1-optimal (từ T32),165,AAM_mineral_rich,OOD,0.6,OOD,1
F1-optimal (từ T32),166,AAM_mineral_rich,OOD,0.599985,OOD,1
F1-optimal (từ T32),167,AAM_mineral_rich,OOD,0.6,OOD,1
F1-optimal (từ T32),168,AAM_mineral_rich,OOD,0.6,OOD,1
F1-optimal (từ T32),169,AAM_mineral_rich,OOD,0.6,OOD,1
F1-optimal (từ T32),170,AAM_mineral_rich,OOD,0.6,OOD,1
F1-optimal (từ T32),171,AAM_mineral_rich,OOD,0.515485,ID,0
F1-optimal (từ T32),172,AAM_mineral_rich,OOD,0.547689,OOD,1
F1-optimal (từ T32),173,AAM_mineral_rich,OOD,0.6,OOD,1
F1-optimal (từ T32),174,AAM_mineral_rich,OOD,0.6,OOD,1
F1-optimal (từ T32),175,AAM_mineral_rich,OOD,0.6,OOD,1
F1-optimal (từ T32),176,AAM_mineral_rich,OOD,0.6,OOD,1
F1-optimal (từ T32),177,AAM_mineral_rich,OOD,0.6,OOD,1
F1-optimal (từ T32),178,AAM_mineral_rich,OOD,0.599997,OOD,1
F1-optimal (từ T32),179,AAM_mineral_rich,OOD,0.599592,OOD,1
F1-optimal (từ T32),180,AAM_mineral_rich,OOD,0.599998,OOD,1
F1-optimal (từ T32),181,AAM_mineral_rich,OOD,0.598999,OOD,1
F1-optimal (từ T32),182,AAM_mineral_rich,OOD,0.6,OOD,1
F1-optimal (từ T32),183,AAM_mineral_rich,OOD,0.6,OOD,1
F1-optimal (từ T32),184,AAM_mineral_rich,OOD,0.6,OOD,1
F1-optimal (từ T32),185,AAM_mineral_rich,OOD,0.599999,OOD,1
F1-optimal (từ T32),186,AAM_mineral_rich,OOD,0.598996,OOD,1
F1-optimal (từ T32),187,AAM_mineral_rich,OOD,0.6,OOD,1
F1-optimal (từ T32),188,AAM_mineral_rich,OOD,0.6,OOD,1
F1-optimal (từ T32),189,AAM_mineral_rich,OOD,0.6,OOD,1
F1-optimal (từ T32),190,AAM_mineral_rich,OOD,0.6,OOD,1
F1-optimal (từ T32),191,AAM_mineral_rich,OOD,0.407837,ID,0
F1-optimal (từ T32),192,AAM_mineral_rich,OOD,0.6,OOD,1
F1-optimal (từ T32),193,AAM_mineral_rich,OOD,0.599799,OOD,1
F1-optimal (từ T32),194,AAM_mineral_rich,OOD,0.6,OOD,1
F1-optimal (từ T32),195,AAM_mineral_rich,OOD,0.6,OOD,1
F1-optimal (từ T32),196,AAM_mineral_rich,OOD,0.6,OOD,1
F1-optimal (từ T32),197,AAM_mineral_rich,OOD,0.599983,OOD,1
F1-optimal (từ T32),198,AAM_mineral_rich,OOD,0.599962,OOD,1
F1-optimal (từ T32),199,AAM_mineral_rich,OOD,0.6,OOD,1
F1-optimal (từ T32),200,AAM_mineral_rich,OOD,0.584576,OOD,1
F1-optimal (từ T32),201,AAM_mineral_rich,OOD,0.6,OOD,1
F1-optimal (từ T32),202,AAM_mineral_rich,OOD,0.6,OOD,1
F1-optimal (từ T32),203,AAM_mineral_rich,OOD,0.599966,OOD,1
F1-optimal (từ T32),204,AAM_mineral_rich,OOD,0.6,OOD,1
F1-optimal (từ T32),205,AAM_mineral_rich,OOD,0.6,OOD,1
F1-optimal (từ T32),206,AAM_mineral_rich,OOD,0.6,OOD,1
F1-optimal (từ T32),207,AAM_mineral_rich,OOD,0.599872,OOD,1
F1-optimal (từ T32),208,AAM_mineral_rich,OOD,0.599995,OOD,1
F1-optimal (từ T32),209,AAM_mineral_rich,OOD,0.6,OOD,1
F1-optimal (từ T32),210,AAM_mineral_rich,OOD,0.599991,OOD,1
F1-optimal (từ T32),211,AAM_mineral_rich,OOD,0.6,OOD,1
F1-optimal (từ T32),212,AAM_mineral_rich,OOD,0.6,OOD,1
F1-optimal (từ T32),213,AAM_mineral_rich,OOD,0.6,OOD,1
F1-optimal (từ T32),214,AAM_mineral_rich,OOD,0.583444,OOD,1
F1-optimal (từ T32),215,AAM_mineral_rich,OOD,0.6,OOD,1
F1-optimal (từ T32),216,AAM_mineral_rich,OOD,0.6,OOD,1
F1-optimal (từ T32),217,AAM_mineral_rich,OOD,0.599997,OOD,1
F1-optimal (từ T32),218,AAM_mineral_rich,OOD,0.6,OOD,1
F1-optimal (từ T32),219,AAM_mineral_rich,OOD,0.6,OOD,1
F1-optimal (từ T32),220,AAM_mineral_rich,OOD,0.6,OOD,1
F1-optimal (từ T32),221,AAM_mineral_rich,OOD,0.6,OOD,1
F1-optimal (từ T32),222,AAM_mineral_rich,OOD,0.599976,OOD,1
F1-optimal (từ T32),223,AAM_mineral_rich,OOD,0.6,OOD,1
F1-optimal (từ T32),224,AAM_mineral_rich,OOD,0.599826,OOD,1
F1-optimal (từ T32),225,AAM_mineral_rich,OOD,0.6,OOD,1
F1-optimal (từ T32),226,AAM_mineral_rich,OOD,0.6,OOD,1
F1-optimal (từ T32),227,AAM_mineral_rich,OOD,0.425067,ID,0
F1-optimal (từ T32),228,AAM_mineral_rich,OOD,0.6,OOD,1
F1-optimal (từ T32),229,AAM_mineral_rich,OOD,0.6,OOD,1
F1-optimal (từ T32),230,AAM_mineral_rich,OOD,0.598207,OOD,1
F1-optimal (từ T32),231,AAM_mineral_rich,OOD,0.6,OOD,1
F1-optimal (từ T32),232,AAM_mineral_rich,OOD,0.59999,OOD,1
F1-optimal (từ T32),233,AAM_mineral_rich,OOD,0.6,OOD,1
F1-optimal (từ T32),234,AAM_mineral_rich,OOD,0.6,OOD,1
F1-optimal (từ T32),235,AAM_mineral_rich,OOD,0.6,OOD,1
F1-optimal (từ T32),236,AAM_mineral_rich,OOD,0.6,OOD,1
F1-optimal (từ T32),237,AAM_mineral_rich,OOD,0.599893,OOD,1
F1-optimal (từ T32),238,AAM_mineral_rich,OOD,0.6,OOD,1
F1-optimal (từ T32),239,AAM_mineral_rich,OOD,0.6,OOD,1
F1-optimal (từ T32),240,AAM_mineral_rich,OOD,0.6,OOD,1
F1-optimal (từ T32),241,AAM_mineral_rich,OOD,0.6,OOD,1
F1-optimal (từ T32),242,AAM_mineral_rich,OOD,0.599961,OOD,1
F1-optimal (từ T32),243,AAM_mineral_rich,OOD,0.6,OOD,1
F1-optimal (từ T32),244,AAM_mineral_rich,OOD,0.6,OOD,1
F1-optimal (từ T32),245,AAM_mineral_rich,OOD,0.599999,OOD,1
F1-optimal (từ T32),246,AAM_mineral_rich,OOD,0.6,OOD,1
F1-optimal (từ T32),247,AAM_mineral_rich,OOD,0.580063,OOD,1
F1-optimal (từ T32),248,AAM_mineral_rich,OOD,0.6,OOD,1
F1-optimal (từ T32),249,AAM_mineral_rich,OOD,0.576934,OOD,1
F1-optimal (từ T32),250,AAM_mineral_rich,OOD,0.456988,ID,0
F1-optimal (từ T32),251,AAM_mineral_rich,OOD,0.6,OOD,1
F1-optimal (từ T32),252,AAM_mineral_rich,OOD,0.6,OOD,1
F1-optimal (từ T32),253,AAM_mineral_rich,OOD,0.6,OOD,1
F1-optimal (từ T32),254,AAM_mineral_rich,OOD,0.54788,OOD,1
F1-optimal (từ T32),255,AAM_mineral_rich,OOD,0.6,OOD,1
F1-optimal (từ T32),256,AAM_mineral_rich,OOD,0.6,OOD,1
F1-optimal (từ T32),257,AAM_mineral_rich,OOD,0.6,OOD,1
F1-optimal (từ T32),258,AAM_mineral_rich,OOD,0.599926,OOD,1
F1-optimal (từ T32),259,AAM_mineral_rich,OOD,0.6,OOD,1
F1-optimal (từ T32),260,AAM_mineral_rich,OOD,0.6,OOD,1
F1-optimal (từ T32),261,AAM_mineral_rich,OOD,0.6,OOD,1
F1-optimal (từ T32),262,AAM_mineral_rich,OOD,0.6,OOD,1
F1-optimal (từ T32),263,AAM_mineral_rich,OOD,0.6,OOD,1
F1-optimal (từ T32),264,AAM_mineral_rich,OOD,0.6,OOD,1
F1-optimal (từ T32),265,AAM_mineral_rich,OOD,0.599482,OOD,1
F1-optimal (từ T32),266,AAM_mineral_rich,OOD,0.6,OOD,1
F1-optimal (từ T32),267,AAM_mineral_rich,OOD,0.441638,ID,0
F1-optimal (từ T32),268,AAM_mineral_rich,OOD,0.425239,ID,0
F1-optimal (từ T32),269,AAM_mineral_rich,OOD,0.6,OOD,1
F1-optimal (từ T32),270,AAM_mineral_rich,OOD,0.599402,OOD,1
F1-optimal (từ T32),271,AAM_mineral_rich,OOD,0.6,OOD,1
F1-optimal (từ T32),272,AAM_mineral_rich,OOD,0.599981,OOD,1
F1-optimal (từ T32),273,AAM_mineral_rich,OOD,0.6,OOD,1
F1-optimal (từ T32),274,AAM_mineral_rich,OOD,0.6,OOD,1
F1-optimal (từ T32),275,AAM_mineral_rich,OOD,0.59994,OOD,1
F1-optimal (từ T32),276,AAM_mineral_rich,OOD,0.6,OOD,1
F1-optimal (từ T32),277,AAM_mineral_rich,OOD,0.6,OOD,1
F1-optimal (từ T32),278,AAM_mineral_rich,OOD,0.6,OOD,1
F1-optimal (từ T32),279,AAM_mineral_rich,OOD,0.599999,OOD,1
F1-optimal (từ T32),280,AAM_mineral_rich,OOD,0.6,OOD,1
F1-optimal (từ T32),281,AAM_mineral_rich,OOD,0.6,OOD,1
F1-optimal (từ T32),282,AAM_mineral_rich,OOD,0.6,OOD,1
F1-optimal (từ T32),283,AAM_mineral_rich,OOD,0.6,OOD,1
F1-optimal (từ T32),284,AAM_mineral_rich,OOD,0.6,OOD,1
F1-optimal (từ T32),285,AAM_mineral_rich,OOD,0.6,OOD,1
F1-optimal (từ T32),286,AAM_mineral_rich,OOD,0.59999,OOD,1
F1-optimal (từ T32),287,AAM_mineral_rich,OOD,0.6,OOD,1
F1-optimal (từ T32),288,AAM_mineral_rich,OOD,0.599992,OOD,1
F1-optimal (từ T32),289,AAM_mineral_rich,OOD,0.6,OOD,1
F1-optimal (từ T32),290,AAM_mineral_rich,OOD,0.575879,OOD,1
F1-optimal (từ T32),291,AAM_mineral_rich,OOD,0.57047,OOD,1
F1-optimal (từ T32),292,AAM_mineral_rich,OOD,0.6,OOD,1
F1-optimal (từ T32),293,AAM_mineral_rich,OOD,0.599996,OOD,1
F1-optimal (từ T32),294,AAM_mineral_rich,OOD,0.6,OOD,1
F1-optimal (từ T32),295,AAM_mineral_rich,OOD,0.6,OOD,1
F1-optimal (từ T32),296,AAM_mineral_rich,OOD,0.6,OOD,1
F1-optimal (từ T32),297,AAM_mineral_rich,OOD,0.6,OOD,1
F1-optimal (từ T32),298,AAM_mineral_rich,OOD,0.6,OOD,1
F1-optimal (từ T32),299,AAM_mineral_rich,OOD,0.545778,OOD,1
F1-optimal (từ T32),300,AAM_mineral_rich,OOD,0.6,OOD,1
F1-optimal (từ T32),301,AAM_mineral_rich,OOD,0.6,OOD,1
F1-optimal (từ T32),302,AAM_mineral_rich,OOD,0.6,OOD,1
F1-optimal (từ T32),303,AAM_mineral_rich,OOD,0.599881,OOD,1
F1-optimal (từ T32),304,AAM_mineral_rich,OOD,0.599995,OOD,1
F1-optimal (từ T32),305,AAM_mineral_rich,OOD,0.599997,OOD,1
F1-optimal (từ T32),306,AAM_mineral_rich,OOD,0.6,OOD,1
F1-optimal (từ T32),307,AAM_mineral_rich,OOD,0.599986,OOD,1
F1-optimal (từ T32),308,AAM_mineral_rich,OOD,0.6,OOD,1
F1-optimal (từ T32),309,AAM_mineral_rich,OOD,0.6,OOD,1
F1-optimal (từ T32),310,AAM_mineral_rich,OOD,0.6,OOD,1
F1-optimal (từ T32),311,AAM_mineral_rich,OOD,0.6,OOD,1
F1-optimal (từ T32),312,AAM_mineral_rich,OOD,0.6,OOD,1
F1-optimal (từ T32),313,AAM_mineral_rich,OOD,0.6,OOD,1
F1-optimal (từ T32),314,AAM_mineral_rich,OOD,0.6,OOD,1
F1-optimal (từ T32),315,AAM_mineral_rich,OOD,0.6,OOD,1
F1-optimal (từ T32),316,AAM_mineral_rich,OOD,0.599995,OOD,1
F1-optimal (từ T32),317,AAM_mineral_rich,OOD,0.6,OOD,1
F1-optimal (từ T32),318,AAM_mineral_rich,OOD,0.530436,OOD,1
F1-optimal (từ T32),319,AAM_mineral_rich,OOD,0.6,OOD,1
F1-optimal (từ T32),320,AAM_mineral_rich,OOD,0.6,OOD,1
F1-optimal (từ T32),321,AAM_mineral_rich,OOD,0.6,OOD,1
F1-optimal (từ T32),322,AAM_mineral_rich,OOD,0.599999,OOD,1
F1-optimal (từ T32),323,AAM_mineral_rich,OOD,0.6,OOD,1
F1-optimal (từ T32),324,AAM_mineral_rich,OOD,0.6,OOD,1
F1-optimal (từ T32),325,AAM_mineral_rich,OOD,0.59867,OOD,1
F1-optimal (từ T32),326,AAM_mineral_rich,OOD,0.599408,OOD,1
F1-optimal (từ T32),327,AAM_mineral_rich,OOD,0.285629,ID,0
F1-optimal (từ T32),328,AAM_mineral_rich,OOD,0.599934,OOD,1
F1-optimal (từ T32),329,AAM_mineral_rich,OOD,0.6,OOD,1
F1-optimal (từ T32),330,AAM_mineral_rich,OOD,0.6,OOD,1
F1-optimal (từ T32),331,AAM_mineral_rich,OOD,0.6,OOD,1
F1-optimal (từ T32),332,AAM_mineral_rich,OOD,0.6,OOD,1
F1-optimal (từ T32),333,AAM_mineral_rich,OOD,0.6,OOD,1
F1-optimal (từ T32),334,AAM_mineral_rich,OOD,0.6,OOD,1
F1-optimal (từ T32),335,AAM_mineral_rich,OOD,0.6,OOD,1
F1-optimal (từ T32),336,AAM_mineral_rich,OOD,0.588471,OOD,1
F1-optimal (từ T32),337,AAM_mineral_rich,OOD,0.6,OOD,1
F1-optimal (từ T32),338,AAM_mineral_rich,OOD,0.6,OOD,1
F1-optimal (từ T32),339,AAM_mineral_rich,OOD,0.6,OOD,1
F1-optimal (từ T32),340,AAM_mineral_rich,OOD,0.599998,OOD,1
F1-optimal (từ T32),341,AAM_mineral_rich,OOD,0.599796,OOD,1
F1-optimal (từ T32),342,AAM_mineral_rich,OOD,0.6,OOD,1
F1-optimal (từ T32),343,AAM_mineral_rich,OOD,0.599998,OOD,1
F1-optimal (từ T32),344,AAM_mineral_rich,OOD,0.598667,OOD,1
F1-optimal (từ T32),345,AAM_mineral_rich,OOD,0.6,OOD,1
F1-optimal (từ T32),346,AAM_mineral_rich,OOD,0.599516,OOD,1
F1-optimal (từ T32),347,AAM_mineral_rich,OOD,0.59992,OOD,1
F1-optimal (từ T32),348,AAM_mineral_rich,OOD,0.6,OOD,1
F1-optimal (từ T32),349,AAM_mineral_rich,OOD,0.6,OOD,1
F1-optimal (từ T32),350,AAM_mineral_rich,OOD,0.6,OOD,1
F1-optimal (từ T32),351,AAM_mineral_rich,OOD,0.6,OOD,1
F1-optimal (từ T32),352,AAM_mineral_rich,OOD,0.6,OOD,1
F1-optimal (từ T32),353,AAM_mineral_rich,OOD,0.6,OOD,1
F1-optimal (từ T32),354,AAM_mineral_rich,OOD,0.599983,OOD,1
F1-optimal (từ T32),355,AAM_mineral_rich,OOD,0.6,OOD,1
F1-optimal (từ T32),356,AAM_mineral_rich,OOD,0.587202,OOD,1
F1-optimal (từ T32),357,AAM_mineral_rich,OOD,0.599999,OOD,1
F1-optimal (từ T32),358,AAM_mineral_rich,OOD,0.6,OOD,1
F1-optimal (từ T32),359,AAM_mineral_rich,OOD,0.6,OOD,1
F1-optimal (từ T32),360,AAM_mineral_rich,OOD,0.599976,OOD,1
F1-optimal (từ T32),361,AAM_mineral_rich,OOD,0.560118,OOD,1
F1-optimal (từ T32),362,AAM_mineral_rich,OOD,0.599994,OOD,1
F1-optimal (từ T32),363,AAM_mineral_rich,OOD,0.6,OOD,1
F1-optimal (từ T32),364,AAM_mineral_rich,OOD,0.6,OOD,1
F1-optimal (từ T32),365,AAM_mineral_rich,OOD,0.6,OOD,1
F1-optimal (từ T32),366,AAM_mineral_rich,OOD,0.59998,OOD,1
F1-optimal (từ T32),367,AAM_mineral_rich,OOD,0.6,OOD,1
F1-optimal (từ T32),368,AAM_mineral_rich,OOD,0.6,OOD,1
F1-optimal (từ T32),369,AAM_mineral_rich,OOD,0.560904,OOD,1
F1-optimal (từ T32),370,AAM_mineral_rich,OOD,0.599998,OOD,1
F1-optimal (từ T32),371,AAM_mineral_rich,OOD,0.599865,OOD,1
F1-optimal (từ T32),372,AAM_mineral_rich,OOD,0.6,OOD,1
F1-optimal (từ T32),373,AAM_mineral_rich,OOD,0.6,OOD,1
F1-optimal (từ T32),374,AAM_mineral_rich,OOD,0.568078,OOD,1
F1-optimal (từ T32),375,AAM_mineral_rich,OOD,0.6,OOD,1
F1-optimal (từ T32),376,AAM_mineral_rich,OOD,0.6,OOD,1
F1-optimal (từ T32),377,AAM_mineral_rich,OOD,0.6,OOD,1
F1-optimal (từ T32),378,AAM_mineral_rich,OOD,0.6,OOD,1
F1-optimal (từ T32),379,AAM_mineral_rich,OOD,0.6,OOD,1
F1-optimal (từ T32),380,AAM_mineral_rich,OOD,0.6,OOD,1
F1-optimal (từ T32),381,AAM_mineral_rich,OOD,0.594085,OOD,1
F1-optimal (từ T32),382,AAM_mineral_rich,OOD,0.6,OOD,1
F1-optimal (từ T32),383,AAM_mineral_rich,OOD,0.599474,OOD,1
F1-optimal (từ T32),384,AAM_mineral_rich,OOD,0.59773,OOD,1
F1-optimal (từ T32),385,AAM_mineral_rich,OOD,0.6,OOD,1
F1-optimal (từ T32),386,AAM_mineral_rich,OOD,0.6,OOD,1
F1-optimal (từ T32),387,AAM_mineral_rich,OOD,0.6,OOD,1
F1-optimal (từ T32),388,AAM_mineral_rich,OOD,0.6,OOD,1
F1-optimal (từ T32),389,AAM_mineral_rich,OOD,0.59773,OOD,1
F1-optimal (từ T32),390,AAM_mineral_rich,OOD,0.6,OOD,1
F1-optimal (từ T32),391,AAM_mineral_rich,OOD,0.6,OOD,1
F1-optimal (từ T32),392,AAM_mineral_rich,OOD,0.592659,OOD,1
F1-optimal (từ T32),393,AAM_mineral_rich,OOD,0.6,OOD,1
F1-optimal (từ T32),394,AAM_mineral_rich,OOD,0.6,OOD,1
F1-optimal (từ T32),395,AAM_mineral_rich,OOD,0.599999,OOD,1
F1-optimal (từ T32),396,AAM_mineral_rich,OOD,0.575126,OOD,1
F1-optimal (từ T32),397,AAM_mineral_rich,OOD,0.6,OOD,1
F1-optimal (từ T32),398,AAM_mineral_rich,OOD,0.6,OOD,1
F1-optimal (từ T32),399,AAM_mineral_rich,OOD,0.6,OOD,1
F1-optimal (từ T32),400,AAM_mineral_rich,OOD,0.6,OOD,1
F1-optimal (từ T32),401,AAM_mineral_rich,OOD,0.599985,OOD,1
F1-optimal (từ T32),402,AAM_mineral_rich,OOD,0.6,OOD,1
F1-optimal (từ T32),403,AAM_mineral_rich,OOD,0.6,OOD,1
F1-optimal (từ T32),404,AAM_mineral_rich,OOD,0.6,OOD,1
F1-optimal (từ T32),405,AAM_mineral_rich,OOD,0.6,OOD,1
F1-optimal (từ T32),406,AAM_mineral_rich,OOD,0.599996,OOD,1
F1-optimal (từ T32),407,AAM_mineral_rich,OOD,0.591597,OOD,1
F1-optimal (từ T32),408,AAM_mineral_rich,OOD,0.6,OOD,1
F1-optimal (từ T32),409,AAM_mineral_rich,OOD,0.578776,OOD,1
F1-optimal (từ T32),410,AAM_mineral_rich,OOD,0.6,OOD,1
F1-optimal (từ T32),411,AAM_mineral_rich,OOD,0.590434,OOD,1
F1-optimal (từ T32),412,AAM_mineral_rich,OOD,0.599996,OOD,1
F1-optimal (từ T32),413,AAM_mineral_rich,OOD,0.599691,OOD,1
F1-optimal (từ T32),414,AAM_mineral_rich,OOD,0.6,OOD,1
F1-optimal (từ T32),415,AAM_mineral_rich,OOD,0.6,OOD,1
F1-optimal (từ T32),416,AAM_mineral_rich,OOD,0.6,OOD,1
F1-optimal (từ T32),417,AAM_mineral_rich,OOD,0.6,OOD,1
F1-optimal (từ T32),418,AAM_mineral_rich,OOD,0.6,OOD,1
F1-optimal (từ T32),419,AAM_mineral_rich,OOD,0.6,OOD,1
F1-optimal (từ T32),420,AAM_mineral_rich,OOD,0.6,OOD,1
F1-optimal (từ T32),421,AAM_mineral_rich,OOD,0.593126,OOD,1
F1-optimal (từ T32),422,AAM_mineral_rich,OOD,0.6,OOD,1
F1-optimal (từ T32),423,AAM_mineral_rich,OOD,0.599855,OOD,1
F1-optimal (từ T32),424,AAM_mineral_rich,OOD,0.6,OOD,1
F1-optimal (từ T32),425,AAM_mineral_rich,OOD,0.6,OOD,1
F1-optimal (từ T32),426,AAM_mineral_rich,OOD,0.59995,OOD,1
F1-optimal (từ T32),427,AAM_mineral_rich,OOD,0.599981,OOD,1
F1-optimal (từ T32),428,AAM_mineral_rich,OOD,0.597834,OOD,1
F1-optimal (từ T32),429,AAM_mineral_rich,OOD,0.497613,ID,0
F1-optimal (từ T32),430,AAM_mineral_rich,OOD,0.6,OOD,1
F1-optimal (từ T32),431,AAM_mineral_rich,OOD,0.599892,OOD,1
F1-optimal (từ T32),432,AAM_mineral_rich,OOD,0.59996,OOD,1
F1-optimal (từ T32),433,AAM_mineral_rich,OOD,0.6,OOD,1
F1-optimal (từ T32),434,AAM_mineral_rich,OOD,0.386325,ID,0
F1-optimal (từ T32),435,AAM_mineral_rich,OOD,0.469625,ID,0
F1-optimal (từ T32),436,AAM_mineral_rich,OOD,0.6,OOD,1
F1-optimal (từ T32),437,AAM_mineral_rich,OOD,0.6,OOD,1
F1-optimal (từ T32),438,AAM_mineral_rich,OOD,0.598113,OOD,1
F1-optimal (từ T32),439,AAM_mineral_rich,OOD,0.6,OOD,1
F1-optimal (từ T32),440,AAM_mineral_rich,OOD,0.6,OOD,1
F1-optimal (từ T32),441,AAM_mineral_rich,OOD,0.6,OOD,1
F1-optimal (từ T32),442,AAM_mineral_rich,OOD,0.6,OOD,1
F1-optimal (từ T32),443,AAM_mineral_rich,OOD,0.508124,ID,0
F1-optimal (từ T32),444,AAM_mineral_rich,OOD,0.6,OOD,1
F1-optimal (từ T32),445,AAM_mineral_rich,OOD,0.599974,OOD,1
F1-optimal (từ T32),446,AAM_mineral_rich,OOD,0.6,OOD,1
F1-optimal (từ T32),447,AAM_mineral_rich,OOD,0.6,OOD,1
F1-optimal (từ T32),448,AAM_mineral_rich,OOD,0.599999,OOD,1
F1-optimal (từ T32),449,AAM_mineral_rich,OOD,0.6,OOD,1
F1-optimal (từ T32),450,AAM_mineral_rich,OOD,0.6,OOD,1
F1-optimal (từ T32),451,AAM_mineral_rich,OOD,0.599999,OOD,1
F1-optimal (từ T32),452,AAM_mineral_rich,OOD,0.6,OOD,1
F1-optimal (từ T32),453,AAM_mineral_rich,OOD,0.6,OOD,1
F1-optimal (từ T32),454,AAM_mineral_rich,OOD,0.6,OOD,1
F1-optimal (từ T32),455,AAM_mineral_rich,OOD,0.598632,OOD,1
F1-optimal (từ T32),456,AAM_mineral_rich,OOD,0.6,OOD,1
F1-optimal (từ T32),457,AAM_mineral_rich,OOD,0.6,OOD,1
F1-optimal (từ T32),458,AAM_mineral_rich,OOD,0.6,OOD,1
F1-optimal (từ T32),459,AAM_mineral_rich,OOD,0.6,OOD,1
F1-optimal (từ T32),460,AAM_mineral_rich,OOD,0.6,OOD,1
F1-optimal (từ T32),461,AAM_mineral_rich,OOD,0.6,OOD,1
F1-optimal (từ T32),462,AAM_mineral_rich,OOD,0.455055,ID,0
F1-optimal (từ T32),463,AAM_mineral_rich,OOD,0.6,OOD,1
F1-optimal (từ T32),464,AAM_mineral_rich,OOD,0.541654,OOD,1
F1-optimal (từ T32),465,AAM_mineral_rich,OOD,0.599983,OOD,1
F1-optimal (từ T32),466,AAM_mineral_rich,OOD,0.599854,OOD,1
F1-optimal (từ T32),467,AAM_mineral_rich,OOD,0.570946,OOD,1
F1-optimal (từ T32),468,AAM_mineral_rich,OOD,0.597354,OOD,1
F1-optimal (từ T32),469,AAM_mineral_rich,OOD,0.6,OOD,1
F1-optimal (từ T32),470,AAM_mineral_rich,OOD,0.599996,OOD,1
F1-optimal (từ T32),471,AAM_mineral_rich,OOD,0.6,OOD,1
F1-optimal (từ T32),472,AAM_mineral_rich,OOD,0.599988,OOD,1
F1-optimal (từ T32),473,AAM_mineral_rich,OOD,0.6,OOD,1
F1-optimal (từ T32),474,AAM_mineral_rich,OOD,0.599998,OOD,1
F1-optimal (từ T32),475,AAM_mineral_rich,OOD,0.6,OOD,1
F1-optimal (từ T32),476,AAM_mineral_rich,OOD,0.59416,OOD,1
F1-optimal (từ T32),477,AAM_mineral_rich,OOD,0.6,OOD,1
F1-optimal (từ T32),478,AAM_mineral_rich,OOD,0.6,OOD,1
F1-optimal (từ T32),479,AAM_mineral_rich,OOD,0.6,OOD,1
F1-optimal (từ T32),480,AAM_mineral_rich,OOD,0.6,OOD,1
F1-optimal (từ T32),481,AAM_mineral_rich,OOD,0.6,OOD,1
F1-optimal (từ T32),482,AAM_mineral_rich,OOD,0.6,OOD,1
F1-optimal (từ T32),483,AAM_mineral_rich,OOD,0.6,OOD,1
F1-optimal (từ T32),484,AAM_mineral_rich,OOD,0.599994,OOD,1
F1-optimal (từ T32),485,AAM_mineral_rich,OOD,0.6,OOD,1
F1-optimal (từ T32),486,AAM_mineral_rich,OOD,0.6,OOD,1
F1-optimal (từ T32),487,AAM_mineral_rich,OOD,0.5976,OOD,1
F1-optimal (từ T32),488,AAM_mineral_rich,OOD,0.592104,OOD,1
F1-optimal (từ T32),489,AAM_mineral_rich,OOD,0.6,OOD,1
F1-optimal (từ T32),490,AAM_mineral_rich,OOD,0.6,OOD,1
F1-optimal (từ T32),491,AAM_mineral_rich,OOD,0.599997,OOD,1
F1-optimal (từ T32),492,AAM_mineral_rich,OOD,0.6,OOD,1
F1-optimal (từ T32),493,AAM_mineral_rich,OOD,0.599945,OOD,1
F1-optimal (từ T32),494,AAM_mineral_rich,OOD,0.599507,OOD,1
F1-optimal (từ T32),495,AAM_mineral_rich,OOD,0.565729,OOD,1
F1-optimal (từ T32),496,AAM_mineral_rich,OOD,0.6,OOD,1
F1-optimal (từ T32),497,AAM_mineral_rich,OOD,0.556993,OOD,1
F1-optimal (từ T32),498,AAM_mineral_rich,OOD,0.6,OOD,1
F1-optimal (từ T32),499,AAM_mineral_rich,OOD,0.599999,OOD,1
F1-optimal (từ T32),500,AAM_mineral_rich,OOD,0.6,OOD,1
F1-optimal (từ T32),501,AAM_mineral_rich,OOD,0.597985,OOD,1
F1-optimal (từ T32),502,AAM_mineral_rich,OOD,0.6,OOD,1
F1-optimal (từ T32),503,AAM_mineral_rich,OOD,0.598976,OOD,1
F1-optimal (từ T32),504,AAM_mineral_rich,OOD,0.6,OOD,1
F1-optimal (từ T32),505,AAM_mineral_rich,OOD,0.6,OOD,1
F1-optimal (từ T32),506,AAM_mineral_rich,OOD,0.6,OOD,1
F1-optimal (từ T32),507,AAM_mineral_rich,OOD,0.6,OOD,1
F1-optimal (từ T32),508,AAM_mineral_rich,OOD,0.599998,OOD,1
F1-optimal (từ T32),509,AAM_mineral_rich,OOD,0.599996,OOD,1
F1-optimal (từ T32),510,AAM_mineral_rich,OOD,0.599974,OOD,1
F1-optimal (từ T32),511,AAM_mineral_rich,OOD,0.6,OOD,1
F1-optimal (từ T32),512,AAM_mineral_rich,OOD,0.599578,OOD,1
F1-optimal (từ T32),513,AAM_mineral_rich,OOD,0.6,OOD,1
F1-optimal (từ T32),514,AAM_mineral_rich,OOD,0.599218,OOD,1
F1-optimal (từ T32),515,AAM_mineral_rich,OOD,0.6,OOD,1
F1-optimal (từ T32),516,AAM_mineral_rich,OOD,0.33288,ID,0
F1-optimal (từ T32),517,AAM_mineral_rich,OOD,0.6,OOD,1
F1-optimal (từ T32),518,AAM_mineral_rich,OOD,0.596363,OOD,1
F1-optimal (từ T32),519,AAM_mineral_rich,OOD,0.599988,OOD,1
F1-optimal (từ T32),520,AAM_mineral_rich,OOD,0.6,OOD,1
F1-optimal (từ T32),521,AAM_mineral_rich,OOD,0.586442,OOD,1
F1-optimal (từ T32),522,AAM_mineral_rich,OOD,0.6,OOD,1
F1-optimal (từ T32),523,AAM_mineral_rich,OOD,0.599979,OOD,1
F1-optimal (từ T32),524,AAM_mineral_rich,OOD,0.599978,OOD,1
F1-optimal (từ T32),525,AAM_mineral_rich,OOD,0.6,OOD,1
F1-optimal (từ T32),526,AAM_mineral_rich,OOD,0.6,OOD,1
F1-optimal (từ T32),527,AAM_mineral_rich,OOD,0.599998,OOD,1
F1-optimal (từ T32),528,AAM_mineral_rich,OOD,0.588175,OOD,1
F1-optimal (từ T32),529,AAM_mineral_rich,OOD,0.6,OOD,1
F1-optimal (từ T32),530,AAM_mineral_rich,OOD,0.6,OOD,1
F1-optimal (từ T32),531,AAM_mineral_rich,OOD,0.582158,OOD,1
F1-optimal (từ T32),532,AAM_mineral_rich,OOD,0.599999,OOD,1
F1-optimal (từ T32),533,AAM_mineral_rich,OOD,0.452512,ID,0
F1-optimal (từ T32),534,AAM_mineral_rich,OOD,0.6,OOD,1
F1-optimal (từ T32),535,AAM_mineral_rich,OOD,0.599981,OOD,1
F1-optimal (từ T32),536,AAM_mineral_rich,OOD,0.6,OOD,1
F1-optimal (từ T32),537,AAM_mineral_rich,OOD,0.59999,OOD,1
F1-optimal (từ T32),538,AAM_mineral_rich,OOD,0.6,OOD,1
F1-optimal (từ T32),539,AAM_mineral_rich,OOD,0.599998,OOD,1
F1-optimal (từ T32),540,AAM_mineral_rich,OOD,0.6,OOD,1
F1-optimal (từ T32),541,AAM_mineral_rich,OOD,0.6,OOD,1
F1-optimal (từ T32),542,AAM_mineral_rich,OOD,0.509104,ID,0
F1-optimal (từ T32),543,AAM_mineral_rich,OOD,0.599961,OOD,1
F1-optimal (từ T32),544,AAM_mineral_rich,OOD,0.599999,OOD,1
F1-optimal (từ T32),545,AAM_mineral_rich,OOD,0.6,OOD,1
F1-optimal (từ T32),546,AAM_mineral_rich,OOD,0.599991,OOD,1
F1-optimal (từ T32),547,AAM_mineral_rich,OOD,0.599922,OOD,1
F1-optimal (từ T32),548,AAM_mineral_rich,OOD,0.599995,OOD,1
F1-optimal (từ T32),549,AAM_mineral_rich,OOD,0.599992,OOD,1
F1-optimal (từ T32),550,AAM_mineral_rich,OOD,0.592613,OOD,1
F1-optimal (từ T32),551,AAM_mineral_rich,OOD,0.6,OOD,1
F1-optimal (từ T32),552,AAM_mineral_rich,OOD,0.599984,OOD,1
F1-optimal (từ T32),553,AAM_mineral_rich,OOD,0.6,OOD,1
F1-optimal (từ T32),554,AAM_mineral_rich,OOD,0.599925,OOD,1
F1-optimal (từ T32),555,AAM_mineral_rich,OOD,0.599993,OOD,1
F1-optimal (từ T32),556,AAM_mineral_rich,OOD,0.598306,OOD,1
F1-optimal (từ T32),557,AAM_mineral_rich,OOD,0.6,OOD,1
F1-optimal (từ T32),558,AAM_mineral_rich,OOD,0.599996,OOD,1
F1-optimal (từ T32),559,AAM_mineral_rich,OOD,0.599995,OOD,1
F1-optimal (từ T32),560,AAM_mineral_rich,OOD,0.6,OOD,1
F1-optimal (từ T32),561,AAM_mineral_rich,OOD,0.6,OOD,1
F1-optimal (từ T32),562,AAM_mineral_rich,OOD,0.599977,OOD,1
F1-optimal (từ T32),563,AAM_mineral_rich,OOD,0.599981,OOD,1
F1-optimal (từ T32),564,AAM_mineral_rich,OOD,0.599999,OOD,1
F1-optimal (từ T32),565,AAM_mineral_rich,OOD,0.6,OOD,1
F1-optimal (từ T32),566,AAM_mineral_rich,OOD,0.6,OOD,1
F1-optimal (từ T32),567,AAM_mineral_rich,OOD,0.597186,OOD,1
F1-optimal (từ T32),568,AAM_mineral_rich,OOD,0.599926,OOD,1
F1-optimal (từ T32),569,AAM_mineral_rich,OOD,0.599996,OOD,1
F1-optimal (từ T32),570,AAM_mineral_rich,OOD,0.6,OOD,1
F1-optimal (từ T32),571,AAM_mineral_rich,OOD,0.6,OOD,1
F1-optimal (từ T32),572,AAM_mineral_rich,OOD,0.599999,OOD,1
F1-optimal (từ T32),573,AAM_mineral_rich,OOD,0.599452,OOD,1
F1-optimal (từ T32),574,AAM_mineral_rich,OOD,0.599965,OOD,1
F1-optimal (từ T32),575,AAM_mineral_rich,OOD,0.6,OOD,1
F1-optimal (từ T32),576,AAM_mineral_rich,OOD,0.59872,OOD,1
F1-optimal (từ T32),577,AAM_mineral_rich,OOD,0.6,OOD,1
F1-optimal (từ T32),578,AAM_mineral_rich,OOD,0.532259,OOD,1
F1-optimal (từ T32),579,AAM_mineral_rich,OOD,0.599889,OOD,1
F1-optimal (từ T32),580,AAM_mineral_rich,OOD,0.6,OOD,1
F1-optimal (từ T32),581,AAM_mineral_rich,OOD,0.6,OOD,1
F1-optimal (từ T32),582,AAM_mineral_rich,OOD,0.599997,OOD,1
F1-optimal (từ T32),583,AAM_mineral_rich,OOD,0.6,OOD,1
F1-optimal (từ T32),584,AAM_mineral_rich,OOD,0.599497,OOD,1
F1-optimal (từ T32),585,AAM_mineral_rich,OOD,0.6,OOD,1
F1-optimal (từ T32),586,AAM_mineral_rich,OOD,0.6,OOD,1
F1-optimal (từ T32),587,AAM_mineral_rich,OOD,0.596515,OOD,1
F1-optimal (từ T32),588,AAM_mineral_rich,OOD,0.6,OOD,1
F1-optimal (từ T32),589,AAM_mineral_rich,OOD,0.599254,OOD,1
F1-optimal (từ T32),590,AAM_mineral_rich,OOD,0.6,OOD,1
F1-optimal (từ T32),591,AAM_mineral_rich,OOD,0.591483,OOD,1
F1-optimal (từ T32),592,AAM_mineral_rich,OOD,0.333814,ID,0
F1-optimal (từ T32),593,AAM_mineral_rich,OOD,0.599994,OOD,1
F1-optimal (từ T32),594,AAM_mineral_rich,OOD,0.6,OOD,1
F1-optimal (từ T32),595,AAM_mineral_rich,OOD,0.6,OOD,1
F1-optimal (từ T32),596,AAM_mineral_rich,OOD,0.6,OOD,1
F1-optimal (từ T32),597,AAM_mineral_rich,OOD,0.6,OOD,1
F1-optimal (từ T32),598,AAM_mineral_rich,OOD,0.6,OOD,1
F1-optimal (từ T32),599,AAM_mineral_rich,OOD,0.599774,OOD,1
F1-optimal (từ T32),600,AAM_mineral_rich,OOD,0.599994,OOD,1
F1-optimal (từ T32),601,AAM_mineral_rich,OOD,0.6,OOD,1
F1-optimal (từ T32),602,AAM_mineral_rich,OOD,0.597432,OOD,1
F1-optimal (từ T32),603,AAM_mineral_rich,OOD,0.599998,OOD,1
F1-optimal (từ T32),604,AAM_mineral_rich,OOD,0.6,OOD,1
F1-optimal (từ T32),605,AAM_mineral_rich,OOD,0.6,OOD,1
F1-optimal (từ T32),606,AAM_mineral_rich,OOD,0.6,OOD,1
F1-optimal (từ T32),607,AAM_mineral_rich,OOD,0.599999,OOD,1
F1-optimal (từ T32),608,AAM_mineral_rich,OOD,0.599994,OOD,1
F1-optimal (từ T32),609,AAM_mineral_rich,OOD,0.599967,OOD,1
F1-optimal (từ T32),610,AAM_mineral_rich,OOD,0.6,OOD,1
F1-optimal (từ T32),611,AAM_mineral_rich,OOD,0.599998,OOD,1
F1-optimal (từ T32),612,AAM_mineral_rich,OOD,0.6,OOD,1
F1-optimal (từ T32),613,AAM_mineral_rich,OOD,0.6,OOD,1
F1-optimal (từ T32),614,AAM_mineral_rich,OOD,0.6,OOD,1
F1-optimal (từ T32),615,AAM_mineral_rich,OOD,0.599675,OOD,1
F1-optimal (từ T32),616,AAM_mineral_rich,OOD,0.599415,OOD,1
F1-optimal (từ T32),617,AAM_mineral_rich,OOD,0.6,OOD,1
F1-optimal (từ T32),618,AAM_mineral_rich,OOD,0.590253,OOD,1
F1-optimal (từ T32),619,AAM_mineral_rich,OOD,0.599974,OOD,1
F1-optimal (từ T32),620,AAM_mineral_rich,OOD,0.599974,OOD,1
F1-optimal (từ T32),621,AAM_mineral_rich,OOD,0.599274,OOD,1
F1-optimal (từ T32),622,AAM_mineral_rich,OOD,0.599994,OOD,1
F1-optimal (từ T32),623,AAM_mineral_rich,OOD,0.6,OOD,1
F1-optimal (từ T32),624,AAM_mineral_rich,OOD,0.597891,OOD,1
F1-optimal (từ T32),625,AAM_mineral_rich,OOD,0.6,OOD,1
F1-optimal (từ T32),626,AAM_mineral_rich,OOD,0.6,OOD,1
F1-optimal (từ T32),627,AAM_mineral_rich,OOD,0.6,OOD,1
F1-optimal (từ T32),628,AAM_mineral_rich,OOD,0.6,OOD,1
F1-optimal (từ T32),629,AAM_mineral_rich,OOD,0.6,OOD,1
F1-optimal (từ T32),630,AAM_mineral_rich,OOD,0.6,OOD,1
F1-optimal (từ T32),631,AAM_mineral_rich,OOD,0.6,OOD,1
F1-optimal (từ T32),632,AAM_mineral_rich,OOD,0.6,OOD,1
F1-optimal (từ T32),633,AAM_mineral_rich,OOD,0.6,OOD,1
F1-optimal (từ T32),634,AAM_mineral_rich,OOD,0.599999,OOD,1
F1-optimal (từ T32),635,AAM_mineral_rich,OOD,0.6,OOD,1
F1-optimal (từ T32),636,AAM_mineral_rich,OOD,0.596819,OOD,1
F1-optimal (từ T32),637,AAM_mineral_rich,OOD,0.599478,OOD,1
F1-optimal (từ T32),638,AAM_mineral_rich,OOD,0.6,OOD,1
F1-optimal (từ T32),639,AAM_mineral_rich,OOD,0.209233,ID,0
F1-optimal (từ T32),640,AAM_mineral_rich,OOD,0.6,OOD,1
F1-optimal (từ T32),641,AAM_mineral_rich,OOD,0.599999,OOD,1
F1-optimal (từ T32),642,AAM_mineral_rich,OOD,0.59119,OOD,1
F1-optimal (từ T32),643,AAM_mineral_rich,OOD,0.6,OOD,1
F1-optimal (từ T32),644,AAM_mineral_rich,OOD,0.599999,OOD,1
F1-optimal (từ T32),645,AAM_mineral_rich,OOD,0.6,OOD,1
F1-optimal (từ T32),646,AAM_mineral_rich,OOD,0.59492,OOD,1
F1-optimal (từ T32),647,AAM_mineral_rich,OOD,0.6,OOD,1
F1-optimal (từ T32),648,AAM_mineral_rich,OOD,0.6,OOD,1
F1-optimal (từ T32),649,AAM_mineral_rich,OOD,0.599994,OOD,1
F1-optimal (từ T32),650,AAM_mineral_rich,OOD,0.599982,OOD,1
F1-optimal (từ T32),651,AAM_mineral_rich,OOD,0.6,OOD,1
F1-optimal (từ T32),652,AAM_mineral_rich,OOD,0.6,OOD,1
F1-optimal (từ T32),653,AAM_mineral_rich,OOD,0.6,OOD,1
F1-optimal (từ T32),654,AAM_mineral_rich,OOD,0.599919,OOD,1
F1-optimal (từ T32),655,AAM_mineral_rich,OOD,0.6,OOD,1
F1-optimal (từ T32),656,AAM_mineral_rich,OOD,0.599924,OOD,1
F1-optimal (từ T32),657,AAM_mineral_rich,OOD,0.6,OOD,1
F1-optimal (từ T32),658,AAM_mineral_rich,OOD,0.6,OOD,1
F1-optimal (từ T32),659,AAM_mineral_rich,OOD,0.6,OOD,1
F1-optimal (từ T32),660,AAM_mineral_rich,OOD,0.599994,OOD,1
F1-optimal (từ T32),661,AAM_mineral_rich,OOD,0.6,OOD,1
F1-optimal (từ T32),662,AAM_mineral_rich,OOD,0.6,OOD,1
F1-optimal (từ T32),663,AAM_mineral_rich,OOD,0.599945,OOD,1
F1-optimal (từ T32),664,AAM_mineral_rich,OOD,0.599824,OOD,1
F1-optimal (từ T32),665,AAM_mineral_rich,OOD,0.59994,OOD,1
F1-optimal (từ T32),666,AAM_mineral_rich,OOD,0.6,OOD,1
F1-optimal (từ T32),667,AAM_mineral_rich,OOD,0.6,OOD,1
F1-optimal (từ T32),668,AAM_mineral_rich,OOD,0.6,OOD,1
F1-optimal (từ T32),669,AAM_mineral_rich,OOD,0.6,OOD,1
F1-optimal (từ T32),670,AAM_mineral_rich,OOD,0.599935,OOD,1
F1-optimal (từ T32),671,AAM_mineral_rich,OOD,0.599998,OOD,1
F1-optimal (từ T32),672,AAM_mineral_rich,OOD,0.595745,OOD,1
F1-optimal (từ T32),673,AAM_mineral_rich,OOD,0.6,OOD,1
F1-optimal (từ T32),674,AAM_mineral_rich,OOD,0.6,OOD,1
F1-optimal (từ T32),675,AAM_mineral_rich,OOD,0.599084,OOD,1
F1-optimal (từ T32),676,AAM_mineral_rich,OOD,0.59363,OOD,1
F1-optimal (từ T32),677,AAM_mineral_rich,OOD,0.6,OOD,1
F1-optimal (từ T32),678,AAM_mineral_rich,OOD,0.599815,OOD,1
F1-optimal (từ T32),679,AAM_mineral_rich,OOD,0.6,OOD,1
F1-optimal (từ T32),680,AAM_mineral_rich,OOD,0.599837,OOD,1
F1-optimal (từ T32),681,AAM_mineral_rich,OOD,0.6,OOD,1
F1-optimal (từ T32),682,AAM_mineral_rich,OOD,0.6,OOD,1
F1-optimal (từ T32),683,AAM_mineral_rich,OOD,0.6,OOD,1
F1-optimal (từ T32),684,AAM_mineral_rich,OOD,0.6,OOD,1
F1-optimal (từ T32),685,AAM_mineral_rich,OOD,0.6,OOD,1
F1-optimal (từ T32),686,AAM_mineral_rich,OOD,0.6,OOD,1
F1-optimal (từ T32),687,AAM_mineral_rich,OOD,0.599392,OOD,1
F1-optimal (từ T32),688,AAM_mineral_rich,OOD,0.6,OOD,1
F1-optimal (từ T32),689,AAM_mineral_rich,OOD,0.491825,ID,0
F1-optimal (từ T32),690,AAM_mineral_rich,OOD,0.6,OOD,1
F1-optimal (từ T32),691,AAM_mineral_rich,OOD,0.6,OOD,1
F1-optimal (từ T32),692,AAM_mineral_rich,OOD,0.437166,ID,0
F1-optimal (từ T32),693,AAM_mineral_rich,OOD,0.5997,OOD,1
F1-optimal (từ T32),694,AAM_mineral_rich,OOD,0.6,OOD,1
F1-optimal (từ T32),695,AAM_mineral_rich,OOD,0.6,OOD,1
F1-optimal (từ T32),696,AAM_mineral_rich,OOD,0.6,OOD,1
F1-optimal (từ T32),697,AAM_mineral_rich,OOD,0.6,OOD,1
F1-optimal (từ T32),698,AAM_mineral_rich,OOD,0.6,OOD,1
F1-optimal (từ T32),699,AAM_mineral_rich,OOD,0.599999,OOD,1
F1-optimal (từ T32),700,AAM_mineral_rich,OOD,0.583111,OOD,1
F1-optimal (từ T32),701,AAM_mineral_rich,OOD,0.59999,OOD,1
F1-optimal (từ T32),702,AAM_mineral_rich,OOD,0.6,OOD,1
F1-optimal (từ T32),703,AAM_mineral_rich,OOD,0.6,OOD,1
F1-optimal (từ T32),704,AAM_mineral_rich,OOD,0.6,OOD,1
F1-optimal (từ T32),705,AAM_mineral_rich,OOD,0.6,OOD,1
F1-optimal (từ T32),706,AAM_mineral_rich,OOD,0.6,OOD,1
F1-optimal (từ T32),707,AAM_mineral_rich,OOD,0.6,OOD,1
F1-optimal (từ T32),708,AAM_mineral_rich,OOD,0.6,OOD,1
F1-optimal (từ T32),709,AAM_mineral_rich,OOD,0.6,OOD,1
F1-optimal (từ T32),710,AAM_mineral_rich,OOD,0.599999,OOD,1
F1-optimal (từ T32),711,AAM_mineral_rich,OOD,0.6,OOD,1
F1-optimal (từ T32),712,AAM_mineral_rich,OOD,0.6,OOD,1
F1-optimal (từ T32),713,AAM_mineral_rich,OOD,0.599634,OOD,1
F1-optimal (từ T32),714,AAM_mineral_rich,OOD,0.6,OOD,1
F1-optimal (từ T32),715,AAM_mineral_rich,OOD,0.6,OOD,1
F1-optimal (từ T32),716,AAM_mineral_rich,OOD,0.6,OOD,1
F1-optimal (từ T32),717,AAM_mineral_rich,OOD,0.6,OOD,1
F1-optimal (từ T32),718,AAM_mineral_rich,OOD,0.6,OOD,1
F1-optimal (từ T32),719,AAM_mineral_rich,OOD,0.6,OOD,1
F1-optimal (từ T32),720,AAM_mineral_rich,OOD,0.6,OOD,1
F1-optimal (từ T32),721,AAM_mineral_rich,OOD,0.597687,OOD,1
F1-optimal (từ T32),722,AAM_mineral_rich,OOD,0.6,OOD,1
F1-optimal (từ T32),723,AAM_mineral_rich,OOD,0.59964,OOD,1
F1-optimal (từ T32),724,AAM_mineral_rich,OOD,0.6,OOD,1
F1-optimal (từ T32),725,AAM_mineral_rich,OOD,0.6,OOD,1
F1-optimal (từ T32),726,AAM_mineral_rich,OOD,0.6,OOD,1
F1-optimal (từ T32),727,AAM_mineral_rich,OOD,0.591774,OOD,1
F1-optimal (từ T32),728,AAM_mineral_rich,OOD,0.6,OOD,1
F1-optimal (từ T32),729,AAM_mineral_rich,OOD,0.6,OOD,1
F1-optimal (từ T32),730,AAM_mineral_rich,OOD,0.6,OOD,1
F1-optimal (từ T32),731,AAM_mineral_rich,OOD,0.582932,OOD,1
F1-optimal (từ T32),732,AAM_mineral_rich,OOD,0.6,OOD,1
F1-optimal (từ T32),733,AAM_mineral_rich,OOD,0.6,OOD,1
F1-optimal (từ T32),734,AAM_mineral_rich,OOD,0.6,OOD,1
F1-optimal (từ T32),735,AAM_mineral_rich,OOD,0.6,OOD,1
F1-optimal (từ T32),736,AAM_mineral_rich,OOD,0.599964,OOD,1
F1-optimal (từ T32),737,AAM_mineral_rich,OOD,0.6,OOD,1
F1-optimal (từ T32),738,AAM_mineral_rich,OOD,0.6,OOD,1
F1-optimal (từ T32),739,AAM_mineral_rich,OOD,0.6,OOD,1
F1-optimal (từ T32),740,AAM_mineral_rich,OOD,0.599998,OOD,1
F1-optimal (từ T32),741,AAM_mineral_rich,OOD,0.577459,OOD,1
F1-optimal (từ T32),742,AAM_mineral_rich,OOD,0.599934,OOD,1
F1-optimal (từ T32),743,AAM_mineral_rich,OOD,0.598019,OOD,1
F1-optimal (từ T32),744,AAM_mineral_rich,OOD,0.6,OOD,1
F1-optimal (từ T32),745,AAM_mineral_rich,OOD,0.599849,OOD,1
F1-optimal (từ T32),746,AAM_mineral_rich,OOD,0.6,OOD,1
F1-optimal (từ T32),747,AAM_mineral_rich,OOD,0.6,OOD,1
F1-optimal (từ T32),748,AAM_mineral_rich,OOD,0.554175,OOD,1
F1-optimal (từ T32),749,AAM_mineral_rich,OOD,0.597092,OOD,1
F1-optimal (từ T32),750,AAM_mineral_rich,OOD,0.6,OOD,1
F1-optimal (từ T32),751,AAM_mineral_rich,OOD,0.6,OOD,1
F1-optimal (từ T32),752,AAM_mineral_rich,OOD,0.6,OOD,1
F1-optimal (từ T32),753,AAM_mineral_rich,OOD,0.6,OOD,1
F1-optimal (từ T32),754,AAM_mineral_rich,OOD,0.6,OOD,1
F1-optimal (từ T32),755,AAM_mineral_rich,OOD,0.6,OOD,1
F1-optimal (từ T32),756,AAM_mineral_rich,OOD,0.6,OOD,1
F1-optimal (từ T32),757,AAM_mineral_rich,OOD,0.6,OOD,1
F1-optimal (từ T32),758,AAM_mineral_rich,OOD,0.599999,OOD,1
F1-optimal (từ T32),759,AAM_mineral_rich,OOD,0.599044,OOD,1
F1-optimal (từ T32),760,AAM_mineral_rich,OOD,0.516855,ID,0
F1-optimal (từ T32),761,AAM_mineral_rich,OOD,0.599996,OOD,1
F1-optimal (từ T32),762,AAM_mineral_rich,OOD,0.599679,OOD,1
F1-optimal (từ T32),763,AAM_mineral_rich,OOD,0.534754,OOD,1
F1-optimal (từ T32),764,AAM_mineral_rich,OOD,0.6,OOD,1
F1-optimal (từ T32),765,AAM_mineral_rich,OOD,0.6,OOD,1
F1-optimal (từ T32),766,AAM_mineral_rich,OOD,0.592706,OOD,1
F1-optimal (từ T32),767,AAM_mineral_rich,OOD,0.599999,OOD,1
F1-optimal (từ T32),768,AAM_mineral_rich,OOD,0.6,OOD,1
F1-optimal (từ T32),769,AAM_mineral_rich,OOD,0.599994,OOD,1
F1-optimal (từ T32),770,AAM_mineral_rich,OOD,0.6,OOD,1
F1-optimal (từ T32),771,AAM_mineral_rich,OOD,0.599998,OOD,1
F1-optimal (từ T32),772,AAM_mineral_rich,OOD,0.6,OOD,1
F1-optimal (từ T32),773,AAM_mineral_rich,OOD,0.6,OOD,1
F1-optimal (từ T32),774,AAM_mineral_rich,OOD,0.6,OOD,1
F1-optimal (từ T32),775,AAM_mineral_rich,OOD,0.599845,OOD,1
F1-optimal (từ T32),776,AAM_mineral_rich,OOD,0.6,OOD,1
F1-optimal (từ T32),777,AAM_mineral_rich,OOD,0.592847,OOD,1
F1-optimal (từ T32),778,AAM_mineral_rich,OOD,0.6,OOD,1
F1-optimal (từ T32),779,AAM_mineral_rich,OOD,0.6,OOD,1
F1-optimal (từ T32),780,AAM_mineral_rich,OOD,0.6,OOD,1
F1-optimal (từ T32),781,AAM_mineral_rich,OOD,0.6,OOD,1
F1-optimal (từ T32),782,AAM_mineral_rich,OOD,0.599998,OOD,1
F1-optimal (từ T32),783,AAM_mineral_rich,OOD,0.6,OOD,1
F1-optimal (từ T32),784,AAM_mineral_rich,OOD,0.54076,OOD,1
F1-optimal (từ T32),785,AAM_mineral_rich,OOD,0.6,OOD,1
F1-optimal (từ T32),786,AAM_mineral_rich,OOD,0.599471,OOD,1
F1-optimal (từ T32),787,AAM_mineral_rich,OOD,0.496285,ID,0
F1-optimal (từ T32),788,AAM_mineral_rich,OOD,0.6,OOD,1
F1-optimal (từ T32),789,AAM_mineral_rich,OOD,0.510984,ID,0
F1-optimal (từ T32),790,AAM_mineral_rich,OOD,0.6,OOD,1
F1-optimal (từ T32),791,AAM_mineral_rich,OOD,0.6,OOD,1
F1-optimal (từ T32),792,AAM_mineral_rich,OOD,0.6,OOD,1
F1-optimal (từ T32),793,AAM_mineral_rich,OOD,0.6,OOD,1
F1-optimal (từ T32),794,AAM_mineral_rich,OOD,0.599997,OOD,1
F1-optimal (từ T32),795,AAM_mineral_rich,OOD,0.599959,OOD,1
F1-optimal (từ T32),796,AAM_mineral_rich,OOD,0.6,OOD,1
F1-optimal (từ T32),797,AAM_mineral_rich,OOD,0.476933,ID,0
F1-optimal (từ T32),798,AAM_mineral_rich,OOD,0.6,OOD,1
F1-optimal (từ T32),799,AAM_mineral_rich,OOD,0.369253,ID,0
F1-optimal (từ T32),800,AAM_mineral_rich,OOD,0.599994,OOD,1
F1-optimal (từ T32),801,AAM_mineral_rich,OOD,0.6,OOD,1
F1-optimal (từ T32),802,AAM_mineral_rich,OOD,0.6,OOD,1
F1-optimal (từ T32),803,AAM_mineral_rich,OOD,0.599754,OOD,1
F1-optimal (từ T32),804,AAM_mineral_rich,OOD,0.594121,OOD,1
F1-optimal (từ T32),805,AAM_mineral_rich,OOD,0.6,OOD,1
F1-optimal (từ T32),806,AAM_mineral_rich,OOD,0.599944,OOD,1
F1-optimal (từ T32),807,AAM_mineral_rich,OOD,0.6,OOD,1
F1-optimal (từ T32),808,AAM_mineral_rich,OOD,0.6,OOD,1
F1-optimal (từ T32),809,AAM_mineral_rich,OOD,0.6,OOD,1
F1-optimal (từ T32),810,AAM_mineral_rich,OOD,0.599998,OOD,1
F1-optimal (từ T32),811,AAM_mineral_rich,OOD,0.6,OOD,1
F1-optimal (từ T32),812,AAM_mineral_rich,OOD,0.599865,OOD,1
F1-optimal (từ T32),813,AAM_mineral_rich,OOD,0.587031,OOD,1
F1-optimal (từ T32),814,AAM_mineral_rich,OOD,0.599991,OOD,1
F1-optimal (từ T32),815,AAM_mineral_rich,OOD,0.590007,OOD,1
F1-optimal (từ T32),816,AAM_mineral_rich,OOD,0.599999,OOD,1
F1-optimal (từ T32),817,AAM_mineral_rich,OOD,0.6,OOD,1
F1-optimal (từ T32),818,AAM_mineral_rich,OOD,0.6,OOD,1
F1-optimal (từ T32),819,AAM_mineral_rich,OOD,0.6,OOD,1
F1-optimal (từ T32),820,AAM_mineral_rich,OOD,0.6,OOD,1
F1-optimal (từ T32),821,AAM_mineral_rich,OOD,0.6,OOD,1
F1-optimal (từ T32),822,AAM_mineral_rich,OOD,0.6,OOD,1
F1-optimal (từ T32),823,AAM_mineral_rich,OOD,0.6,OOD,1
F1-optimal (từ T32),824,AAM_mineral_rich,OOD,0.6,OOD,1
F1-optimal (từ T32),825,AAM_mineral_rich,OOD,0.6,OOD,1
F1-optimal (từ T32),826,AAM_mineral_rich,OOD,0.6,OOD,1
F1-optimal (từ T32),827,AAM_mineral_rich,OOD,0.52236,ID,0
F1-optimal (từ T32),828,AAM_mineral_rich,OOD,0.6,OOD,1
F1-optimal (từ T32),829,AAM_mineral_rich,OOD,0.6,OOD,1
F1-optimal (từ T32),830,AAM_mineral_rich,OOD,0.6,OOD,1
F1-optimal (từ T32),831,AAM_mineral_rich,OOD,0.6,OOD,1
F1-optimal (từ T32),832,AAM_mineral_rich,OOD,0.6,OOD,1
F1-optimal (từ T32),833,AAM_mineral_rich,OOD,0.6,OOD,1
F1-optimal (từ T32),834,AAM_mineral_rich,OOD,0.599995,OOD,1
F1-optimal (từ T32),835,AAM_mineral_rich,OOD,0.6,OOD,1
F1-optimal (từ T32),836,AAM_mineral_rich,OOD,0.6,OOD,1
F1-optimal (từ T32),837,AAM_mineral_rich,OOD,0.6,OOD,1
F1-optimal (từ T32),838,AAM_mineral_rich,OOD,0.59994,OOD,1
F1-optimal (từ T32),839,AAM_mineral_rich,OOD,0.6,OOD,1
F1-optimal (từ T32),840,AAM_mineral_rich,OOD,0.6,OOD,1
F1-optimal (từ T32),841,AAM_mineral_rich,OOD,0.6,OOD,1
F1-optimal (từ T32),842,AAM_mineral_rich,OOD,0.6,OOD,1
F1-optimal (từ T32),843,AAM_mineral_rich,OOD,0.6,OOD,1
F1-optimal (từ T32),844,AAM_mineral_rich,OOD,0.599966,OOD,1
F1-optimal (từ T32),845,AAM_mineral_rich,OOD,0.6,OOD,1
F1-optimal (từ T32),846,AAM_mineral_rich,OOD,0.599985,OOD,1
F1-optimal (từ T32),847,AAM_mineral_rich,OOD,0.599999,OOD,1
F1-optimal (từ T32),848,AAM_mineral_rich,OOD,0.393788,ID,0
F1-optimal (từ T32),849,AAM_mineral_rich,OOD,0.599998,OOD,1
F1-optimal (từ T32),850,AAM_mineral_rich,OOD,0.599999,OOD,1
F1-optimal (từ T32),851,AAM_mineral_rich,OOD,0.5796,OOD,1
F1-optimal (từ T32),852,AAM_mineral_rich,OOD,0.59999,OOD,1
F1-optimal (từ T32),853,AAM_mineral_rich,OOD,0.6,OOD,1
F1-optimal (từ T32),854,AAM_mineral_rich,OOD,0.599682,OOD,1
F1-optimal (từ T32),855,AAM_mineral_rich,OOD,0.579503,OOD,1
F1-optimal (từ T32),856,AAM_mineral_rich,OOD,0.599997,OOD,1
F1-optimal (từ T32),857,AAM_mineral_rich,OOD,0.6,OOD,1
F1-optimal (từ T32),858,AAM_mineral_rich,OOD,0.6,OOD,1
F1-optimal (từ T32),859,AAM_mineral_rich,OOD,0.416034,ID,0
F1-optimal (từ T32),860,AAM_mineral_rich,OOD,0.6,OOD,1
F1-optimal (từ T32),861,AAM_mineral_rich,OOD,0.446371,ID,0
F1-optimal (từ T32),862,AAM_mineral_rich,OOD,0.6,OOD,1
F1-optimal (từ T32),863,AAM_mineral_rich,OOD,0.599999,OOD,1
F1-optimal (từ T32),864,AAM_mineral_rich,OOD,0.6,OOD,1
F1-optimal (từ T32),865,AAM_mineral_rich,OOD,0.545929,OOD,1
F1-optimal (từ T32),866,AAM_mineral_rich,OOD,0.495579,ID,0
F1-optimal (từ T32),867,AAM_mineral_rich,OOD,0.6,OOD,1
F1-optimal (từ T32),868,AAM_mineral_rich,OOD,0.6,OOD,1
F1-optimal (từ T32),869,AAM_mineral_rich,OOD,0.485078,ID,0
F1-optimal (từ T32),870,AAM_mineral_rich,OOD,0.6,OOD,1
F1-optimal (từ T32),871,AAM_mineral_rich,OOD,0.6,OOD,1
F1-optimal (từ T32),872,AAM_mineral_rich,OOD,0.6,OOD,1
F1-optimal (từ T32),873,AAM_mineral_rich,OOD,0.599993,OOD,1
F1-optimal (từ T32),874,AAM_mineral_rich,OOD,0.6,OOD,1
F1-optimal (từ T32),875,AAM_mineral_rich,OOD,0.6,OOD,1
F1-optimal (từ T32),876,AAM_mineral_rich,OOD,0.6,OOD,1
F1-optimal (từ T32),877,AAM_mineral_rich,OOD,0.6,OOD,1
F1-optimal (từ T32),878,AAM_mineral_rich,OOD,0.6,OOD,1
F1-optimal (từ T32),879,AAM_mineral_rich,OOD,0.6,OOD,1
F1-optimal (từ T32),880,AAM_mineral_rich,OOD,0.6,OOD,1
F1-optimal (từ T32),881,AAM_mineral_rich,OOD,0.598471,OOD,1
F1-optimal (từ T32),882,AAM_mineral_rich,OOD,0.6,OOD,1
F1-optimal (từ T32),883,AAM_mineral_rich,OOD,0.6,OOD,1
F1-optimal (từ T32),884,AAM_mineral_rich,OOD,0.6,OOD,1
F1-optimal (từ T32),885,AAM_mineral_rich,OOD,0.599999,OOD,1
F1-optimal (từ T32),886,AAM_mineral_rich,OOD,0.6,OOD,1
F1-optimal (từ T32),887,AAM_mineral_rich,OOD,0.6,OOD,1
F1-optimal (từ T32),888,AAM_mineral_rich,OOD,0.6,OOD,1
F1-optimal (từ T32),889,AAM_mineral_rich,OOD,0.6,OOD,1
F1-optimal (từ T32),890,AAM_mineral_rich,OOD,0.6,OOD,1
F1-optimal (từ T32),891,AAM_mineral_rich,OOD,0.6,OOD,1
F1-optimal (từ T32),892,AAM_mineral_rich,OOD,0.473754,ID,0
F1-optimal (từ T32),893,AAM_mineral_rich,OOD,0.6,OOD,1
F1-optimal (từ T32),894,AAM_mineral_rich,OOD,0.565522,OOD,1
F1-optimal (từ T32),895,AAM_mineral_rich,OOD,0.599999,OOD,1
F1-optimal (từ T32),896,AAM_mineral_rich,OOD,0.6,OOD,1
F1-optimal (từ T32),897,AAM_mineral_rich,OOD,0.6,OOD,1
F1-optimal (từ T32),898,AAM_mineral_rich,OOD,0.599529,OOD,1
F1-optimal (từ T32),899,AAM_mineral_rich,OOD,0.6,OOD,1
F1-optimal (từ T32),900,AAM_mineral_rich,OOD,0.599879,OOD,1
F1-optimal (từ T32),901,AAM_mineral_rich,OOD,0.599901,OOD,1
F1-optimal (từ T32),902,AAM_mineral_rich,OOD,0.599999,OOD,1
F1-optimal (từ T32),903,AAM_mineral_rich,OOD,0.6,OOD,1
F1-optimal (từ T32),904,AAM_mineral_rich,OOD,0.6,OOD,1
F1-optimal (từ T32),905,AAM_mineral_rich,OOD,0.6,OOD,1
F1-optimal (từ T32),906,AAM_mineral_rich,OOD,0.6,OOD,1
F1-optimal (từ T32),907,AAM_mineral_rich,OOD,0.599898,OOD,1
F1-optimal (từ T32),908,AAM_mineral_rich,OOD,0.599997,OOD,1
F1-optimal (từ T32),909,AAM_mineral_rich,OOD,0.6,OOD,1
F1-optimal (từ T32),910,AAM_mineral_rich,OOD,0.561347,OOD,1
F1-optimal (từ T32),911,AAM_mineral_rich,OOD,0.594154,OOD,1
F1-optimal (từ T32),912,AAM_mineral_rich,OOD,0.599998,OOD,1
F1-optimal (từ T32),913,AAM_mineral_rich,OOD,0.6,OOD,1
F1-optimal (từ T32),914,AAM_mineral_rich,OOD,0.6,OOD,1
F1-optimal (từ T32),915,AAM_mineral_rich,OOD,0.6,OOD,1
F1-optimal (từ T32),916,AAM_mineral_rich,OOD,0.6,OOD,1
F1-optimal (từ T32),917,AAM_mineral_rich,OOD,0.579224,OOD,1
F1-optimal (từ T32),918,AAM_mineral_rich,OOD,0.6,OOD,1
F1-optimal (từ T32),919,AAM_mineral_rich,OOD,0.6,OOD,1
F1-optimal (từ T32),920,AAM_mineral_rich,OOD,0.6,OOD,1
F1-optimal (từ T32),921,AAM_mineral_rich,OOD,0.6,OOD,1
F1-optimal (từ T32),922,AAM_mineral_rich,OOD,0.6,OOD,1
F1-optimal (từ T32),923,AAM_mineral_rich,OOD,0.599951,OOD,1
F1-optimal (từ T32),924,AAM_mineral_rich,OOD,0.599237,OOD,1
F1-optimal (từ T32),925,AAM_mineral_rich,OOD,0.599494,OOD,1
F1-optimal (từ T32),926,AAM_mineral_rich,OOD,0.588518,OOD,1
F1-optimal (từ T32),927,AAM_mineral_rich,OOD,0.6,OOD,1
F1-optimal (từ T32),928,AAM_mineral_rich,OOD,0.597378,OOD,1
F1-optimal (từ T32),929,AAM_mineral_rich,OOD,0.6,OOD,1
F1-optimal (từ T32),930,AAM_mineral_rich,OOD,0.6,OOD,1
F1-optimal (từ T32),931,AAM_mineral_rich,OOD,0.6,OOD,1
F1-optimal (từ T32),932,AAM_mineral_rich,OOD,0.6,OOD,1
F1-optimal (từ T32),933,AAM_mineral_rich,OOD,0.6,OOD,1
F1-optimal (từ T32),934,AAM_mineral_rich,OOD,0.6,OOD,1
F1-optimal (từ T32),935,AAM_mineral_rich,OOD,0.245348,ID,0
F1-optimal (từ T32),936,AAM_mineral_rich,OOD,0.6,OOD,1
F1-optimal (từ T32),937,AAM_mineral_rich,OOD,0.599978,OOD,1
F1-optimal (từ T32),938,AAM_mineral_rich,OOD,0.599901,OOD,1
F1-optimal (từ T32),939,AAM_mineral_rich,OOD,0.6,OOD,1
F1-optimal (từ T32),940,AAM_mineral_rich,OOD,0.578393,OOD,1
F1-optimal (từ T32),941,AAM_mineral_rich,OOD,0.6,OOD,1
F1-optimal (từ T32),942,AAM_mineral_rich,OOD,0.6,OOD,1
F1-optimal (từ T32),943,AAM_mineral_rich,OOD,0.6,OOD,1
F1-optimal (từ T32),944,AAM_mineral_rich,OOD,0.6,OOD,1
F1-optimal (từ T32),945,AAM_mineral_rich,OOD,0.599999,OOD,1
F1-optimal (từ T32),946,AAM_mineral_rich,OOD,0.6,OOD,1
F1-optimal (từ T32),947,AAM_mineral_rich,OOD,0.599999,OOD,1
F1-optimal (từ T32),948,AAM_mineral_rich,OOD,0.6,OOD,1
F1-optimal (từ T32),949,AAM_mineral_rich,OOD,0.6,OOD,1
F1-optimal (từ T32),950,AAM_mineral_rich,OOD,0.6,OOD,1
F1-optimal (từ T32),951,AAM_mineral_rich,OOD,0.6,OOD,1
F1-optimal (từ T32),952,AAM_mineral_rich,OOD,0.6,OOD,1
F1-optimal (từ T32),953,AAM_mineral_rich,OOD,0.6,OOD,1
F1-optimal (từ T32),954,AAM_mineral_rich,OOD,0.6,OOD,1
F1-optimal (từ T32),955,AAM_mineral_rich,OOD,0.6,OOD,1
F1-optimal (từ T32),956,AAM_mineral_rich,OOD,0.599999,OOD,1
F1-optimal (từ T32),957,AAM_mineral_rich,OOD,0.6,OOD,1
F1-optimal (từ T32),958,AAM_mineral_rich,OOD,0.6,OOD,1
F1-optimal (từ T32),959,AAM_mineral_rich,OOD,0.6,OOD,1
F1-optimal (từ T32),960,AAM_mineral_rich,OOD,0.597575,OOD,1
F1-optimal (từ T32),961,AAM_mineral_rich,OOD,0.6,OOD,1
F1-optimal (từ T32),962,AAM_mineral_rich,OOD,0.6,OOD,1
F1-optimal (từ T32),963,AAM_mineral_rich,OOD,0.6,OOD,1
F1-optimal (từ T32),964,AAM_mineral_rich,OOD,0.599924,OOD,1
F1-optimal (từ T32),965,AAM_mineral_rich,OOD,0.6,OOD,1
F1-optimal (từ T32),966,AAM_mineral_rich,OOD,0.6,OOD,1
F1-optimal (từ T32),967,AAM_mineral_rich,OOD,0.6,OOD,1
F1-optimal (từ T32),968,AAM_mineral_rich,OOD,0.6,OOD,1
F1-optimal (từ T32),969,AAM_mineral_rich,OOD,0.583971,OOD,1
F1-optimal (từ T32),970,AAM_mineral_rich,OOD,0.599906,OOD,1
F1-optimal (từ T32),971,AAM_mineral_rich,OOD,0.599962,OOD,1
F1-optimal (từ T32),972,AAM_mineral_rich,OOD,0.6,OOD,1
"cũ (clip 0.6/0.4, score_p95)",0,AA_pure,ID,0.599905,ID,1
"cũ (clip 0.6/0.4, score_p95)",1,AA_pure,ID,0.395372,ID,1
"cũ (clip 0.6/0.4, score_p95)",2,AA_pure,ID,0.150922,ID,1
"cũ (clip 0.6/0.4, score_p95)",3,AA_pure,ID,0.354138,ID,1
"cũ (clip 0.6/0.4, score_p95)",4,AA_pure,ID,0.14441,ID,1
"cũ (clip 0.6/0.4, score_p95)",5,AA_pure,ID,0.151005,ID,1
"cũ (clip 0.6/0.4, score_p95)",6,AA_pure,ID,0.293063,ID,1
"cũ (clip 0.6/0.4, score_p95)",7,AA_pure,ID,0.6,ID,1
"cũ (clip 0.6/0.4, score_p95)",8,AA_pure,ID,0.150284,ID,1
"cũ (clip 0.6/0.4, score_p95)",9,AA_pure,ID,0.257231,ID,1
"cũ (clip 0.6/0.4, score_p95)",10,AA_pure,ID,0.159991,ID,1
"cũ (clip 0.6/0.4, score_p95)",11,AA_pure,ID,0.6,ID,1
"cũ (clip 0.6/0.4, score_p95)",12,AA_pure,ID,0.6,ID,1
"cũ (clip 0.6/0.4, score_p95)",13,AA_pure,ID,0.110893,ID,1
"cũ (clip 0.6/0.4, score_p95)",14,AA_pure,ID,0.137845,ID,1
"cũ (clip 0.6/0.4, score_p95)",15,AA_pure,ID,0.196759,ID,1
"cũ (clip 0.6/0.4, score_p95)",16,AA_pure,ID,0.238907,ID,1
"cũ (clip 0.6/0.4, score_p95)",17,AA_pure,ID,0.199962,ID,1
"cũ (clip 0.6/0.4, score_p95)",18,AA_pure,ID,0.17067,ID,1
"cũ (clip 0.6/0.4, score_p95)",19,AA_pure,ID,0.159499,ID,1
"cũ (clip 0.6/0.4, score_p95)",20,AA_pure,ID,0.36603,ID,1
"cũ (clip 0.6/0.4, score_p95)",21,AA_pure,ID,0.197673,ID,1
"cũ (clip 0.6/0.4, score_p95)",22,AA_pure,ID,0.266092,ID,1
"cũ (clip 0.6/0.4, score_p95)",23,AA_pure,ID,0.1804,ID,1
"cũ (clip 0.6/0.4, score_p95)",24,AA_pure,ID,0.42592,ID,1
"cũ (clip 0.6/0.4, score_p95)",25,AA_pure,ID,0.375108,ID,1
"cũ (clip 0.6/0.4, score_p95)",26,AA_pure,ID,0.156452,ID,1
"cũ (clip 0.6/0.4, score_p95)",27,AA_pure,ID,0.324871,ID,1
"cũ (clip 0.6/0.4, score_p95)",28,AA_pure,ID,0.477841,ID,1
"cũ (clip 0.6/0.4, score_p95)",29,AA_pure,ID,0.402602,ID,1
"cũ (clip 0.6/0.4, score_p95)",30,AA_pure,ID,0.240079,ID,1
"cũ (clip 0.6/0.4, score_p95)",31,AA_pure,ID,0.340055,ID,1
"cũ (clip 0.6/0.4, score_p95)",32,AA_pure,ID,0.335082,ID,1
"cũ (clip 0.6/0.4, score_p95)",33,AA_pure,ID,0.347524,ID,1
"cũ (clip 0.6/0.4, score_p95)",34,AA_pure,ID,0.291698,ID,1
"cũ (clip 0.6/0.4, score_p95)",35,AA_pure,ID,0.458655,ID,1
"cũ (clip 0.6/0.4, score_p95)",36,AA_pure,ID,0.213166,ID,1
"cũ (clip 0.6/0.4, score_p95)",37,AA_pure,ID,0.250613,ID,1
"cũ (clip 0.6/0.4, score_p95)",38,AA_pure,ID,0.112317,ID,1
"cũ (clip 0.6/0.4, score_p95)",39,AA_pure,ID,0.212458,ID,1
"cũ (clip 0.6/0.4, score_p95)",40,AA_pure,ID,0.305792,ID,1
"cũ (clip 0.6/0.4, score_p95)",41,AA_pure,ID,0.537624,ID,1
"cũ (clip 0.6/0.4, score_p95)",42,AA_pure,ID,0.353987,ID,1
"cũ (clip 0.6/0.4, score_p95)",43,AA_pure,ID,0.320623,ID,1
"cũ (clip 0.6/0.4, score_p95)",44,AA_pure,ID,0.19096,ID,1
"cũ (clip 0.6/0.4, score_p95)",45,AA_pure,ID,0.488367,ID,1
"cũ (clip 0.6/0.4, score_p95)",46,AA_pure,ID,0.6,ID,1
"cũ (clip 0.6/0.4, score_p95)",47,AA_pure,ID,0.106674,ID,1
"cũ (clip 0.6/0.4, score_p95)",48,AA_pure,ID,0.125596,ID,1
"cũ (clip 0.6/0.4, score_p95)",49,AA_pure,ID,0.411825,ID,1
"cũ (clip 0.6/0.4, score_p95)",50,AA_pure,ID,0.177396,ID,1
"cũ (clip 0.6/0.4, score_p95)",51,AA_pure,ID,0.200624,ID,1
"cũ (clip 0.6/0.4, score_p95)",52,AA_pure,ID,0.109384,ID,1
"cũ (clip 0.6/0.4, score_p95)",53,AA_pure,ID,0.482123,ID,1
"cũ (clip 0.6/0.4, score_p95)",54,AA_pure,ID,0.368632,ID,1
"cũ (clip 0.6/0.4, score_p95)",55,AA_pure,ID,0.471237,ID,1
"cũ (clip 0.6/0.4, score_p95)",56,AA_pure,ID,0.410146,ID,1
"cũ (clip 0.6/0.4, score_p95)",57,AA_pure,ID,0.236661,ID,1
"cũ (clip 0.6/0.4, score_p95)",58,AA_pure,ID,0.219745,ID,1
"cũ (clip 0.6/0.4, score_p95)",59,AA_pure,ID,0.436393,ID,1
"cũ (clip 0.6/0.4, score_p95)",60,AA_pure,ID,0.205185,ID,1
"cũ (clip 0.6/0.4, score_p95)",61,AA_pure,ID,0.6,ID,1
"cũ (clip 0.6/0.4, score_p95)",62,AA_pure,ID,0.191884,ID,1
"cũ (clip 0.6/0.4, score_p95)",63,AA_pure,ID,0.14335,ID,1
"cũ (clip 0.6/0.4, score_p95)",64,AA_pure,ID,0.185783,ID,1
"cũ (clip 0.6/0.4, score_p95)",65,AA_pure,ID,0.435003,ID,1
"cũ (clip 0.6/0.4, score_p95)",66,AA_pure,ID,0.168202,ID,1
"cũ (clip 0.6/0.4, score_p95)",67,AA_pure,ID,0.368075,ID,1
"cũ (clip 0.6/0.4, score_p95)",68,AA_pure,ID,0.167605,ID,1
"cũ (clip 0.6/0.4, score_p95)",69,AA_pure,ID,0.23562,ID,1
"cũ (clip 0.6/0.4, score_p95)",70,AA_pure,ID,0.13379,ID,1
"cũ (clip 0.6/0.4, score_p95)",71,AA_pure,ID,0.101036,ID,1
"cũ (clip 0.6/0.4, score_p95)",72,AA_pure,ID,0.131434,ID,1
"cũ (clip 0.6/0.4, score_p95)",73,AA_pure,ID,0.253226,ID,1
"cũ (clip 0.6/0.4, score_p95)",74,AA_pure,ID,0.274131,ID,1
"cũ (clip 0.6/0.4, score_p95)",75,AA_pure,ID,0.110858,ID,1
"cũ (clip 0.6/0.4, score_p95)",76,AA_pure,ID,0.214436,ID,1
"cũ (clip 0.6/0.4, score_p95)",77,AA_pure,ID,0.073459,ID,1
"cũ (clip 0.6/0.4, score_p95)",78,AA_pure,ID,0.291542,ID,1
"cũ (clip 0.6/0.4, score_p95)",79,AA_pure,ID,0.429685,ID,1
"cũ (clip 0.6/0.4, score_p95)",80,AA_pure,ID,0.18513,ID,1
"cũ (clip 0.6/0.4, score_p95)",81,AA_pure,ID,0.490073,ID,1
"cũ (clip 0.6/0.4, score_p95)",82,AA_pure,ID,0.152582,ID,1
"cũ (clip 0.6/0.4, score_p95)",83,AA_pure,ID,0.145506,ID,1
"cũ (clip 0.6/0.4, score_p95)",84,AA_pure,ID,0.243898,ID,1
"cũ (clip 0.6/0.4, score_p95)",85,AA_pure,ID,0.120002,ID,1
"cũ (clip 0.6/0.4, score_p95)",86,AA_pure,ID,0.193485,ID,1
"cũ (clip 0.6/0.4, score_p95)",87,AA_pure,ID,0.30046,ID,1
"cũ (clip 0.6/0.4, score_p95)",88,AA_pure,ID,0.1925,ID,1
"cũ (clip 0.6/0.4, score_p95)",89,AA_pure,ID,0.293632,ID,1
"cũ (clip 0.6/0.4, score_p95)",90,AA_pure,ID,0.19554,ID,1
"cũ (clip 0.6/0.4, score_p95)",91,AA_pure,ID,0.393477,ID,1
"cũ (clip 0.6/0.4, score_p95)",92,AA_pure,ID,0.280964,ID,1
"cũ (clip 0.6/0.4, score_p95)",93,AA_pure,ID,0.172315,ID,1
"cũ (clip 0.6/0.4, score_p95)",94,AA_pure,ID,0.267892,ID,1
"cũ (clip 0.6/0.4, score_p95)",95,AA_pure,ID,0.117604,ID,1
"cũ (clip 0.6/0.4, score_p95)",96,AA_pure,ID,0.151374,ID,1
"cũ (clip 0.6/0.4, score_p95)",97,AA_pure,ID,0.37596,ID,1
"cũ (clip 0.6/0.4, score_p95)",98,AA_pure,ID,0.246178,ID,1
"cũ (clip 0.6/0.4, score_p95)",99,AA_pure,ID,0.17664,ID,1
"cũ (clip 0.6/0.4, score_p95)",100,AA_pure,ID,0.286647,ID,1
"cũ (clip 0.6/0.4, score_p95)",101,AA_pure,ID,0.18325,ID,1
"cũ (clip 0.6/0.4, score_p95)",102,AA_pure,ID,0.349659,ID,1
"cũ (clip 0.6/0.4, score_p95)",103,AA_pure,ID,0.106721,ID,1
"cũ (clip 0.6/0.4, score_p95)",104,AA_pure,ID,0.203049,ID,1
"cũ (clip 0.6/0.4, score_p95)",105,AA_pure,ID,0.222622,ID,1
"cũ (clip 0.6/0.4, score_p95)",106,AA_pure,ID,0.08564,ID,1
"cũ (clip 0.6/0.4, score_p95)",107,AA_pure,ID,0.107031,ID,1
"cũ (clip 0.6/0.4, score_p95)",108,AA_pure,ID,0.376145,ID,1
"cũ (clip 0.6/0.4, score_p95)",109,AA_pure,ID,0.383113,ID,1
"cũ (clip 0.6/0.4, score_p95)",110,AA_pure,ID,0.224242,ID,1
"cũ (clip 0.6/0.4, score_p95)",111,AA_pure,ID,0.122104,ID,1
"cũ (clip 0.6/0.4, score_p95)",112,AA_pure,ID,0.164206,ID,1
"cũ (clip 0.6/0.4, score_p95)",113,AA_pure,ID,0.175938,ID,1
"cũ (clip 0.6/0.4, score_p95)",114,AA_pure,ID,0.437789,ID,1
"cũ (clip 0.6/0.4, score_p95)",115,AA_pure,ID,0.172198,ID,1
"cũ (clip 0.6/0.4, score_p95)",116,AA_pure,ID,0.354566,ID,1
"cũ (clip 0.6/0.4, score_p95)",117,AA_pure,ID,0.228494,ID,1
"cũ (clip 0.6/0.4, score_p95)",118,AA_pure,ID,0.16222,ID,1
"cũ (clip 0.6/0.4, score_p95)",119,AA_pure,ID,0.231528,ID,1
"cũ (clip 0.6/0.4, score_p95)",120,AA_pure,ID,0.154536,ID,1
"cũ (clip 0.6/0.4, score_p95)",121,AA_pure,ID,0.185197,ID,1
"cũ (clip 0.6/0.4, score_p95)",122,AA_pure,ID,0.244457,ID,1
"cũ (clip 0.6/0.4, score_p95)",123,AA_pure,ID,0.42845,ID,1
"cũ (clip 0.6/0.4, score_p95)",124,AA_pure,ID,0.351553,ID,1
"cũ (clip 0.6/0.4, score_p95)",125,AA_pure,ID,0.083476,ID,1
"cũ (clip 0.6/0.4, score_p95)",126,AA_pure,ID,0.507632,ID,1
"cũ (clip 0.6/0.4, score_p95)",127,AA_pure,ID,0.101526,ID,1
"cũ (clip 0.6/0.4, score_p95)",128,AA_pure,ID,0.341208,ID,1
"cũ (clip 0.6/0.4, score_p95)",129,AA_pure,ID,0.410721,ID,1
"cũ (clip 0.6/0.4, score_p95)",130,AA_pure,ID,0.22415,ID,1
"cũ (clip 0.6/0.4, score_p95)",131,AA_pure,ID,0.156776,ID,1
"cũ (clip 0.6/0.4, score_p95)",132,AA_pure,ID,0.238859,ID,1
"cũ (clip 0.6/0.4, score_p95)",133,AA_pure,ID,0.179298,ID,1
"cũ (clip 0.6/0.4, score_p95)",134,AA_pure,ID,0.146943,ID,1
"cũ (clip 0.6/0.4, score_p95)",135,AA_pure,ID,0.177243,ID,1
"cũ (clip 0.6/0.4, score_p95)",136,AA_pure,ID,0.6,ID,1
"cũ (clip 0.6/0.4, score_p95)",137,AA_pure,ID,0.333985,ID,1
"cũ (clip 0.6/0.4, score_p95)",138,AA_pure,ID,0.6,ID,1
"cũ (clip 0.6/0.4, score_p95)",139,AA_pure,ID,0.1906,ID,1
"cũ (clip 0.6/0.4, score_p95)",140,AA_pure,ID,0.37228,ID,1
"cũ (clip 0.6/0.4, score_p95)",141,AA_pure,ID,0.243255,ID,1
"cũ (clip 0.6/0.4, score_p95)",142,AA_pure,ID,0.6,ID,1
"cũ (clip 0.6/0.4, score_p95)",143,AA_pure,ID,0.07477,ID,1
"cũ (clip 0.6/0.4, score_p95)",144,AA_pure,ID,0.464171,ID,1
"cũ (clip 0.6/0.4, score_p95)",145,AA_pure,ID,0.266199,ID,1
"cũ (clip 0.6/0.4, score_p95)",146,AA_pure,ID,0.172788,ID,1
"cũ (clip 0.6/0.4, score_p95)",147,AA_pure,ID,0.144668,ID,1
"cũ (clip 0.6/0.4, score_p95)",148,AA_pure,ID,0.284154,ID,1
"cũ (clip 0.6/0.4, score_p95)",149,AA_pure,ID,0.140728,ID,1
"cũ (clip 0.6/0.4, score_p95)",150,AA_pure,ID,0.1613,ID,1
"cũ (clip 0.6/0.4, score_p95)",151,AA_pure,ID,0.133727,ID,1
"cũ (clip 0.6/0.4, score_p95)",152,AA_pure,ID,0.256202,ID,1
"cũ (clip 0.6/0.4, score_p95)",153,AA_pure,ID,0.161395,ID,1
"cũ (clip 0.6/0.4, score_p95)",154,AA_pure,ID,0.447285,ID,1
"cũ (clip 0.6/0.4, score_p95)",155,AA_pure,ID,0.212937,ID,1
"cũ (clip 0.6/0.4, score_p95)",156,AA_pure,ID,0.051392,ID,1
"cũ (clip 0.6/0.4, score_p95)",157,AA_pure,ID,0.119765,ID,1
"cũ (clip 0.6/0.4, score_p95)",158,AA_pure,ID,0.474585,ID,1
"cũ (clip 0.6/0.4, score_p95)",159,AA_pure,ID,0.122886,ID,1
"cũ (clip 0.6/0.4, score_p95)",160,AA_pure,ID,0.146023,ID,1
"cũ (clip 0.6/0.4, score_p95)",161,AA_pure,ID,0.14005,ID,1
"cũ (clip 0.6/0.4, score_p95)",162,AA_pure,ID,0.215975,ID,1
"cũ (clip 0.6/0.4, score_p95)",163,AA_pure,ID,0.296644,ID,1
"cũ (clip 0.6/0.4, score_p95)",164,AA_pure,ID,0.177106,ID,1
"cũ (clip 0.6/0.4, score_p95)",165,AA_pure,ID,0.101921,ID,1
"cũ (clip 0.6/0.4, score_p95)",166,AA_pure,ID,0.202625,ID,1
"cũ (clip 0.6/0.4, score_p95)",167,AA_pure,ID,0.197968,ID,1
"cũ (clip 0.6/0.4, score_p95)",168,AA_pure,ID,0.6,ID,1
"cũ (clip 0.6/0.4, score_p95)",169,AA_pure,ID,0.46224,ID,1
"cũ (clip 0.6/0.4, score_p95)",170,AA_pure,ID,0.447708,ID,1
"cũ (clip 0.6/0.4, score_p95)",171,AA_pure,ID,0.090818,ID,1
"cũ (clip 0.6/0.4, score_p95)",172,AA_pure,ID,0.278146,ID,1
"cũ (clip 0.6/0.4, score_p95)",173,AA_pure,ID,0.311511,ID,1
"cũ (clip 0.6/0.4, score_p95)",174,AA_pure,ID,0.165259,ID,1
"cũ (clip 0.6/0.4, score_p95)",175,AA_pure,ID,0.267395,ID,1
"cũ (clip 0.6/0.4, score_p95)",176,AA_pure,ID,0.263901,ID,1
"cũ (clip 0.6/0.4, score_p95)",177,AA_pure,ID,0.243318,ID,1
"cũ (clip 0.6/0.4, score_p95)",178,AA_pure,ID,0.482382,ID,1
"cũ (clip 0.6/0.4, score_p95)",179,AA_pure,ID,0.307655,ID,1
"cũ (clip 0.6/0.4, score_p95)",180,AA_pure,ID,0.436781,ID,1
"cũ (clip 0.6/0.4, score_p95)",181,AA_pure,ID,0.211268,ID,1
"cũ (clip 0.6/0.4, score_p95)",182,AA_pure,ID,0.503133,ID,1
"cũ (clip 0.6/0.4, score_p95)",183,AA_pure,ID,0.241455,ID,1
"cũ (clip 0.6/0.4, score_p95)",184,AA_pure,ID,0.351046,ID,1
"cũ (clip 0.6/0.4, score_p95)",185,AA_pure,ID,0.266983,ID,1
"cũ (clip 0.6/0.4, score_p95)",186,AA_pure,ID,0.158969,ID,1
"cũ (clip 0.6/0.4, score_p95)",187,AA_pure,ID,0.2265,ID,1
"cũ (clip 0.6/0.4, score_p95)",188,AA_pure,ID,0.247615,ID,1
"cũ (clip 0.6/0.4, score_p95)",189,AA_pure,ID,0.247579,ID,1
"cũ (clip 0.6/0.4, score_p95)",190,AA_pure,ID,0.391411,ID,1
"cũ (clip 0.6/0.4, score_p95)",191,AA_pure,ID,0.34267,ID,1
"cũ (clip 0.6/0.4, score_p95)",192,AA_pure,ID,0.287551,ID,1
"cũ (clip 0.6/0.4, score_p95)",193,AA_pure,ID,0.308,ID,1
"cũ (clip 0.6/0.4, score_p95)",194,AA_pure,ID,0.400761,ID,1
"cũ (clip 0.6/0.4, score_p95)",195,AA_pure,ID,0.124102,ID,1
"cũ (clip 0.6/0.4, score_p95)",196,AA_pure,ID,0.21371,ID,1
"cũ (clip 0.6/0.4, score_p95)",197,AA_pure,ID,0.165305,ID,1
"cũ (clip 0.6/0.4, score_p95)",198,AA_pure,ID,0.233551,ID,1
"cũ (clip 0.6/0.4, score_p95)",199,AA_pure,ID,0.366005,ID,1
"cũ (clip 0.6/0.4, score_p95)",200,AA_pure,ID,0.334215,ID,1
"cũ (clip 0.6/0.4, score_p95)",201,AA_pure,ID,0.172057,ID,1
"cũ (clip 0.6/0.4, score_p95)",202,AA_pure,ID,0.317242,ID,1
"cũ (clip 0.6/0.4, score_p95)",203,AA_pure,ID,0.278669,ID,1
"cũ (clip 0.6/0.4, score_p95)",204,AA_pure,ID,0.11532,ID,1
"cũ (clip 0.6/0.4, score_p95)",205,AA_pure,ID,0.338597,ID,1
"cũ (clip 0.6/0.4, score_p95)",206,AA_pure,ID,0.193118,ID,1
"cũ (clip 0.6/0.4, score_p95)",207,AA_pure,ID,0.365993,ID,1
"cũ (clip 0.6/0.4, score_p95)",208,AA_pure,ID,0.176908,ID,1
"cũ (clip 0.6/0.4, score_p95)",209,AA_pure,ID,0.466077,ID,1
"cũ (clip 0.6/0.4, score_p95)",210,AA_pure,ID,0.095633,ID,1
"cũ (clip 0.6/0.4, score_p95)",211,AA_pure,ID,0.323918,ID,1
"cũ (clip 0.6/0.4, score_p95)",212,AA_pure,ID,0.330747,ID,1
"cũ (clip 0.6/0.4, score_p95)",213,AA_pure,ID,0.380188,ID,1
"cũ (clip 0.6/0.4, score_p95)",214,AA_pure,ID,0.52164,ID,1
"cũ (clip 0.6/0.4, score_p95)",215,AA_pure,ID,0.144297,ID,1
"cũ (clip 0.6/0.4, score_p95)",216,AA_pure,ID,0.213446,ID,1
"cũ (clip 0.6/0.4, score_p95)",217,AA_pure,ID,0.209106,ID,1
"cũ (clip 0.6/0.4, score_p95)",218,AA_pure,ID,0.25034,ID,1
"cũ (clip 0.6/0.4, score_p95)",219,AA_pure,ID,0.145224,ID,1
"cũ (clip 0.6/0.4, score_p95)",220,AA_pure,ID,0.1648,ID,1
"cũ (clip 0.6/0.4, score_p95)",221,AA_pure,ID,0.246559,ID,1
"cũ (clip 0.6/0.4, score_p95)",222,AA_pure,ID,0.223723,ID,1
"cũ (clip 0.6/0.4, score_p95)",223,AA_pure,ID,0.6,ID,1
"cũ (clip 0.6/0.4, score_p95)",224,AA_pure,ID,0.142346,ID,1
"cũ (clip 0.6/0.4, score_p95)",225,AA_pure,ID,0.310035,ID,1
"cũ (clip 0.6/0.4, score_p95)",226,AA_pure,ID,0.364168,ID,1
"cũ (clip 0.6/0.4, score_p95)",227,AA_pure,ID,0.269263,ID,1
"cũ (clip 0.6/0.4, score_p95)",228,AA_pure,ID,0.337129,ID,1
"cũ (clip 0.6/0.4, score_p95)",229,AA_pure,ID,0.208272,ID,1
"cũ (clip 0.6/0.4, score_p95)",230,AA_pure,ID,0.275917,ID,1
"cũ (clip 0.6/0.4, score_p95)",231,AA_pure,ID,0.09385,ID,1
"cũ (clip 0.6/0.4, score_p95)",232,AA_pure,ID,0.419266,ID,1
"cũ (clip 0.6/0.4, score_p95)",233,AA_pure,ID,0.218526,ID,1
"cũ (clip 0.6/0.4, score_p95)",234,AA_pure,ID,0.358319,ID,1
"cũ (clip 0.6/0.4, score_p95)",235,AA_pure,ID,0.6,ID,1
"cũ (clip 0.6/0.4, score_p95)",236,AA_pure,ID,0.207539,ID,1
"cũ (clip 0.6/0.4, score_p95)",237,AA_pure,ID,0.333018,ID,1
"cũ (clip 0.6/0.4, score_p95)",238,AA_pure,ID,0.100909,ID,1
"cũ (clip 0.6/0.4, score_p95)",239,AA_pure,ID,0.6,ID,1
"cũ (clip 0.6/0.4, score_p95)",240,AA_pure,ID,0.11322,ID,1
"cũ (clip 0.6/0.4, score_p95)",241,AA_pure,ID,0.203164,ID,1
"cũ (clip 0.6/0.4, score_p95)",242,AA_pure,ID,0.32646,ID,1
"cũ (clip 0.6/0.4, score_p95)",243,AA_pure,ID,0.138396,ID,1
"cũ (clip 0.6/0.4, score_p95)",244,AA_pure,ID,0.08886,ID,1
"cũ (clip 0.6/0.4, score_p95)",245,AA_pure,ID,0.247427,ID,1
"cũ (clip 0.6/0.4, score_p95)",246,AA_pure,ID,0.309879,ID,1
"cũ (clip 0.6/0.4, score_p95)",247,AA_pure,ID,0.6,ID,1
"cũ (clip 0.6/0.4, score_p95)",248,AA_pure,ID,0.284362,ID,1
"cũ (clip 0.6/0.4, score_p95)",249,AA_pure,ID,0.153218,ID,1
"cũ (clip 0.6/0.4, score_p95)",250,AA_pure,ID,0.220658,ID,1
"cũ (clip 0.6/0.4, score_p95)",251,AA_pure,ID,0.424657,ID,1
"cũ (clip 0.6/0.4, score_p95)",252,AA_pure,ID,0.166712,ID,1
"cũ (clip 0.6/0.4, score_p95)",253,AA_pure,ID,0.100457,ID,1
"cũ (clip 0.6/0.4, score_p95)",254,AA_pure,ID,0.137253,ID,1
"cũ (clip 0.6/0.4, score_p95)",255,AA_pure,ID,0.253586,ID,1
"cũ (clip 0.6/0.4, score_p95)",256,AA_pure,ID,0.261337,ID,1
"cũ (clip 0.6/0.4, score_p95)",257,AA_pure,ID,0.514826,ID,1
"cũ (clip 0.6/0.4, score_p95)",258,AA_pure,ID,0.448428,ID,1
"cũ (clip 0.6/0.4, score_p95)",259,AA_pure,ID,0.320303,ID,1
"cũ (clip 0.6/0.4, score_p95)",260,AA_pure,ID,0.248826,ID,1
"cũ (clip 0.6/0.4, score_p95)",261,AA_pure,ID,0.342596,ID,1
"cũ (clip 0.6/0.4, score_p95)",262,AA_pure,ID,0.423481,ID,1
"cũ (clip 0.6/0.4, score_p95)",263,AA_pure,ID,0.158947,ID,1
"cũ (clip 0.6/0.4, score_p95)",264,AA_pure,ID,0.336284,ID,1
"cũ (clip 0.6/0.4, score_p95)",265,AA_pure,ID,0.212558,ID,1
"cũ (clip 0.6/0.4, score_p95)",266,AA_pure,ID,0.154766,ID,1
"cũ (clip 0.6/0.4, score_p95)",267,AA_pure,ID,0.240587,ID,1
"cũ (clip 0.6/0.4, score_p95)",268,AA_pure,ID,0.108417,ID,1
"cũ (clip 0.6/0.4, score_p95)",269,AA_pure,ID,0.174171,ID,1
"cũ (clip 0.6/0.4, score_p95)",270,AA_pure,ID,0.6,ID,1
"cũ (clip 0.6/0.4, score_p95)",271,AA_pure,ID,0.490966,ID,1
"cũ (clip 0.6/0.4, score_p95)",272,AA_pure,ID,0.105242,ID,1
"cũ (clip 0.6/0.4, score_p95)",273,AA_pure,ID,0.363557,ID,1
"cũ (clip 0.6/0.4, score_p95)",274,AA_pure,ID,0.126718,ID,1
"cũ (clip 0.6/0.4, score_p95)",275,AA_pure,ID,0.474618,ID,1
"cũ (clip 0.6/0.4, score_p95)",276,AA_pure,ID,0.224352,ID,1
"cũ (clip 0.6/0.4, score_p95)",277,AA_pure,ID,0.40631,ID,1
"cũ (clip 0.6/0.4, score_p95)",278,AA_pure,ID,0.359242,ID,1
"cũ (clip 0.6/0.4, score_p95)",279,AA_pure,ID,0.085926,ID,1
"cũ (clip 0.6/0.4, score_p95)",280,AA_pure,ID,0.263846,ID,1
"cũ (clip 0.6/0.4, score_p95)",281,AA_pure,ID,0.272948,ID,1
"cũ (clip 0.6/0.4, score_p95)",282,AA_pure,ID,0.269557,ID,1
"cũ (clip 0.6/0.4, score_p95)",283,AA_pure,ID,0.256228,ID,1
"cũ (clip 0.6/0.4, score_p95)",284,AA_pure,ID,0.125563,ID,1
"cũ (clip 0.6/0.4, score_p95)",285,AA_pure,ID,0.155135,ID,1
"cũ (clip 0.6/0.4, score_p95)",286,AA_pure,ID,0.272008,ID,1
"cũ (clip 0.6/0.4, score_p95)",287,AA_pure,ID,0.213346,ID,1
"cũ (clip 0.6/0.4, score_p95)",288,AA_pure,ID,0.153444,ID,1
"cũ (clip 0.6/0.4, score_p95)",289,AA_pure,ID,0.407614,ID,1
"cũ (clip 0.6/0.4, score_p95)",290,AA_pure,ID,0.363968,ID,1
"cũ (clip 0.6/0.4, score_p95)",291,AA_pure,ID,0.183227,ID,1
"cũ (clip 0.6/0.4, score_p95)",292,AA_pure,ID,0.234746,ID,1
"cũ (clip 0.6/0.4, score_p95)",293,AA_pure,ID,0.119552,ID,1
"cũ (clip 0.6/0.4, score_p95)",294,AA_pure,ID,0.509883,ID,1
"cũ (clip 0.6/0.4, score_p95)",295,AA_pure,ID,0.204023,ID,1
"cũ (clip 0.6/0.4, score_p95)",296,AA_pure,ID,0.268351,ID,1
"cũ (clip 0.6/0.4, score_p95)",297,AA_pure,ID,0.282839,ID,1
"cũ (clip 0.6/0.4, score_p95)",298,AA_pure,ID,0.251197,ID,1
"cũ (clip 0.6/0.4, score_p95)",299,AA_pure,ID,0.19368,ID,1
"cũ (clip 0.6/0.4, score_p95)",300,AA_pure,ID,0.182235,ID,1
"cũ (clip 0.6/0.4, score_p95)",301,AA_pure,ID,0.503541,ID,1
"cũ (clip 0.6/0.4, score_p95)",302,AA_pure,ID,0.107432,ID,1
"cũ (clip 0.6/0.4, score_p95)",303,AA_pure,ID,0.165428,ID,1
"cũ (clip 0.6/0.4, score_p95)",304,AA_pure,ID,0.327279,ID,1
"cũ (clip 0.6/0.4, score_p95)",305,AA_pure,ID,0.179175,ID,1
"cũ (clip 0.6/0.4, score_p95)",306,AA_pure,ID,0.6,ID,1
"cũ (clip 0.6/0.4, score_p95)",307,AA_pure,ID,0.128675,ID,1
"cũ (clip 0.6/0.4, score_p95)",308,AA_pure,ID,0.547203,ID,1
"cũ (clip 0.6/0.4, score_p95)",309,AA_pure,ID,0.186623,ID,1
"cũ (clip 0.6/0.4, score_p95)",310,AA_pure,ID,0.364329,ID,1
"cũ (clip 0.6/0.4, score_p95)",311,AA_pure,ID,0.283956,ID,1
"cũ (clip 0.6/0.4, score_p95)",312,AA_pure,ID,0.332974,ID,1
"cũ (clip 0.6/0.4, score_p95)",313,AA_pure,ID,0.2012,ID,1
"cũ (clip 0.6/0.4, score_p95)",314,AA_pure,ID,0.140255,ID,1
"cũ (clip 0.6/0.4, score_p95)",315,AA_pure,ID,0.25723,ID,1
"cũ (clip 0.6/0.4, score_p95)",316,AA_pure,ID,0.204745,ID,1
"cũ (clip 0.6/0.4, score_p95)",317,AA_pure,ID,0.185416,ID,1
"cũ (clip 0.6/0.4, score_p95)",318,AA_pure,ID,0.513335,ID,1
"cũ (clip 0.6/0.4, score_p95)",319,AA_pure,ID,0.207426,ID,1
"cũ (clip 0.6/0.4, score_p95)",320,AA_pure,ID,0.110638,ID,1
"cũ (clip 0.6/0.4, score_p95)",321,AA_pure,ID,0.155472,ID,1
"cũ (clip 0.6/0.4, score_p95)",322,AA_pure,ID,0.207052,ID,1
"cũ (clip 0.6/0.4, score_p95)",323,AA_pure,ID,0.30068,ID,1
"cũ (clip 0.6/0.4, score_p95)",324,AA_pure,ID,0.201714,ID,1
"cũ (clip 0.6/0.4, score_p95)",325,AA_pure,ID,0.08585,ID,1
"cũ (clip 0.6/0.4, score_p95)",326,AA_pure,ID,0.199839,ID,1
"cũ (clip 0.6/0.4, score_p95)",327,AA_pure,ID,0.14886,ID,1
"cũ (clip 0.6/0.4, score_p95)",328,AA_pure,ID,0.147263,ID,1
"cũ (clip 0.6/0.4, score_p95)",329,AA_pure,ID,0.129776,ID,1
"cũ (clip 0.6/0.4, score_p95)",330,AA_pure,ID,0.21404,ID,1
"cũ (clip 0.6/0.4, score_p95)",331,AA_pure,ID,0.127983,ID,1
"cũ (clip 0.6/0.4, score_p95)",332,AA_pure,ID,0.303835,ID,1
"cũ (clip 0.6/0.4, score_p95)",333,AA_pure,ID,0.445435,ID,1
"cũ (clip 0.6/0.4, score_p95)",334,AA_pure,ID,0.090474,ID,1
"cũ (clip 0.6/0.4, score_p95)",335,AA_pure,ID,0.239746,ID,1
"cũ (clip 0.6/0.4, score_p95)",336,AA_pure,ID,0.15219,ID,1
"cũ (clip 0.6/0.4, score_p95)",337,AA_pure,ID,0.484601,ID,1
"cũ (clip 0.6/0.4, score_p95)",338,AA_pure,ID,0.298235,ID,1
"cũ (clip 0.6/0.4, score_p95)",339,AA_pure,ID,0.287526,ID,1
"cũ (clip 0.6/0.4, score_p95)",340,AA_pure,ID,0.581586,ID,1
"cũ (clip 0.6/0.4, score_p95)",341,AA_pure,ID,0.432141,ID,1
"cũ (clip 0.6/0.4, score_p95)",342,AA_pure,ID,0.306932,ID,1
"cũ (clip 0.6/0.4, score_p95)",343,AA_pure,ID,0.130913,ID,1
"cũ (clip 0.6/0.4, score_p95)",344,AA_pure,ID,0.339733,ID,1
"cũ (clip 0.6/0.4, score_p95)",345,AA_pure,ID,0.229856,ID,1
"cũ (clip 0.6/0.4, score_p95)",346,AA_pure,ID,0.09436,ID,1
"cũ (clip 0.6/0.4, score_p95)",347,AA_pure,ID,0.416952,ID,1
"cũ (clip 0.6/0.4, score_p95)",348,AA_pure,ID,0.216361,ID,1
"cũ (clip 0.6/0.4, score_p95)",349,AA_pure,ID,0.371631,ID,1
"cũ (clip 0.6/0.4, score_p95)",350,AA_pure,ID,0.344356,ID,1
"cũ (clip 0.6/0.4, score_p95)",351,AA_pure,ID,0.317966,ID,1
"cũ (clip 0.6/0.4, score_p95)",352,AA_pure,ID,0.142105,ID,1
"cũ (clip 0.6/0.4, score_p95)",353,AA_pure,ID,0.163035,ID,1
"cũ (clip 0.6/0.4, score_p95)",354,AA_pure,ID,0.273722,ID,1
"cũ (clip 0.6/0.4, score_p95)",355,AA_pure,ID,0.091906,ID,1
"cũ (clip 0.6/0.4, score_p95)",356,AA_pure,ID,0.099013,ID,1
"cũ (clip 0.6/0.4, score_p95)",357,AA_pure,ID,0.274694,ID,1
"cũ (clip 0.6/0.4, score_p95)",358,AA_pure,ID,0.431683,ID,1
"cũ (clip 0.6/0.4, score_p95)",359,AA_pure,ID,0.204182,ID,1
"cũ (clip 0.6/0.4, score_p95)",360,AA_pure,ID,0.17655,ID,1
"cũ (clip 0.6/0.4, score_p95)",361,AA_pure,ID,0.279093,ID,1
"cũ (clip 0.6/0.4, score_p95)",362,AA_pure,ID,0.495028,ID,1
"cũ (clip 0.6/0.4, score_p95)",363,AA_pure,ID,0.295167,ID,1
"cũ (clip 0.6/0.4, score_p95)",364,AA_pure,ID,0.273956,ID,1
"cũ (clip 0.6/0.4, score_p95)",365,AA_pure,ID,0.377453,ID,1
"cũ (clip 0.6/0.4, score_p95)",366,AA_pure,ID,0.336222,ID,1
"cũ (clip 0.6/0.4, score_p95)",367,AA_pure,ID,0.489485,ID,1
"cũ (clip 0.6/0.4, score_p95)",368,AA_pure,ID,0.099975,ID,1
"cũ (clip 0.6/0.4, score_p95)",369,AA_pure,ID,0.150348,ID,1
"cũ (clip 0.6/0.4, score_p95)",370,AA_pure,ID,0.336286,ID,1
"cũ (clip 0.6/0.4, score_p95)",371,AA_pure,ID,0.212451,ID,1
"cũ (clip 0.6/0.4, score_p95)",372,AA_pure,ID,0.186638,ID,1
"cũ (clip 0.6/0.4, score_p95)",373,AA_pure,ID,0.286442,ID,1
"cũ (clip 0.6/0.4, score_p95)",374,AA_pure,ID,0.21405,ID,1
"cũ (clip 0.6/0.4, score_p95)",375,AA_pure,ID,0.395459,ID,1
"cũ (clip 0.6/0.4, score_p95)",376,AA_pure,ID,0.294238,ID,1
"cũ (clip 0.6/0.4, score_p95)",377,AA_pure,ID,0.247011,ID,1
"cũ (clip 0.6/0.4, score_p95)",378,AA_pure,ID,0.286322,ID,1
"cũ (clip 0.6/0.4, score_p95)",379,AA_pure,ID,0.118561,ID,1
"cũ (clip 0.6/0.4, score_p95)",380,AA_pure,ID,0.210489,ID,1
"cũ (clip 0.6/0.4, score_p95)",381,AA_pure,ID,0.103821,ID,1
"cũ (clip 0.6/0.4, score_p95)",382,AA_pure,ID,0.364432,ID,1
"cũ (clip 0.6/0.4, score_p95)",383,AA_pure,ID,0.136483,ID,1
"cũ (clip 0.6/0.4, score_p95)",384,AA_pure,ID,0.175926,ID,1
"cũ (clip 0.6/0.4, score_p95)",385,AA_pure,ID,0.176878,ID,1
"cũ (clip 0.6/0.4, score_p95)",386,AA_pure,ID,0.153273,ID,1
"cũ (clip 0.6/0.4, score_p95)",387,AA_pure,ID,0.6,ID,1
"cũ (clip 0.6/0.4, score_p95)",388,AA_pure,ID,0.489271,ID,1
"cũ (clip 0.6/0.4, score_p95)",389,AA_pure,ID,0.169949,ID,1
"cũ (clip 0.6/0.4, score_p95)",390,AA_pure,ID,0.197578,ID,1
"cũ (clip 0.6/0.4, score_p95)",391,AA_pure,ID,0.123333,ID,1
"cũ (clip 0.6/0.4, score_p95)",392,AA_pure,ID,0.388316,ID,1
"cũ (clip 0.6/0.4, score_p95)",393,AA_pure,ID,0.511324,ID,1
"cũ (clip 0.6/0.4, score_p95)",394,AA_pure,ID,0.399157,ID,1
"cũ (clip 0.6/0.4, score_p95)",395,AA_pure,ID,0.088714,ID,1
"cũ (clip 0.6/0.4, score_p95)",396,AA_pure,ID,0.6,ID,1
"cũ (clip 0.6/0.4, score_p95)",397,AA_pure,ID,0.292053,ID,1
"cũ (clip 0.6/0.4, score_p95)",398,AA_pure,ID,0.174011,ID,1
"cũ (clip 0.6/0.4, score_p95)",399,AA_pure,ID,0.139135,ID,1
"cũ (clip 0.6/0.4, score_p95)",400,AA_pure,ID,0.238463,ID,1
"cũ (clip 0.6/0.4, score_p95)",401,AA_pure,ID,0.166566,ID,1
"cũ (clip 0.6/0.4, score_p95)",402,AA_pure,ID,0.137842,ID,1
"cũ (clip 0.6/0.4, score_p95)",403,AA_pure,ID,0.409485,ID,1
"cũ (clip 0.6/0.4, score_p95)",404,AA_pure,ID,0.23989,ID,1
"cũ (clip 0.6/0.4, score_p95)",405,AA_pure,ID,0.172326,ID,1
"cũ (clip 0.6/0.4, score_p95)",406,AA_pure,ID,0.6,ID,1
"cũ (clip 0.6/0.4, score_p95)",407,AA_pure,ID,0.178885,ID,1
"cũ (clip 0.6/0.4, score_p95)",408,AA_pure,ID,0.163065,ID,1
"cũ (clip 0.6/0.4, score_p95)",409,AA_pure,ID,0.13759,ID,1
"cũ (clip 0.6/0.4, score_p95)",410,AA_pure,ID,0.187908,ID,1
"cũ (clip 0.6/0.4, score_p95)",411,AA_pure,ID,0.103524,ID,1
"cũ (clip 0.6/0.4, score_p95)",412,AA_pure,ID,0.244011,ID,1
"cũ (clip 0.6/0.4, score_p95)",413,AA_pure,ID,0.278673,ID,1
"cũ (clip 0.6/0.4, score_p95)",414,AA_pure,ID,0.26453,ID,1
"cũ (clip 0.6/0.4, score_p95)",415,AA_pure,ID,0.6,ID,1
"cũ (clip 0.6/0.4, score_p95)",416,AA_pure,ID,0.6,ID,1
"cũ (clip 0.6/0.4, score_p95)",417,AA_pure,ID,0.099366,ID,1
"cũ (clip 0.6/0.4, score_p95)",418,AA_pure,ID,0.39044,ID,1
"cũ (clip 0.6/0.4, score_p95)",419,AA_pure,ID,0.332268,ID,1
"cũ (clip 0.6/0.4, score_p95)",420,AA_pure,ID,0.226547,ID,1
"cũ (clip 0.6/0.4, score_p95)",421,AA_pure,ID,0.282329,ID,1
"cũ (clip 0.6/0.4, score_p95)",422,AA_pure,ID,0.177499,ID,1
"cũ (clip 0.6/0.4, score_p95)",423,AA_pure,ID,0.121352,ID,1
"cũ (clip 0.6/0.4, score_p95)",424,AA_pure,ID,0.193828,ID,1
"cũ (clip 0.6/0.4, score_p95)",425,AA_pure,ID,0.282314,ID,1
"cũ (clip 0.6/0.4, score_p95)",426,AA_pure,ID,0.226375,ID,1
"cũ (clip 0.6/0.4, score_p95)",427,AA_pure,ID,0.22401,ID,1
"cũ (clip 0.6/0.4, score_p95)",428,AA_pure,ID,0.352541,ID,1
"cũ (clip 0.6/0.4, score_p95)",429,AA_pure,ID,0.187681,ID,1
"cũ (clip 0.6/0.4, score_p95)",430,AA_pure,ID,0.312085,ID,1
"cũ (clip 0.6/0.4, score_p95)",431,AA_pure,ID,0.294408,ID,1
"cũ (clip 0.6/0.4, score_p95)",432,AA_pure,ID,0.41633,ID,1
"cũ (clip 0.6/0.4, score_p95)",433,AA_pure,ID,0.485568,ID,1
"cũ (clip 0.6/0.4, score_p95)",434,AA_pure,ID,0.505691,ID,1
"cũ (clip 0.6/0.4, score_p95)",435,AA_pure,ID,0.171545,ID,1
"cũ (clip 0.6/0.4, score_p95)",436,AA_pure,ID,0.241282,ID,1
"cũ (clip 0.6/0.4, score_p95)",437,AA_pure,ID,0.20459,ID,1
"cũ (clip 0.6/0.4, score_p95)",438,AA_pure,ID,0.196565,ID,1
"cũ (clip 0.6/0.4, score_p95)",439,AA_pure,ID,0.23774,ID,1
"cũ (clip 0.6/0.4, score_p95)",440,AA_pure,ID,0.279089,ID,1
"cũ (clip 0.6/0.4, score_p95)",441,AA_pure,ID,0.182124,ID,1
"cũ (clip 0.6/0.4, score_p95)",442,AA_pure,ID,0.290149,ID,1
"cũ (clip 0.6/0.4, score_p95)",443,AA_pure,ID,0.214154,ID,1
"cũ (clip 0.6/0.4, score_p95)",444,AA_pure,ID,0.448144,ID,1
"cũ (clip 0.6/0.4, score_p95)",445,AA_pure,ID,0.162398,ID,1
"cũ (clip 0.6/0.4, score_p95)",446,AA_pure,ID,0.095832,ID,1
"cũ (clip 0.6/0.4, score_p95)",447,AA_pure,ID,0.13795,ID,1
"cũ (clip 0.6/0.4, score_p95)",448,AA_pure,ID,0.350571,ID,1
"cũ (clip 0.6/0.4, score_p95)",449,AA_pure,ID,0.113369,ID,1
"cũ (clip 0.6/0.4, score_p95)",450,AA_pure,ID,0.478321,ID,1
"cũ (clip 0.6/0.4, score_p95)",451,AA_pure,ID,0.163433,ID,1
"cũ (clip 0.6/0.4, score_p95)",452,AA_pure,ID,0.196088,ID,1
"cũ (clip 0.6/0.4, score_p95)",453,AA_pure,ID,0.216022,ID,1
"cũ (clip 0.6/0.4, score_p95)",454,AA_pure,ID,0.253644,ID,1
"cũ (clip 0.6/0.4, score_p95)",455,AA_pure,ID,0.469355,ID,1
"cũ (clip 0.6/0.4, score_p95)",456,AA_pure,ID,0.328381,ID,1
"cũ (clip 0.6/0.4, score_p95)",457,AA_pure,ID,0.455244,ID,1
"cũ (clip 0.6/0.4, score_p95)",458,AA_pure,ID,0.159559,ID,1
"cũ (clip 0.6/0.4, score_p95)",459,AA_pure,ID,0.135478,ID,1
"cũ (clip 0.6/0.4, score_p95)",460,AA_pure,ID,0.26418,ID,1
"cũ (clip 0.6/0.4, score_p95)",461,AA_pure,ID,0.121873,ID,1
"cũ (clip 0.6/0.4, score_p95)",462,AA_pure,ID,0.176215,ID,1
"cũ (clip 0.6/0.4, score_p95)",463,AA_pure,ID,0.152205,ID,1
"cũ (clip 0.6/0.4, score_p95)",464,AA_pure,ID,0.186052,ID,1
"cũ (clip 0.6/0.4, score_p95)",465,AA_pure,ID,0.375581,ID,1
"cũ (clip 0.6/0.4, score_p95)",466,AA_pure,ID,0.407701,ID,1
"cũ (clip 0.6/0.4, score_p95)",467,AA_pure,ID,0.204628,ID,1
"cũ (clip 0.6/0.4, score_p95)",468,AA_pure,ID,0.106677,ID,1
"cũ (clip 0.6/0.4, score_p95)",469,AA_pure,ID,0.262216,ID,1
"cũ (clip 0.6/0.4, score_p95)",470,AA_pure,ID,0.218318,ID,1
"cũ (clip 0.6/0.4, score_p95)",471,AA_pure,ID,0.171136,ID,1
"cũ (clip 0.6/0.4, score_p95)",472,AA_pure,ID,0.113265,ID,1
"cũ (clip 0.6/0.4, score_p95)",473,AA_pure,ID,0.226741,ID,1
"cũ (clip 0.6/0.4, score_p95)",474,AA_pure,ID,0.133854,ID,1
"cũ (clip 0.6/0.4, score_p95)",475,AA_pure,ID,0.210369,ID,1
"cũ (clip 0.6/0.4, score_p95)",476,AA_pure,ID,0.323986,ID,1
"cũ (clip 0.6/0.4, score_p95)",477,AA_pure,ID,0.584218,ID,1
"cũ (clip 0.6/0.4, score_p95)",478,AA_pure,ID,0.30532,ID,1
"cũ (clip 0.6/0.4, score_p95)",479,AA_pure,ID,0.6,ID,1
"cũ (clip 0.6/0.4, score_p95)",480,AA_pure,ID,0.188311,ID,1
"cũ (clip 0.6/0.4, score_p95)",481,AA_pure,ID,0.6,ID,1
"cũ (clip 0.6/0.4, score_p95)",482,AA_pure,ID,0.180724,ID,1
"cũ (clip 0.6/0.4, score_p95)",483,AA_pure,ID,0.220428,ID,1
"cũ (clip 0.6/0.4, score_p95)",484,AA_pure,ID,0.104988,ID,1
"cũ (clip 0.6/0.4, score_p95)",485,AA_pure,ID,0.308831,ID,1
"cũ (clip 0.6/0.4, score_p95)",486,AA_pure,ID,0.161334,ID,1
"cũ (clip 0.6/0.4, score_p95)",487,AA_pure,ID,0.10557,ID,1
"cũ (clip 0.6/0.4, score_p95)",488,AA_pure,ID,0.244199,ID,1
"cũ (clip 0.6/0.4, score_p95)",489,AA_pure,ID,0.234516,ID,1
"cũ (clip 0.6/0.4, score_p95)",490,AA_pure,ID,0.311879,ID,1
"cũ (clip 0.6/0.4, score_p95)",491,AA_pure,ID,0.118098,ID,1
"cũ (clip 0.6/0.4, score_p95)",492,AA_pure,ID,0.253031,ID,1
"cũ (clip 0.6/0.4, score_p95)",493,AA_pure,ID,0.435772,ID,1
"cũ (clip 0.6/0.4, score_p95)",494,AA_pure,ID,0.237177,ID,1
"cũ (clip 0.6/0.4, score_p95)",495,AA_pure,ID,0.280283,ID,1
"cũ (clip 0.6/0.4, score_p95)",496,AA_pure,ID,0.322475,ID,1
"cũ (clip 0.6/0.4, score_p95)",497,AA_pure,ID,0.150543,ID,1
"cũ (clip 0.6/0.4, score_p95)",498,AA_pure,ID,0.232263,ID,1
"cũ (clip 0.6/0.4, score_p95)",499,AA_pure,ID,0.256868,ID,1
"cũ (clip 0.6/0.4, score_p95)",500,AA_pure,ID,0.6,ID,1
"cũ (clip 0.6/0.4, score_p95)",501,AA_pure,ID,0.6,ID,1
"cũ (clip 0.6/0.4, score_p95)",502,AA_pure,ID,0.378307,ID,1
"cũ (clip 0.6/0.4, score_p95)",503,AA_pure,ID,0.431635,ID,1
"cũ (clip 0.6/0.4, score_p95)",504,AA_pure,ID,0.454174,ID,1
"cũ (clip 0.6/0.4, score_p95)",505,AA_pure,ID,0.149492,ID,1
"cũ (clip 0.6/0.4, score_p95)",506,AA_pure,ID,0.308803,ID,1
"cũ (clip 0.6/0.4, score_p95)",507,AA_pure,ID,0.192234,ID,1
"cũ (clip 0.6/0.4, score_p95)",508,AA_pure,ID,0.222059,ID,1
"cũ (clip 0.6/0.4, score_p95)",509,AA_pure,ID,0.184394,ID,1
"cũ (clip 0.6/0.4, score_p95)",510,AA_pure,ID,0.291858,ID,1
"cũ (clip 0.6/0.4, score_p95)",511,AA_pure,ID,0.141404,ID,1
"cũ (clip 0.6/0.4, score_p95)",512,AA_pure,ID,0.440631,ID,1
"cũ (clip 0.6/0.4, score_p95)",513,AA_pure,ID,0.241263,ID,1
"cũ (clip 0.6/0.4, score_p95)",514,AA_pure,ID,0.394404,ID,1
"cũ (clip 0.6/0.4, score_p95)",515,AA_pure,ID,0.138749,ID,1
"cũ (clip 0.6/0.4, score_p95)",516,AA_pure,ID,0.6,ID,1
"cũ (clip 0.6/0.4, score_p95)",517,AA_pure,ID,0.138924,ID,1
"cũ (clip 0.6/0.4, score_p95)",518,AA_pure,ID,0.328123,ID,1
"cũ (clip 0.6/0.4, score_p95)",519,AA_pure,ID,0.109795,ID,1
"cũ (clip 0.6/0.4, score_p95)",520,AA_pure,ID,0.196176,ID,1
"cũ (clip 0.6/0.4, score_p95)",521,AA_pure,ID,0.348148,ID,1
"cũ (clip 0.6/0.4, score_p95)",522,AA_pure,ID,0.289262,ID,1
"cũ (clip 0.6/0.4, score_p95)",523,AA_pure,ID,0.541314,ID,1
"cũ (clip 0.6/0.4, score_p95)",524,AA_pure,ID,0.152205,ID,1
"cũ (clip 0.6/0.4, score_p95)",525,AA_pure,ID,0.26067,ID,1
"cũ (clip 0.6/0.4, score_p95)",526,AA_pure,ID,0.28123,ID,1
"cũ (clip 0.6/0.4, score_p95)",527,AA_pure,ID,0.217828,ID,1
"cũ (clip 0.6/0.4, score_p95)",528,AA_pure,ID,0.217378,ID,1
"cũ (clip 0.6/0.4, score_p95)",529,AA_pure,ID,0.182445,ID,1
"cũ (clip 0.6/0.4, score_p95)",530,AA_pure,ID,0.290896,ID,1
"cũ (clip 0.6/0.4, score_p95)",531,AA_pure,ID,0.186918,ID,1
"cũ (clip 0.6/0.4, score_p95)",532,AA_pure,ID,0.317642,ID,1
"cũ (clip 0.6/0.4, score_p95)",533,AA_pure,ID,0.277555,ID,1
"cũ (clip 0.6/0.4, score_p95)",534,AA_pure,ID,0.208672,ID,1
"cũ (clip 0.6/0.4, score_p95)",535,AA_pure,ID,0.295702,ID,1
"cũ (clip 0.6/0.4, score_p95)",536,AA_pure,ID,0.236985,ID,1
"cũ (clip 0.6/0.4, score_p95)",537,AA_pure,ID,0.145642,ID,1
"cũ (clip 0.6/0.4, score_p95)",538,AA_pure,ID,0.104275,ID,1
"cũ (clip 0.6/0.4, score_p95)",539,AA_pure,ID,0.6,ID,1
"cũ (clip 0.6/0.4, score_p95)",540,AA_pure,ID,0.173495,ID,1
"cũ (clip 0.6/0.4, score_p95)",541,AA_pure,ID,0.101812,ID,1
"cũ (clip 0.6/0.4, score_p95)",542,AA_pure,ID,0.484017,ID,1
"cũ (clip 0.6/0.4, score_p95)",543,AA_pure,ID,0.226639,ID,1
"cũ (clip 0.6/0.4, score_p95)",544,AA_pure,ID,0.193966,ID,1
"cũ (clip 0.6/0.4, score_p95)",545,AA_pure,ID,0.206244,ID,1
"cũ (clip 0.6/0.4, score_p95)",546,AA_pure,ID,0.131302,ID,1
"cũ (clip 0.6/0.4, score_p95)",547,AA_pure,ID,0.6,ID,1
"cũ (clip 0.6/0.4, score_p95)",548,AA_pure,ID,0.325976,ID,1
"cũ (clip 0.6/0.4, score_p95)",549,AA_pure,ID,0.07817,ID,1
"cũ (clip 0.6/0.4, score_p95)",550,AA_pure,ID,0.166051,ID,1
"cũ (clip 0.6/0.4, score_p95)",551,AA_pure,ID,0.6,ID,1
"cũ (clip 0.6/0.4, score_p95)",552,AA_pure,ID,0.103269,ID,1
"cũ (clip 0.6/0.4, score_p95)",553,AA_pure,ID,0.235383,ID,1
"cũ (clip 0.6/0.4, score_p95)",554,AA_pure,ID,0.11431,ID,1
"cũ (clip 0.6/0.4, score_p95)",555,AA_pure,ID,0.251879,ID,1
"cũ (clip 0.6/0.4, score_p95)",556,AA_pure,ID,0.343055,ID,1
"cũ (clip 0.6/0.4, score_p95)",557,AA_pure,ID,0.161962,ID,1
"cũ (clip 0.6/0.4, score_p95)",558,AA_pure,ID,0.294872,ID,1
"cũ (clip 0.6/0.4, score_p95)",559,AA_pure,ID,0.368535,ID,1
"cũ (clip 0.6/0.4, score_p95)",560,AA_pure,ID,0.344815,ID,1
"cũ (clip 0.6/0.4, score_p95)",561,AA_pure,ID,0.101958,ID,1
"cũ (clip 0.6/0.4, score_p95)",562,AA_pure,ID,0.125422,ID,1
"cũ (clip 0.6/0.4, score_p95)",563,AA_pure,ID,0.199986,ID,1
"cũ (clip 0.6/0.4, score_p95)",564,AA_pure,ID,0.100827,ID,1
"cũ (clip 0.6/0.4, score_p95)",565,AA_pure,ID,0.1259,ID,1
"cũ (clip 0.6/0.4, score_p95)",566,AA_pure,ID,0.321308,ID,1
"cũ (clip 0.6/0.4, score_p95)",567,AA_pure,ID,0.309261,ID,1
"cũ (clip 0.6/0.4, score_p95)",568,AA_pure,ID,0.112723,ID,1
"cũ (clip 0.6/0.4, score_p95)",569,AA_pure,ID,0.251853,ID,1
"cũ (clip 0.6/0.4, score_p95)",570,AA_pure,ID,0.210274,ID,1
"cũ (clip 0.6/0.4, score_p95)",571,AA_pure,ID,0.261548,ID,1
"cũ (clip 0.6/0.4, score_p95)",572,AA_pure,ID,0.34052,ID,1
"cũ (clip 0.6/0.4, score_p95)",573,AA_pure,ID,0.200761,ID,1
"cũ (clip 0.6/0.4, score_p95)",574,AA_pure,ID,0.256179,ID,1
"cũ (clip 0.6/0.4, score_p95)",575,AA_pure,ID,0.302692,ID,1
"cũ (clip 0.6/0.4, score_p95)",576,AA_pure,ID,0.10685,ID,1
"cũ (clip 0.6/0.4, score_p95)",577,AA_pure,ID,0.6,ID,1
"cũ (clip 0.6/0.4, score_p95)",578,AA_pure,ID,0.368609,ID,1
"cũ (clip 0.6/0.4, score_p95)",579,AA_pure,ID,0.198981,ID,1
"cũ (clip 0.6/0.4, score_p95)",580,AA_pure,ID,0.423774,ID,1
"cũ (clip 0.6/0.4, score_p95)",581,AA_pure,ID,0.167783,ID,1
"cũ (clip 0.6/0.4, score_p95)",582,AA_pure,ID,0.6,ID,1
"cũ (clip 0.6/0.4, score_p95)",583,AA_pure,ID,0.14614,ID,1
"cũ (clip 0.6/0.4, score_p95)",584,AA_pure,ID,0.6,ID,1
"cũ (clip 0.6/0.4, score_p95)",585,AA_pure,ID,0.274717,ID,1
"cũ (clip 0.6/0.4, score_p95)",586,AA_pure,ID,0.125215,ID,1
"cũ (clip 0.6/0.4, score_p95)",587,AA_pure,ID,0.173049,ID,1
"cũ (clip 0.6/0.4, score_p95)",588,AA_pure,ID,0.281232,ID,1
"cũ (clip 0.6/0.4, score_p95)",589,AA_pure,ID,0.094707,ID,1
"cũ (clip 0.6/0.4, score_p95)",590,AA_pure,ID,0.244594,ID,1
"cũ (clip 0.6/0.4, score_p95)",591,AA_pure,ID,0.21586,ID,1
"cũ (clip 0.6/0.4, score_p95)",592,AA_pure,ID,0.245866,ID,1
"cũ (clip 0.6/0.4, score_p95)",593,AA_pure,ID,0.191722,ID,1
"cũ (clip 0.6/0.4, score_p95)",594,AA_pure,ID,0.245158,ID,1
"cũ (clip 0.6/0.4, score_p95)",595,AA_pure,ID,0.195162,ID,1
"cũ (clip 0.6/0.4, score_p95)",596,AA_pure,ID,0.6,ID,1
"cũ (clip 0.6/0.4, score_p95)",597,AA_pure,ID,0.274091,ID,1
"cũ (clip 0.6/0.4, score_p95)",598,AA_pure,ID,0.461774,ID,1
"cũ (clip 0.6/0.4, score_p95)",599,AA_pure,ID,0.256522,ID,1
"cũ (clip 0.6/0.4, score_p95)",600,AA_pure,ID,0.364836,ID,1
"cũ (clip 0.6/0.4, score_p95)",601,AA_pure,ID,0.244438,ID,1
"cũ (clip 0.6/0.4, score_p95)",602,AA_pure,ID,0.140112,ID,1
"cũ (clip 0.6/0.4, score_p95)",603,AA_pure,ID,0.362931,ID,1
"cũ (clip 0.6/0.4, score_p95)",604,AA_pure,ID,0.265044,ID,1
"cũ (clip 0.6/0.4, score_p95)",605,AA_pure,ID,0.279612,ID,1
"cũ (clip 0.6/0.4, score_p95)",606,AA_pure,ID,0.251037,ID,1
"cũ (clip 0.6/0.4, score_p95)",607,AA_pure,ID,0.260183,ID,1
"cũ (clip 0.6/0.4, score_p95)",608,AA_pure,ID,0.300716,ID,1
"cũ (clip 0.6/0.4, score_p95)",609,AA_pure,ID,0.270385,ID,1
"cũ (clip 0.6/0.4, score_p95)",610,AA_pure,ID,0.122231,ID,1
"cũ (clip 0.6/0.4, score_p95)",611,AA_pure,ID,0.105034,ID,1
"cũ (clip 0.6/0.4, score_p95)",612,AA_pure,ID,0.382192,ID,1
"cũ (clip 0.6/0.4, score_p95)",613,AA_pure,ID,0.212363,ID,1
"cũ (clip 0.6/0.4, score_p95)",614,AA_pure,ID,0.099909,ID,1
"cũ (clip 0.6/0.4, score_p95)",615,AA_pure,ID,0.116834,ID,1
"cũ (clip 0.6/0.4, score_p95)",616,AA_pure,ID,0.219877,ID,1
"cũ (clip 0.6/0.4, score_p95)",617,AA_pure,ID,0.094909,ID,1
"cũ (clip 0.6/0.4, score_p95)",618,AA_pure,ID,0.183472,ID,1
"cũ (clip 0.6/0.4, score_p95)",619,AA_pure,ID,0.339649,ID,1
"cũ (clip 0.6/0.4, score_p95)",620,AA_pure,ID,0.227869,ID,1
"cũ (clip 0.6/0.4, score_p95)",621,AA_pure,ID,0.175389,ID,1
"cũ (clip 0.6/0.4, score_p95)",622,AA_pure,ID,0.591545,ID,1
"cũ (clip 0.6/0.4, score_p95)",623,AA_pure,ID,0.38612,ID,1
"cũ (clip 0.6/0.4, score_p95)",624,AA_pure,ID,0.313063,ID,1
"cũ (clip 0.6/0.4, score_p95)",625,AA_pure,ID,0.6,ID,1
"cũ (clip 0.6/0.4, score_p95)",626,AA_pure,ID,0.215592,ID,1
"cũ (clip 0.6/0.4, score_p95)",627,AA_pure,ID,0.163355,ID,1
"cũ (clip 0.6/0.4, score_p95)",628,AA_pure,ID,0.238566,ID,1
"cũ (clip 0.6/0.4, score_p95)",629,AA_pure,ID,0.126795,ID,1
"cũ (clip 0.6/0.4, score_p95)",630,AA_pure,ID,0.197522,ID,1
"cũ (clip 0.6/0.4, score_p95)",631,AA_pure,ID,0.101824,ID,1
"cũ (clip 0.6/0.4, score_p95)",632,AA_pure,ID,0.303677,ID,1
"cũ (clip 0.6/0.4, score_p95)",633,AA_pure,ID,0.108193,ID,1
"cũ (clip 0.6/0.4, score_p95)",634,AA_pure,ID,0.138692,ID,1
"cũ (clip 0.6/0.4, score_p95)",635,AA_pure,ID,0.174009,ID,1
"cũ (clip 0.6/0.4, score_p95)",636,AA_pure,ID,0.114663,ID,1
"cũ (clip 0.6/0.4, score_p95)",637,AA_pure,ID,0.162215,ID,1
"cũ (clip 0.6/0.4, score_p95)",638,AA_pure,ID,0.21532,ID,1
"cũ (clip 0.6/0.4, score_p95)",639,AA_pure,ID,0.285258,ID,1
"cũ (clip 0.6/0.4, score_p95)",640,AA_pure,ID,0.289924,ID,1
"cũ (clip 0.6/0.4, score_p95)",641,AA_pure,ID,0.6,ID,1
"cũ (clip 0.6/0.4, score_p95)",642,AA_pure,ID,0.342948,ID,1
"cũ (clip 0.6/0.4, score_p95)",643,AA_pure,ID,0.130448,ID,1
"cũ (clip 0.6/0.4, score_p95)",644,AA_pure,ID,0.126309,ID,1
"cũ (clip 0.6/0.4, score_p95)",645,AA_pure,ID,0.179269,ID,1
"cũ (clip 0.6/0.4, score_p95)",646,AA_pure,ID,0.242454,ID,1
"cũ (clip 0.6/0.4, score_p95)",647,AA_pure,ID,0.592704,ID,1
"cũ (clip 0.6/0.4, score_p95)",648,AA_pure,ID,0.337348,ID,1
"cũ (clip 0.6/0.4, score_p95)",649,AA_pure,ID,0.176686,ID,1
"cũ (clip 0.6/0.4, score_p95)",650,AA_pure,ID,0.6,ID,1
"cũ (clip 0.6/0.4, score_p95)",651,AA_pure,ID,0.186895,ID,1
"cũ (clip 0.6/0.4, score_p95)",652,AA_pure,ID,0.135978,ID,1
"cũ (clip 0.6/0.4, score_p95)",653,AA_pure,ID,0.294828,ID,1
"cũ (clip 0.6/0.4, score_p95)",654,AA_pure,ID,0.170404,ID,1
"cũ (clip 0.6/0.4, score_p95)",655,AA_pure,ID,0.293221,ID,1
"cũ (clip 0.6/0.4, score_p95)",656,AA_pure,ID,0.103247,ID,1
"cũ (clip 0.6/0.4, score_p95)",657,AA_pure,ID,0.233005,ID,1
"cũ (clip 0.6/0.4, score_p95)",658,AA_pure,ID,0.18546,ID,1
"cũ (clip 0.6/0.4, score_p95)",659,AA_pure,ID,0.165987,ID,1
"cũ (clip 0.6/0.4, score_p95)",660,AA_pure,ID,0.21386,ID,1
"cũ (clip 0.6/0.4, score_p95)",661,AA_pure,ID,0.137056,ID,1
"cũ (clip 0.6/0.4, score_p95)",662,AA_pure,ID,0.128949,ID,1
"cũ (clip 0.6/0.4, score_p95)",663,AA_pure,ID,0.152463,ID,1
"cũ (clip 0.6/0.4, score_p95)",664,AA_pure,ID,0.578523,ID,1
"cũ (clip 0.6/0.4, score_p95)",665,AA_pure,ID,0.267881,ID,1
"cũ (clip 0.6/0.4, score_p95)",666,AA_pure,ID,0.165851,ID,1
"cũ (clip 0.6/0.4, score_p95)",667,AA_pure,ID,0.23472,ID,1
"cũ (clip 0.6/0.4, score_p95)",668,AA_pure,ID,0.232008,ID,1
"cũ (clip 0.6/0.4, score_p95)",669,AA_pure,ID,0.159658,ID,1
"cũ (clip 0.6/0.4, score_p95)",670,AA_pure,ID,0.18774,ID,1
"cũ (clip 0.6/0.4, score_p95)",671,AA_pure,ID,0.6,ID,1
"cũ (clip 0.6/0.4, score_p95)",672,AA_pure,ID,0.267054,ID,1
"cũ (clip 0.6/0.4, score_p95)",673,AA_pure,ID,0.224753,ID,1
"cũ (clip 0.6/0.4, score_p95)",674,AA_pure,ID,0.100956,ID,1
"cũ (clip 0.6/0.4, score_p95)",675,AA_pure,ID,0.170314,ID,1
"cũ (clip 0.6/0.4, score_p95)",676,AA_pure,ID,0.362668,ID,1
"cũ (clip 0.6/0.4, score_p95)",677,AA_pure,ID,0.564242,ID,1
"cũ (clip 0.6/0.4, score_p95)",678,AA_pure,ID,0.252585,ID,1
"cũ (clip 0.6/0.4, score_p95)",679,AA_pure,ID,0.493422,ID,1
"cũ (clip 0.6/0.4, score_p95)",680,AA_pure,ID,0.214917,ID,1
"cũ (clip 0.6/0.4, score_p95)",681,AA_pure,ID,0.155761,ID,1
"cũ (clip 0.6/0.4, score_p95)",682,AA_pure,ID,0.183841,ID,1
"cũ (clip 0.6/0.4, score_p95)",683,AA_pure,ID,0.342865,ID,1
"cũ (clip 0.6/0.4, score_p95)",684,AA_pure,ID,0.257251,ID,1
"cũ (clip 0.6/0.4, score_p95)",685,AA_pure,ID,0.6,ID,1
"cũ (clip 0.6/0.4, score_p95)",686,AA_pure,ID,0.277548,ID,1
"cũ (clip 0.6/0.4, score_p95)",687,AA_pure,ID,0.101412,ID,1
"cũ (clip 0.6/0.4, score_p95)",688,AA_pure,ID,0.384055,ID,1
"cũ (clip 0.6/0.4, score_p95)",689,AA_pure,ID,0.17246,ID,1
"cũ (clip 0.6/0.4, score_p95)",690,AA_pure,ID,0.355941,ID,1
"cũ (clip 0.6/0.4, score_p95)",691,AA_pure,ID,0.403923,ID,1
"cũ (clip 0.6/0.4, score_p95)",692,AA_pure,ID,0.189228,ID,1
"cũ (clip 0.6/0.4, score_p95)",693,AA_pure,ID,0.182523,ID,1
"cũ (clip 0.6/0.4, score_p95)",694,AA_pure,ID,0.258292,ID,1
"cũ (clip 0.6/0.4, score_p95)",695,AA_pure,ID,0.463519,ID,1
"cũ (clip 0.6/0.4, score_p95)",696,AA_pure,ID,0.233515,ID,1
"cũ (clip 0.6/0.4, score_p95)",697,AA_pure,ID,0.147388,ID,1
"cũ (clip 0.6/0.4, score_p95)",698,AA_pure,ID,0.100314,ID,1
"cũ (clip 0.6/0.4, score_p95)",699,AA_pure,ID,0.381194,ID,1
"cũ (clip 0.6/0.4, score_p95)",700,AA_pure,ID,0.136478,ID,1
"cũ (clip 0.6/0.4, score_p95)",701,AA_pure,ID,0.368129,ID,1
"cũ (clip 0.6/0.4, score_p95)",702,AA_pure,ID,0.6,ID,1
"cũ (clip 0.6/0.4, score_p95)",703,AA_pure,ID,0.248841,ID,1
"cũ (clip 0.6/0.4, score_p95)",704,AA_pure,ID,0.132207,ID,1
"cũ (clip 0.6/0.4, score_p95)",705,AA_pure,ID,0.17614,ID,1
"cũ (clip 0.6/0.4, score_p95)",706,AA_pure,ID,0.591173,ID,1
"cũ (clip 0.6/0.4, score_p95)",707,AA_pure,ID,0.6,ID,1
"cũ (clip 0.6/0.4, score_p95)",708,AA_pure,ID,0.264077,ID,1
"cũ (clip 0.6/0.4, score_p95)",709,AA_pure,ID,0.261416,ID,1
"cũ (clip 0.6/0.4, score_p95)",710,AA_pure,ID,0.6,ID,1
"cũ (clip 0.6/0.4, score_p95)",711,AA_pure,ID,0.350559,ID,1
"cũ (clip 0.6/0.4, score_p95)",712,AA_pure,ID,0.106658,ID,1
"cũ (clip 0.6/0.4, score_p95)",713,AA_pure,ID,0.240187,ID,1
"cũ (clip 0.6/0.4, score_p95)",714,AA_pure,ID,0.284223,ID,1
"cũ (clip 0.6/0.4, score_p95)",715,AA_pure,ID,0.156804,ID,1
"cũ (clip 0.6/0.4, score_p95)",716,AA_pure,ID,0.331017,ID,1
"cũ (clip 0.6/0.4, score_p95)",717,AA_pure,ID,0.284114,ID,1
"cũ (clip 0.6/0.4, score_p95)",718,AA_pure,ID,0.234613,ID,1
"cũ (clip 0.6/0.4, score_p95)",719,AA_pure,ID,0.165855,ID,1
"cũ (clip 0.6/0.4, score_p95)",720,AA_pure,ID,0.406747,ID,1
"cũ (clip 0.6/0.4, score_p95)",721,AA_pure,ID,0.41657,ID,1
"cũ (clip 0.6/0.4, score_p95)",722,AA_pure,ID,0.463037,ID,1
"cũ (clip 0.6/0.4, score_p95)",723,AA_pure,ID,0.6,ID,1
"cũ (clip 0.6/0.4, score_p95)",724,AA_pure,ID,0.155087,ID,1
"cũ (clip 0.6/0.4, score_p95)",725,AA_pure,ID,0.184429,ID,1
"cũ (clip 0.6/0.4, score_p95)",726,AA_pure,ID,0.206295,ID,1
"cũ (clip 0.6/0.4, score_p95)",727,AA_pure,ID,0.508121,ID,1
"cũ (clip 0.6/0.4, score_p95)",728,AA_pure,ID,0.190898,ID,1
"cũ (clip 0.6/0.4, score_p95)",729,AA_pure,ID,0.355737,ID,1
"cũ (clip 0.6/0.4, score_p95)",730,AA_pure,ID,0.134109,ID,1
"cũ (clip 0.6/0.4, score_p95)",731,AA_pure,ID,0.304849,ID,1
"cũ (clip 0.6/0.4, score_p95)",732,AA_pure,ID,0.31206,ID,1
"cũ (clip 0.6/0.4, score_p95)",733,AA_pure,ID,0.191142,ID,1
"cũ (clip 0.6/0.4, score_p95)",734,AA_pure,ID,0.148373,ID,1
"cũ (clip 0.6/0.4, score_p95)",735,AA_pure,ID,0.103587,ID,1
"cũ (clip 0.6/0.4, score_p95)",736,AA_pure,ID,0.423306,ID,1
"cũ (clip 0.6/0.4, score_p95)",737,AA_pure,ID,0.097117,ID,1
"cũ (clip 0.6/0.4, score_p95)",738,AA_pure,ID,0.188261,ID,1
"cũ (clip 0.6/0.4, score_p95)",739,AA_pure,ID,0.114707,ID,1
"cũ (clip 0.6/0.4, score_p95)",740,AA_pure,ID,0.167392,ID,1
"cũ (clip 0.6/0.4, score_p95)",741,AA_pure,ID,0.281749,ID,1
"cũ (clip 0.6/0.4, score_p95)",742,AA_pure,ID,0.064384,ID,1
"cũ (clip 0.6/0.4, score_p95)",743,AA_pure,ID,0.103996,ID,1
"cũ (clip 0.6/0.4, score_p95)",744,AA_pure,ID,0.366396,ID,1
"cũ (clip 0.6/0.4, score_p95)",745,AA_pure,ID,0.55595,ID,1
"cũ (clip 0.6/0.4, score_p95)",746,AA_pure,ID,0.169957,ID,1
"cũ (clip 0.6/0.4, score_p95)",747,AA_pure,ID,0.332404,ID,1
"cũ (clip 0.6/0.4, score_p95)",748,AA_pure,ID,0.302604,ID,1
"cũ (clip 0.6/0.4, score_p95)",749,AA_pure,ID,0.129915,ID,1
"cũ (clip 0.6/0.4, score_p95)",750,AA_pure,ID,0.198383,ID,1
"cũ (clip 0.6/0.4, score_p95)",751,AA_pure,ID,0.217946,ID,1
"cũ (clip 0.6/0.4, score_p95)",752,AA_pure,ID,0.298396,ID,1
"cũ (clip 0.6/0.4, score_p95)",753,AA_pure,ID,0.272801,ID,1
"cũ (clip 0.6/0.4, score_p95)",754,AA_pure,ID,0.230839,ID,1
"cũ (clip 0.6/0.4, score_p95)",755,AA_pure,ID,0.263302,ID,1
"cũ (clip 0.6/0.4, score_p95)",756,AA_pure,ID,0.373506,ID,1
"cũ (clip 0.6/0.4, score_p95)",757,AA_pure,ID,0.129572,ID,1
"cũ (clip 0.6/0.4, score_p95)",758,AA_pure,ID,0.435316,ID,1
"cũ (clip 0.6/0.4, score_p95)",759,AA_pure,ID,0.290553,ID,1
"cũ (clip 0.6/0.4, score_p95)",760,AA_pure,ID,0.16944,ID,1
"cũ (clip 0.6/0.4, score_p95)",761,AA_pure,ID,0.260587,ID,1
"cũ (clip 0.6/0.4, score_p95)",762,AA_pure,ID,0.137403,ID,1
"cũ (clip 0.6/0.4, score_p95)",763,AA_pure,ID,0.244117,ID,1
"cũ (clip 0.6/0.4, score_p95)",764,AA_pure,ID,0.217413,ID,1
"cũ (clip 0.6/0.4, score_p95)",765,AA_pure,ID,0.104746,ID,1
"cũ (clip 0.6/0.4, score_p95)",766,AA_pure,ID,0.22336,ID,1
"cũ (clip 0.6/0.4, score_p95)",767,AA_pure,ID,0.330603,ID,1
"cũ (clip 0.6/0.4, score_p95)",768,AA_pure,ID,0.094766,ID,1
"cũ (clip 0.6/0.4, score_p95)",769,AA_pure,ID,0.541485,ID,1
"cũ (clip 0.6/0.4, score_p95)",770,AA_pure,ID,0.205033,ID,1
"cũ (clip 0.6/0.4, score_p95)",771,AA_pure,ID,0.199115,ID,1
"cũ (clip 0.6/0.4, score_p95)",772,AA_pure,ID,0.276795,ID,1
"cũ (clip 0.6/0.4, score_p95)",773,AA_pure,ID,0.147516,ID,1
"cũ (clip 0.6/0.4, score_p95)",774,AA_pure,ID,0.239923,ID,1
"cũ (clip 0.6/0.4, score_p95)",775,AA_pure,ID,0.410272,ID,1
"cũ (clip 0.6/0.4, score_p95)",776,AA_pure,ID,0.172951,ID,1
"cũ (clip 0.6/0.4, score_p95)",777,AA_pure,ID,0.098031,ID,1
"cũ (clip 0.6/0.4, score_p95)",778,AA_pure,ID,0.107392,ID,1
"cũ (clip 0.6/0.4, score_p95)",779,AA_pure,ID,0.228773,ID,1
"cũ (clip 0.6/0.4, score_p95)",780,AA_pure,ID,0.197338,ID,1
"cũ (clip 0.6/0.4, score_p95)",781,AA_pure,ID,0.116084,ID,1
"cũ (clip 0.6/0.4, score_p95)",782,AA_pure,ID,0.078353,ID,1
"cũ (clip 0.6/0.4, score_p95)",783,AA_pure,ID,0.161927,ID,1
"cũ (clip 0.6/0.4, score_p95)",784,AA_pure,ID,0.109742,ID,1
"cũ (clip 0.6/0.4, score_p95)",785,AA_pure,ID,0.287519,ID,1
"cũ (clip 0.6/0.4, score_p95)",786,AA_pure,ID,0.096749,ID,1
"cũ (clip 0.6/0.4, score_p95)",787,AA_pure,ID,0.286141,ID,1
"cũ (clip 0.6/0.4, score_p95)",788,AA_pure,ID,0.237188,ID,1
"cũ (clip 0.6/0.4, score_p95)",789,AA_pure,ID,0.270406,ID,1
"cũ (clip 0.6/0.4, score_p95)",790,AA_pure,ID,0.458812,ID,1
"cũ (clip 0.6/0.4, score_p95)",791,AA_pure,ID,0.252991,ID,1
"cũ (clip 0.6/0.4, score_p95)",792,AA_pure,ID,0.389658,ID,1
"cũ (clip 0.6/0.4, score_p95)",793,AA_pure,ID,0.184691,ID,1
"cũ (clip 0.6/0.4, score_p95)",794,AA_pure,ID,0.208584,ID,1
"cũ (clip 0.6/0.4, score_p95)",795,AA_pure,ID,0.391356,ID,1
"cũ (clip 0.6/0.4, score_p95)",796,AA_pure,ID,0.105686,ID,1
"cũ (clip 0.6/0.4, score_p95)",797,AA_pure,ID,0.213901,ID,1
"cũ (clip 0.6/0.4, score_p95)",798,AA_pure,ID,0.372301,ID,1
"cũ (clip 0.6/0.4, score_p95)",799,AA_pure,ID,0.150411,ID,1
"cũ (clip 0.6/0.4, score_p95)",800,AA_pure,ID,0.235962,ID,1
"cũ (clip 0.6/0.4, score_p95)",801,AA_pure,ID,0.297448,ID,1
"cũ (clip 0.6/0.4, score_p95)",802,AA_pure,ID,0.370101,ID,1
"cũ (clip 0.6/0.4, score_p95)",803,AA_pure,ID,0.141588,ID,1
"cũ (clip 0.6/0.4, score_p95)",804,AA_pure,ID,0.245211,ID,1
"cũ (clip 0.6/0.4, score_p95)",805,AA_pure,ID,0.17578,ID,1
"cũ (clip 0.6/0.4, score_p95)",806,AA_pure,ID,0.092052,ID,1
"cũ (clip 0.6/0.4, score_p95)",807,AA_pure,ID,0.168175,ID,1
"cũ (clip 0.6/0.4, score_p95)",808,AA_pure,ID,0.174002,ID,1
"cũ (clip 0.6/0.4, score_p95)",809,AA_pure,ID,0.6,ID,1
"cũ (clip 0.6/0.4, score_p95)",810,AA_pure,ID,0.165632,ID,1
"cũ (clip 0.6/0.4, score_p95)",811,AA_pure,ID,0.257146,ID,1
"cũ (clip 0.6/0.4, score_p95)",812,AA_pure,ID,0.106094,ID,1
"cũ (clip 0.6/0.4, score_p95)",813,AA_pure,ID,0.328439,ID,1
"cũ (clip 0.6/0.4, score_p95)",814,AA_pure,ID,0.245045,ID,1
"cũ (clip 0.6/0.4, score_p95)",815,AA_pure,ID,0.6,ID,1
"cũ (clip 0.6/0.4, score_p95)",816,AA_pure,ID,0.373027,ID,1
"cũ (clip 0.6/0.4, score_p95)",817,AA_pure,ID,0.309167,ID,1
"cũ (clip 0.6/0.4, score_p95)",818,AA_pure,ID,0.256206,ID,1
"cũ (clip 0.6/0.4, score_p95)",819,AA_pure,ID,0.381383,ID,1
"cũ (clip 0.6/0.4, score_p95)",820,AA_pure,ID,0.124328,ID,1
"cũ (clip 0.6/0.4, score_p95)",821,AA_pure,ID,0.132888,ID,1
"cũ (clip 0.6/0.4, score_p95)",822,AA_pure,ID,0.380127,ID,1
"cũ (clip 0.6/0.4, score_p95)",823,AA_pure,ID,0.382596,ID,1
"cũ (clip 0.6/0.4, score_p95)",824,AA_pure,ID,0.126533,ID,1
"cũ (clip 0.6/0.4, score_p95)",825,AA_pure,ID,0.086378,ID,1
"cũ (clip 0.6/0.4, score_p95)",826,AA_pure,ID,0.192235,ID,1
"cũ (clip 0.6/0.4, score_p95)",827,AA_pure,ID,0.191748,ID,1
"cũ (clip 0.6/0.4, score_p95)",828,AA_pure,ID,0.099011,ID,1
"cũ (clip 0.6/0.4, score_p95)",829,AA_pure,ID,0.250988,ID,1
"cũ (clip 0.6/0.4, score_p95)",830,AA_pure,ID,0.35862,ID,1
"cũ (clip 0.6/0.4, score_p95)",831,AA_pure,ID,0.075144,ID,1
"cũ (clip 0.6/0.4, score_p95)",832,AA_pure,ID,0.101466,ID,1
"cũ (clip 0.6/0.4, score_p95)",833,AA_pure,ID,0.140158,ID,1
"cũ (clip 0.6/0.4, score_p95)",834,AA_pure,ID,0.276472,ID,1
"cũ (clip 0.6/0.4, score_p95)",835,AA_pure,ID,0.381869,ID,1
"cũ (clip 0.6/0.4, score_p95)",836,AA_pure,ID,0.261964,ID,1
"cũ (clip 0.6/0.4, score_p95)",837,AA_pure,ID,0.237513,ID,1
"cũ (clip 0.6/0.4, score_p95)",838,AA_pure,ID,0.1642,ID,1
"cũ (clip 0.6/0.4, score_p95)",839,AA_pure,ID,0.183555,ID,1
"cũ (clip 0.6/0.4, score_p95)",840,AA_pure,ID,0.331335,ID,1
"cũ (clip 0.6/0.4, score_p95)",841,AA_pure,ID,0.6,ID,1
"cũ (clip 0.6/0.4, score_p95)",842,AA_pure,ID,0.313178,ID,1
"cũ (clip 0.6/0.4, score_p95)",843,AA_pure,ID,0.410496,ID,1
"cũ (clip 0.6/0.4, score_p95)",844,AA_pure,ID,0.386904,ID,1
"cũ (clip 0.6/0.4, score_p95)",845,AA_pure,ID,0.123791,ID,1
"cũ (clip 0.6/0.4, score_p95)",846,AA_pure,ID,0.6,ID,1
"cũ (clip 0.6/0.4, score_p95)",847,AA_pure,ID,0.195897,ID,1
"cũ (clip 0.6/0.4, score_p95)",848,AA_pure,ID,0.080673,ID,1
"cũ (clip 0.6/0.4, score_p95)",849,AA_pure,ID,0.148248,ID,1
"cũ (clip 0.6/0.4, score_p95)",850,AA_pure,ID,0.23136,ID,1
"cũ (clip 0.6/0.4, score_p95)",851,AA_pure,ID,0.082953,ID,1
"cũ (clip 0.6/0.4, score_p95)",852,AA_pure,ID,0.224302,ID,1
"cũ (clip 0.6/0.4, score_p95)",853,AA_pure,ID,0.142487,ID,1
"cũ (clip 0.6/0.4, score_p95)",854,AA_pure,ID,0.366629,ID,1
"cũ (clip 0.6/0.4, score_p95)",855,AA_pure,ID,0.117493,ID,1
"cũ (clip 0.6/0.4, score_p95)",856,AA_pure,ID,0.21224,ID,1
"cũ (clip 0.6/0.4, score_p95)",857,AA_pure,ID,0.435893,ID,1
"cũ (clip 0.6/0.4, score_p95)",858,AA_pure,ID,0.15113,ID,1
"cũ (clip 0.6/0.4, score_p95)",859,AA_pure,ID,0.12832,ID,1
"cũ (clip 0.6/0.4, score_p95)",860,AA_pure,ID,0.247808,ID,1
"cũ (clip 0.6/0.4, score_p95)",861,AA_pure,ID,0.31576,ID,1
"cũ (clip 0.6/0.4, score_p95)",862,AA_pure,ID,0.271327,ID,1
"cũ (clip 0.6/0.4, score_p95)",863,AA_pure,ID,0.222935,ID,1
"cũ (clip 0.6/0.4, score_p95)",864,AA_pure,ID,0.196821,ID,1
"cũ (clip 0.6/0.4, score_p95)",865,AA_pure,ID,0.391167,ID,1
"cũ (clip 0.6/0.4, score_p95)",866,AA_pure,ID,0.595977,ID,1
"cũ (clip 0.6/0.4, score_p95)",867,AA_pure,ID,0.163103,ID,1
"cũ (clip 0.6/0.4, score_p95)",868,AA_pure,ID,0.22901,ID,1
"cũ (clip 0.6/0.4, score_p95)",869,AA_pure,ID,0.257738,ID,1
"cũ (clip 0.6/0.4, score_p95)",870,AA_pure,ID,0.32905,ID,1
"cũ (clip 0.6/0.4, score_p95)",871,AA_pure,ID,0.153876,ID,1
"cũ (clip 0.6/0.4, score_p95)",872,AA_pure,ID,0.242354,ID,1
"cũ (clip 0.6/0.4, score_p95)",873,AA_pure,ID,0.383973,ID,1
"cũ (clip 0.6/0.4, score_p95)",874,AA_pure,ID,0.087507,ID,1
"cũ (clip 0.6/0.4, score_p95)",875,AA_pure,ID,0.141746,ID,1
"cũ (clip 0.6/0.4, score_p95)",876,AA_pure,ID,0.11903,ID,1
"cũ (clip 0.6/0.4, score_p95)",877,AA_pure,ID,0.112241,ID,1
"cũ (clip 0.6/0.4, score_p95)",878,AA_pure,ID,0.248797,ID,1
"cũ (clip 0.6/0.4, score_p95)",879,AA_pure,ID,0.342216,ID,1
"cũ (clip 0.6/0.4, score_p95)",880,AA_pure,ID,0.511299,ID,1
"cũ (clip 0.6/0.4, score_p95)",881,AA_pure,ID,0.6,ID,1
"cũ (clip 0.6/0.4, score_p95)",882,AA_pure,ID,0.186627,ID,1
"cũ (clip 0.6/0.4, score_p95)",883,AA_pure,ID,0.20665,ID,1
"cũ (clip 0.6/0.4, score_p95)",884,AA_pure,ID,0.406528,ID,1
"cũ (clip 0.6/0.4, score_p95)",885,AA_pure,ID,0.107453,ID,1
"cũ (clip 0.6/0.4, score_p95)",886,AA_pure,ID,0.30809,ID,1
"cũ (clip 0.6/0.4, score_p95)",887,AA_pure,ID,0.343983,ID,1
"cũ (clip 0.6/0.4, score_p95)",888,AA_pure,ID,0.240144,ID,1
"cũ (clip 0.6/0.4, score_p95)",889,AA_pure,ID,0.289965,ID,1
"cũ (clip 0.6/0.4, score_p95)",890,AA_pure,ID,0.215657,ID,1
"cũ (clip 0.6/0.4, score_p95)",891,AA_pure,ID,0.202815,ID,1
"cũ (clip 0.6/0.4, score_p95)",892,AA_pure,ID,0.381521,ID,1
"cũ (clip 0.6/0.4, score_p95)",893,AA_pure,ID,0.193411,ID,1
"cũ (clip 0.6/0.4, score_p95)",894,AA_pure,ID,0.218598,ID,1
"cũ (clip 0.6/0.4, score_p95)",895,AA_pure,ID,0.364079,ID,1
"cũ (clip 0.6/0.4, score_p95)",896,AA_pure,ID,0.467033,ID,1
"cũ (clip 0.6/0.4, score_p95)",897,AA_pure,ID,0.095455,ID,1
"cũ (clip 0.6/0.4, score_p95)",898,AA_pure,ID,0.211969,ID,1
"cũ (clip 0.6/0.4, score_p95)",899,AA_pure,ID,0.301657,ID,1
"cũ (clip 0.6/0.4, score_p95)",900,AA_pure,ID,0.180221,ID,1
"cũ (clip 0.6/0.4, score_p95)",901,AA_pure,ID,0.138023,ID,1
"cũ (clip 0.6/0.4, score_p95)",902,AA_pure,ID,0.329349,ID,1
"cũ (clip 0.6/0.4, score_p95)",903,AA_pure,ID,0.096546,ID,1
"cũ (clip 0.6/0.4, score_p95)",904,AA_pure,ID,0.098221,ID,1
"cũ (clip 0.6/0.4, score_p95)",905,AA_pure,ID,0.256928,ID,1
"cũ (clip 0.6/0.4, score_p95)",906,AA_pure,ID,0.269957,ID,1
"cũ (clip 0.6/0.4, score_p95)",907,AA_pure,ID,0.157947,ID,1
"cũ (clip 0.6/0.4, score_p95)",908,AA_pure,ID,0.325337,ID,1
"cũ (clip 0.6/0.4, score_p95)",909,AA_pure,ID,0.323209,ID,1
"cũ (clip 0.6/0.4, score_p95)",910,AA_pure,ID,0.17775,ID,1
"cũ (clip 0.6/0.4, score_p95)",911,AA_pure,ID,0.387708,ID,1
"cũ (clip 0.6/0.4, score_p95)",912,AA_pure,ID,0.457854,ID,1
"cũ (clip 0.6/0.4, score_p95)",913,AA_pure,ID,0.139402,ID,1
"cũ (clip 0.6/0.4, score_p95)",914,AA_pure,ID,0.081548,ID,1
"cũ (clip 0.6/0.4, score_p95)",915,AA_pure,ID,0.149047,ID,1
"cũ (clip 0.6/0.4, score_p95)",916,AA_pure,ID,0.197351,ID,1
"cũ (clip 0.6/0.4, score_p95)",917,AA_pure,ID,0.229022,ID,1
"cũ (clip 0.6/0.4, score_p95)",918,AA_pure,ID,0.094359,ID,1
"cũ (clip 0.6/0.4, score_p95)",919,AA_pure,ID,0.232899,ID,1
"cũ (clip 0.6/0.4, score_p95)",920,AA_pure,ID,0.133861,ID,1
"cũ (clip 0.6/0.4, score_p95)",921,AA_pure,ID,0.185362,ID,1
"cũ (clip 0.6/0.4, score_p95)",922,AA_pure,ID,0.573293,ID,1
"cũ (clip 0.6/0.4, score_p95)",923,AA_pure,ID,0.353717,ID,1
"cũ (clip 0.6/0.4, score_p95)",924,AA_pure,ID,0.200854,ID,1
"cũ (clip 0.6/0.4, score_p95)",925,AA_pure,ID,0.12675,ID,1
"cũ (clip 0.6/0.4, score_p95)",926,AA_pure,ID,0.466724,ID,1
"cũ (clip 0.6/0.4, score_p95)",927,AA_pure,ID,0.134165,ID,1
"cũ (clip 0.6/0.4, score_p95)",928,AA_pure,ID,0.6,ID,1
"cũ (clip 0.6/0.4, score_p95)",929,AA_pure,ID,0.171728,ID,1
"cũ (clip 0.6/0.4, score_p95)",930,AA_pure,ID,0.183224,ID,1
"cũ (clip 0.6/0.4, score_p95)",931,AA_pure,ID,0.211417,ID,1
"cũ (clip 0.6/0.4, score_p95)",932,AA_pure,ID,0.208651,ID,1
"cũ (clip 0.6/0.4, score_p95)",933,AA_pure,ID,0.154333,ID,1
"cũ (clip 0.6/0.4, score_p95)",934,AA_pure,ID,0.124953,ID,1
"cũ (clip 0.6/0.4, score_p95)",935,AA_pure,ID,0.320548,ID,1
"cũ (clip 0.6/0.4, score_p95)",936,AA_pure,ID,0.137181,ID,1
"cũ (clip 0.6/0.4, score_p95)",937,AA_pure,ID,0.233592,ID,1
"cũ (clip 0.6/0.4, score_p95)",938,AA_pure,ID,0.32485,ID,1
"cũ (clip 0.6/0.4, score_p95)",939,AA_pure,ID,0.337893,ID,1
"cũ (clip 0.6/0.4, score_p95)",940,AA_pure,ID,0.271516,ID,1
"cũ (clip 0.6/0.4, score_p95)",941,AA_pure,ID,0.243147,ID,1
"cũ (clip 0.6/0.4, score_p95)",942,AA_pure,ID,0.17999,ID,1
"cũ (clip 0.6/0.4, score_p95)",943,AA_pure,ID,0.180771,ID,1
"cũ (clip 0.6/0.4, score_p95)",944,AA_pure,ID,0.116275,ID,1
"cũ (clip 0.6/0.4, score_p95)",945,AA_pure,ID,0.386043,ID,1
"cũ (clip 0.6/0.4, score_p95)",946,AA_pure,ID,0.307991,ID,1
"cũ (clip 0.6/0.4, score_p95)",947,AA_pure,ID,0.115315,ID,1
"cũ (clip 0.6/0.4, score_p95)",948,AA_pure,ID,0.179802,ID,1
"cũ (clip 0.6/0.4, score_p95)",949,AA_pure,ID,0.33312,ID,1
"cũ (clip 0.6/0.4, score_p95)",950,AA_pure,ID,0.151005,ID,1
"cũ (clip 0.6/0.4, score_p95)",951,AA_pure,ID,0.243686,ID,1
"cũ (clip 0.6/0.4, score_p95)",952,AA_pure,ID,0.188344,ID,1
"cũ (clip 0.6/0.4, score_p95)",953,AA_pure,ID,0.215865,ID,1
"cũ (clip 0.6/0.4, score_p95)",954,AA_pure,ID,0.138687,ID,1
"cũ (clip 0.6/0.4, score_p95)",955,AA_pure,ID,0.22747,ID,1
"cũ (clip 0.6/0.4, score_p95)",956,AA_pure,ID,0.172821,ID,1
"cũ (clip 0.6/0.4, score_p95)",957,AA_pure,ID,0.230878,ID,1
"cũ (clip 0.6/0.4, score_p95)",958,AA_pure,ID,0.6,ID,1
"cũ (clip 0.6/0.4, score_p95)",959,AA_pure,ID,0.261344,ID,1
"cũ (clip 0.6/0.4, score_p95)",960,AA_pure,ID,0.274617,ID,1
"cũ (clip 0.6/0.4, score_p95)",961,AA_pure,ID,0.200095,ID,1
"cũ (clip 0.6/0.4, score_p95)",962,AA_pure,ID,0.209081,ID,1
"cũ (clip 0.6/0.4, score_p95)",963,AA_pure,ID,0.533062,ID,1
"cũ (clip 0.6/0.4, score_p95)",964,AA_pure,ID,0.138779,ID,1
"cũ (clip 0.6/0.4, score_p95)",965,AA_pure,ID,0.105782,ID,1
"cũ (clip 0.6/0.4, score_p95)",966,AA_pure,ID,0.6,ID,1
"cũ (clip 0.6/0.4, score_p95)",967,AA_pure,ID,0.221264,ID,1
"cũ (clip 0.6/0.4, score_p95)",968,AA_pure,ID,0.107991,ID,1
"cũ (clip 0.6/0.4, score_p95)",969,AA_pure,ID,0.449658,ID,1
"cũ (clip 0.6/0.4, score_p95)",970,AA_pure,ID,0.546296,ID,1
"cũ (clip 0.6/0.4, score_p95)",971,AA_pure,ID,0.130803,ID,1
"cũ (clip 0.6/0.4, score_p95)",972,AA_pure,ID,0.326763,ID,1
"cũ (clip 0.6/0.4, score_p95)",0,AAM_mineral_rich,OOD,0.481039,ID,0
"cũ (clip 0.6/0.4, score_p95)",1,AAM_mineral_rich,OOD,0.6,ID,0
"cũ (clip 0.6/0.4, score_p95)",2,AAM_mineral_rich,OOD,0.6,ID,0
"cũ (clip 0.6/0.4, score_p95)",3,AAM_mineral_rich,OOD,0.6,ID,0
"cũ (clip 0.6/0.4, score_p95)",4,AAM_mineral_rich,OOD,0.6,ID,0
"cũ (clip 0.6/0.4, score_p95)",5,AAM_mineral_rich,OOD,0.6,ID,0
"cũ (clip 0.6/0.4, score_p95)",6,AAM_mineral_rich,OOD,0.6,ID,0
"cũ (clip 0.6/0.4, score_p95)",7,AAM_mineral_rich,OOD,0.6,ID,0
"cũ (clip 0.6/0.4, score_p95)",8,AAM_mineral_rich,OOD,0.6,ID,0
"cũ (clip 0.6/0.4, score_p95)",9,AAM_mineral_rich,OOD,0.462159,ID,0
"cũ (clip 0.6/0.4, score_p95)",10,AAM_mineral_rich,OOD,0.6,ID,0
"cũ (clip 0.6/0.4, score_p95)",11,AAM_mineral_rich,OOD,0.6,ID,0
"cũ (clip 0.6/0.4, score_p95)",12,AAM_mineral_rich,OOD,0.6,ID,0
"cũ (clip 0.6/0.4, score_p95)",13,AAM_mineral_rich,OOD,0.6,ID,0
"cũ (clip 0.6/0.4, score_p95)",14,AAM_mineral_rich,OOD,0.6,ID,0
"cũ (clip 0.6/0.4, score_p95)",15,AAM_mineral_rich,OOD,0.6,ID,0
"cũ (clip 0.6/0.4, score_p95)",16,AAM_mineral_rich,OOD,0.6,ID,0
"cũ (clip 0.6/0.4, score_p95)",17,AAM_mineral_rich,OOD,0.6,ID,0
"cũ (clip 0.6/0.4, score_p95)",18,AAM_mineral_rich,OOD,0.6,ID,0
"cũ (clip 0.6/0.4, score_p95)",19,AAM_mineral_rich,OOD,0.6,ID,0
"cũ (clip 0.6/0.4, score_p95)",20,AAM_mineral_rich,OOD,0.6,ID,0
"cũ (clip 0.6/0.4, score_p95)",21,AAM_mineral_rich,OOD,0.6,ID,0
"cũ (clip 0.6/0.4, score_p95)",22,AAM_mineral_rich,OOD,0.6,ID,0
"cũ (clip 0.6/0.4, score_p95)",23,AAM_mineral_rich,OOD,0.6,ID,0
"cũ (clip 0.6/0.4, score_p95)",24,AAM_mineral_rich,OOD,0.6,ID,0
"cũ (clip 0.6/0.4, score_p95)",25,AAM_mineral_rich,OOD,0.6,ID,0
"cũ (clip 0.6/0.4, score_p95)",26,AAM_mineral_rich,OOD,0.6,ID,0
"cũ (clip 0.6/0.4, score_p95)",27,AAM_mineral_rich,OOD,0.326389,ID,0
"cũ (clip 0.6/0.4, score_p95)",28,AAM_mineral_rich,OOD,0.6,ID,0
"cũ (clip 0.6/0.4, score_p95)",29,AAM_mineral_rich,OOD,0.6,ID,0
"cũ (clip 0.6/0.4, score_p95)",30,AAM_mineral_rich,OOD,0.6,ID,0
"cũ (clip 0.6/0.4, score_p95)",31,AAM_mineral_rich,OOD,0.6,ID,0
"cũ (clip 0.6/0.4, score_p95)",32,AAM_mineral_rich,OOD,0.6,ID,0
"cũ (clip 0.6/0.4, score_p95)",33,AAM_mineral_rich,OOD,0.6,ID,0
"cũ (clip 0.6/0.4, score_p95)",34,AAM_mineral_rich,OOD,0.6,ID,0
"cũ (clip 0.6/0.4, score_p95)",35,AAM_mineral_rich,OOD,0.6,ID,0
"cũ (clip 0.6/0.4, score_p95)",36,AAM_mineral_rich,OOD,0.6,ID,0
"cũ (clip 0.6/0.4, score_p95)",37,AAM_mineral_rich,OOD,0.6,ID,0
"cũ (clip 0.6/0.4, score_p95)",38,AAM_mineral_rich,OOD,0.6,ID,0
"cũ (clip 0.6/0.4, score_p95)",39,AAM_mineral_rich,OOD,0.6,ID,0
"cũ (clip 0.6/0.4, score_p95)",40,AAM_mineral_rich,OOD,0.6,ID,0
"cũ (clip 0.6/0.4, score_p95)",41,AAM_mineral_rich,OOD,0.6,ID,0
"cũ (clip 0.6/0.4, score_p95)",42,AAM_mineral_rich,OOD,0.6,ID,0
"cũ (clip 0.6/0.4, score_p95)",43,AAM_mineral_rich,OOD,0.6,ID,0
"cũ (clip 0.6/0.4, score_p95)",44,AAM_mineral_rich,OOD,0.6,ID,0
"cũ (clip 0.6/0.4, score_p95)",45,AAM_mineral_rich,OOD,0.6,ID,0
"cũ (clip 0.6/0.4, score_p95)",46,AAM_mineral_rich,OOD,0.6,ID,0
"cũ (clip 0.6/0.4, score_p95)",47,AAM_mineral_rich,OOD,0.6,ID,0
"cũ (clip 0.6/0.4, score_p95)",48,AAM_mineral_rich,OOD,0.6,ID,0
"cũ (clip 0.6/0.4, score_p95)",49,AAM_mineral_rich,OOD,0.6,ID,0
"cũ (clip 0.6/0.4, score_p95)",50,AAM_mineral_rich,OOD,0.6,ID,0
"cũ (clip 0.6/0.4, score_p95)",51,AAM_mineral_rich,OOD,0.483853,ID,0
"cũ (clip 0.6/0.4, score_p95)",52,AAM_mineral_rich,OOD,0.6,ID,0
"cũ (clip 0.6/0.4, score_p95)",53,AAM_mineral_rich,OOD,0.6,ID,0
"cũ (clip 0.6/0.4, score_p95)",54,AAM_mineral_rich,OOD,0.6,ID,0
"cũ (clip 0.6/0.4, score_p95)",55,AAM_mineral_rich,OOD,0.6,ID,0
"cũ (clip 0.6/0.4, score_p95)",56,AAM_mineral_rich,OOD,0.6,ID,0
"cũ (clip 0.6/0.4, score_p95)",57,AAM_mineral_rich,OOD,0.6,ID,0
"cũ (clip 0.6/0.4, score_p95)",58,AAM_mineral_rich,OOD,0.6,ID,0
"cũ (clip 0.6/0.4, score_p95)",59,AAM_mineral_rich,OOD,0.6,ID,0
"cũ (clip 0.6/0.4, score_p95)",60,AAM_mineral_rich,OOD,0.6,ID,0
"cũ (clip 0.6/0.4, score_p95)",61,AAM_mineral_rich,OOD,0.6,ID,0
"cũ (clip 0.6/0.4, score_p95)",62,AAM_mineral_rich,OOD,0.6,ID,0
"cũ (clip 0.6/0.4, score_p95)",63,AAM_mineral_rich,OOD,0.6,ID,0
"cũ (clip 0.6/0.4, score_p95)",64,AAM_mineral_rich,OOD,0.6,ID,0
"cũ (clip 0.6/0.4, score_p95)",65,AAM_mineral_rich,OOD,0.6,ID,0
"cũ (clip 0.6/0.4, score_p95)",66,AAM_mineral_rich,OOD,0.6,ID,0
"cũ (clip 0.6/0.4, score_p95)",67,AAM_mineral_rich,OOD,0.6,ID,0
"cũ (clip 0.6/0.4, score_p95)",68,AAM_mineral_rich,OOD,0.6,ID,0
"cũ (clip 0.6/0.4, score_p95)",69,AAM_mineral_rich,OOD,0.6,ID,0
"cũ (clip 0.6/0.4, score_p95)",70,AAM_mineral_rich,OOD,0.6,ID,0
"cũ (clip 0.6/0.4, score_p95)",71,AAM_mineral_rich,OOD,0.6,ID,0
"cũ (clip 0.6/0.4, score_p95)",72,AAM_mineral_rich,OOD,0.6,ID,0
"cũ (clip 0.6/0.4, score_p95)",73,AAM_mineral_rich,OOD,0.6,ID,0
"cũ (clip 0.6/0.4, score_p95)",74,AAM_mineral_rich,OOD,0.6,ID,0
"cũ (clip 0.6/0.4, score_p95)",75,AAM_mineral_rich,OOD,0.6,ID,0
"cũ (clip 0.6/0.4, score_p95)",76,AAM_mineral_rich,OOD,0.6,ID,0
"cũ (clip 0.6/0.4, score_p95)",77,AAM_mineral_rich,OOD,0.6,ID,0
"cũ (clip 0.6/0.4, score_p95)",78,AAM_mineral_rich,OOD,0.6,ID,0
"cũ (clip 0.6/0.4, score_p95)",79,AAM_mineral_rich,OOD,0.6,ID,0
"cũ (clip 0.6/0.4, score_p95)",80,AAM_mineral_rich,OOD,0.6,ID,0
"cũ (clip 0.6/0.4, score_p95)",81,AAM_mineral_rich,OOD,0.6,ID,0
"cũ (clip 0.6/0.4, score_p95)",82,AAM_mineral_rich,OOD,0.6,ID,0
"cũ (clip 0.6/0.4, score_p95)",83,AAM_mineral_rich,OOD,0.6,ID,0
"cũ (clip 0.6/0.4, score_p95)",84,AAM_mineral_rich,OOD,0.6,ID,0
"cũ (clip 0.6/0.4, score_p95)",85,AAM_mineral_rich,OOD,0.6,ID,0
"cũ (clip 0.6/0.4, score_p95)",86,AAM_mineral_rich,OOD,0.6,ID,0
"cũ (clip 0.6/0.4, score_p95)",87,AAM_mineral_rich,OOD,0.6,ID,0
"cũ (clip 0.6/0.4, score_p95)",88,AAM_mineral_rich,OOD,0.6,ID,0
"cũ (clip 0.6/0.4, score_p95)",89,AAM_mineral_rich,OOD,0.6,ID,0
"cũ (clip 0.6/0.4, score_p95)",90,AAM_mineral_rich,OOD,0.6,ID,0
"cũ (clip 0.6/0.4, score_p95)",91,AAM_mineral_rich,OOD,0.6,ID,0
"cũ (clip 0.6/0.4, score_p95)",92,AAM_mineral_rich,OOD,0.6,ID,0
"cũ (clip 0.6/0.4, score_p95)",93,AAM_mineral_rich,OOD,0.6,ID,0
"cũ (clip 0.6/0.4, score_p95)",94,AAM_mineral_rich,OOD,0.6,ID,0
"cũ (clip 0.6/0.4, score_p95)",95,AAM_mineral_rich,OOD,0.6,ID,0
"cũ (clip 0.6/0.4, score_p95)",96,AAM_mineral_rich,OOD,0.6,ID,0
"cũ (clip 0.6/0.4, score_p95)",97,AAM_mineral_rich,OOD,0.6,ID,0
"cũ (clip 0.6/0.4, score_p95)",98,AAM_mineral_rich,OOD,0.6,ID,0
"cũ (clip 0.6/0.4, score_p95)",99,AAM_mineral_rich,OOD,0.6,ID,0
"cũ (clip 0.6/0.4, score_p95)",100,AAM_mineral_rich,OOD,0.6,ID,0
"cũ (clip 0.6/0.4, score_p95)",101,AAM_mineral_rich,OOD,0.6,ID,0
"cũ (clip 0.6/0.4, score_p95)",102,AAM_mineral_rich,OOD,0.6,ID,0
"cũ (clip 0.6/0.4, score_p95)",103,AAM_mineral_rich,OOD,0.6,ID,0
"cũ (clip 0.6/0.4, score_p95)",104,AAM_mineral_rich,OOD,0.6,ID,0
"cũ (clip 0.6/0.4, score_p95)",105,AAM_mineral_rich,OOD,0.6,ID,0
"cũ (clip 0.6/0.4, score_p95)",106,AAM_mineral_rich,OOD,0.6,ID,0
"cũ (clip 0.6/0.4, score_p95)",107,AAM_mineral_rich,OOD,0.6,ID,0
"cũ (clip 0.6/0.4, score_p95)",108,AAM_mineral_rich,OOD,0.6,ID,0
"cũ (clip 0.6/0.4, score_p95)",109,AAM_mineral_rich,OOD,0.6,ID,0
"cũ (clip 0.6/0.4, score_p95)",110,AAM_mineral_rich,OOD,0.6,ID,0
"cũ (clip 0.6/0.4, score_p95)",111,AAM_mineral_rich,OOD,0.6,ID,0
"cũ (clip 0.6/0.4, score_p95)",112,AAM_mineral_rich,OOD,0.6,ID,0
"cũ (clip 0.6/0.4, score_p95)",113,AAM_mineral_rich,OOD,0.6,ID,0
"cũ (clip 0.6/0.4, score_p95)",114,AAM_mineral_rich,OOD,0.6,ID,0
"cũ (clip 0.6/0.4, score_p95)",115,AAM_mineral_rich,OOD,0.6,ID,0
"cũ (clip 0.6/0.4, score_p95)",116,AAM_mineral_rich,OOD,0.6,ID,0
"cũ (clip 0.6/0.4, score_p95)",117,AAM_mineral_rich,OOD,0.6,ID,0
"cũ (clip 0.6/0.4, score_p95)",118,AAM_mineral_rich,OOD,0.6,ID,0
"cũ (clip 0.6/0.4, score_p95)",119,AAM_mineral_rich,OOD,0.6,ID,0
"cũ (clip 0.6/0.4, score_p95)",120,AAM_mineral_rich,OOD,0.6,ID,0
"cũ (clip 0.6/0.4, score_p95)",121,AAM_mineral_rich,OOD,0.6,ID,0
"cũ (clip 0.6/0.4, score_p95)",122,AAM_mineral_rich,OOD,0.6,ID,0
"cũ (clip 0.6/0.4, score_p95)",123,AAM_mineral_rich,OOD,0.6,ID,0
"cũ (clip 0.6/0.4, score_p95)",124,AAM_mineral_rich,OOD,0.6,ID,0
"cũ (clip 0.6/0.4, score_p95)",125,AAM_mineral_rich,OOD,0.6,ID,0
"cũ (clip 0.6/0.4, score_p95)",126,AAM_mineral_rich,OOD,0.6,ID,0
"cũ (clip 0.6/0.4, score_p95)",127,AAM_mineral_rich,OOD,0.6,ID,0
"cũ (clip 0.6/0.4, score_p95)",128,AAM_mineral_rich,OOD,0.6,ID,0
"cũ (clip 0.6/0.4, score_p95)",129,AAM_mineral_rich,OOD,0.6,ID,0
"cũ (clip 0.6/0.4, score_p95)",130,AAM_mineral_rich,OOD,0.6,ID,0
"cũ (clip 0.6/0.4, score_p95)",131,AAM_mineral_rich,OOD,0.6,ID,0
"cũ (clip 0.6/0.4, score_p95)",132,AAM_mineral_rich,OOD,0.6,ID,0
"cũ (clip 0.6/0.4, score_p95)",133,AAM_mineral_rich,OOD,0.6,ID,0
"cũ (clip 0.6/0.4, score_p95)",134,AAM_mineral_rich,OOD,0.6,ID,0
"cũ (clip 0.6/0.4, score_p95)",135,AAM_mineral_rich,OOD,0.6,ID,0
"cũ (clip 0.6/0.4, score_p95)",136,AAM_mineral_rich,OOD,0.6,ID,0
"cũ (clip 0.6/0.4, score_p95)",137,AAM_mineral_rich,OOD,0.6,ID,0
"cũ (clip 0.6/0.4, score_p95)",138,AAM_mineral_rich,OOD,0.6,ID,0
"cũ (clip 0.6/0.4, score_p95)",139,AAM_mineral_rich,OOD,0.6,ID,0
"cũ (clip 0.6/0.4, score_p95)",140,AAM_mineral_rich,OOD,0.6,ID,0
"cũ (clip 0.6/0.4, score_p95)",141,AAM_mineral_rich,OOD,0.6,ID,0
"cũ (clip 0.6/0.4, score_p95)",142,AAM_mineral_rich,OOD,0.6,ID,0
"cũ (clip 0.6/0.4, score_p95)",143,AAM_mineral_rich,OOD,0.6,ID,0
"cũ (clip 0.6/0.4, score_p95)",144,AAM_mineral_rich,OOD,0.6,ID,0
"cũ (clip 0.6/0.4, score_p95)",145,AAM_mineral_rich,OOD,0.6,ID,0
"cũ (clip 0.6/0.4, score_p95)",146,AAM_mineral_rich,OOD,0.6,ID,0
"cũ (clip 0.6/0.4, score_p95)",147,AAM_mineral_rich,OOD,0.6,ID,0
"cũ (clip 0.6/0.4, score_p95)",148,AAM_mineral_rich,OOD,0.6,ID,0
"cũ (clip 0.6/0.4, score_p95)",149,AAM_mineral_rich,OOD,0.6,ID,0
"cũ (clip 0.6/0.4, score_p95)",150,AAM_mineral_rich,OOD,0.6,ID,0
"cũ (clip 0.6/0.4, score_p95)",151,AAM_mineral_rich,OOD,0.6,ID,0
"cũ (clip 0.6/0.4, score_p95)",152,AAM_mineral_rich,OOD,0.6,ID,0
"cũ (clip 0.6/0.4, score_p95)",153,AAM_mineral_rich,OOD,0.6,ID,0
"cũ (clip 0.6/0.4, score_p95)",154,AAM_mineral_rich,OOD,0.6,ID,0
"cũ (clip 0.6/0.4, score_p95)",155,AAM_mineral_rich,OOD,0.6,ID,0
"cũ (clip 0.6/0.4, score_p95)",156,AAM_mineral_rich,OOD,0.6,ID,0
"cũ (clip 0.6/0.4, score_p95)",157,AAM_mineral_rich,OOD,0.6,ID,0
"cũ (clip 0.6/0.4, score_p95)",158,AAM_mineral_rich,OOD,0.6,ID,0
"cũ (clip 0.6/0.4, score_p95)",159,AAM_mineral_rich,OOD,0.6,ID,0
"cũ (clip 0.6/0.4, score_p95)",160,AAM_mineral_rich,OOD,0.6,ID,0
"cũ (clip 0.6/0.4, score_p95)",161,AAM_mineral_rich,OOD,0.6,ID,0
"cũ (clip 0.6/0.4, score_p95)",162,AAM_mineral_rich,OOD,0.6,ID,0
"cũ (clip 0.6/0.4, score_p95)",163,AAM_mineral_rich,OOD,0.6,ID,0
"cũ (clip 0.6/0.4, score_p95)",164,AAM_mineral_rich,OOD,0.6,ID,0
"cũ (clip 0.6/0.4, score_p95)",165,AAM_mineral_rich,OOD,0.6,ID,0
"cũ (clip 0.6/0.4, score_p95)",166,AAM_mineral_rich,OOD,0.6,ID,0
"cũ (clip 0.6/0.4, score_p95)",167,AAM_mineral_rich,OOD,0.6,ID,0
"cũ (clip 0.6/0.4, score_p95)",168,AAM_mineral_rich,OOD,0.6,ID,0
"cũ (clip 0.6/0.4, score_p95)",169,AAM_mineral_rich,OOD,0.6,ID,0
"cũ (clip 0.6/0.4, score_p95)",170,AAM_mineral_rich,OOD,0.6,ID,0
"cũ (clip 0.6/0.4, score_p95)",171,AAM_mineral_rich,OOD,0.6,ID,0
"cũ (clip 0.6/0.4, score_p95)",172,AAM_mineral_rich,OOD,0.6,ID,0
"cũ (clip 0.6/0.4, score_p95)",173,AAM_mineral_rich,OOD,0.6,ID,0
"cũ (clip 0.6/0.4, score_p95)",174,AAM_mineral_rich,OOD,0.6,ID,0
"cũ (clip 0.6/0.4, score_p95)",175,AAM_mineral_rich,OOD,0.6,ID,0
"cũ (clip 0.6/0.4, score_p95)",176,AAM_mineral_rich,OOD,0.6,ID,0
"cũ (clip 0.6/0.4, score_p95)",177,AAM_mineral_rich,OOD,0.6,ID,0
"cũ (clip 0.6/0.4, score_p95)",178,AAM_mineral_rich,OOD,0.6,ID,0
"cũ (clip 0.6/0.4, score_p95)",179,AAM_mineral_rich,OOD,0.6,ID,0
"cũ (clip 0.6/0.4, score_p95)",180,AAM_mineral_rich,OOD,0.6,ID,0
"cũ (clip 0.6/0.4, score_p95)",181,AAM_mineral_rich,OOD,0.6,ID,0
"cũ (clip 0.6/0.4, score_p95)",182,AAM_mineral_rich,OOD,0.6,ID,0
"cũ (clip 0.6/0.4, score_p95)",183,AAM_mineral_rich,OOD,0.6,ID,0
"cũ (clip 0.6/0.4, score_p95)",184,AAM_mineral_rich,OOD,0.6,ID,0
"cũ (clip 0.6/0.4, score_p95)",185,AAM_mineral_rich,OOD,0.6,ID,0
"cũ (clip 0.6/0.4, score_p95)",186,AAM_mineral_rich,OOD,0.6,ID,0
"cũ (clip 0.6/0.4, score_p95)",187,AAM_mineral_rich,OOD,0.6,ID,0
"cũ (clip 0.6/0.4, score_p95)",188,AAM_mineral_rich,OOD,0.6,ID,0
"cũ (clip 0.6/0.4, score_p95)",189,AAM_mineral_rich,OOD,0.6,ID,0
"cũ (clip 0.6/0.4, score_p95)",190,AAM_mineral_rich,OOD,0.6,ID,0
"cũ (clip 0.6/0.4, score_p95)",191,AAM_mineral_rich,OOD,0.497165,ID,0
"cũ (clip 0.6/0.4, score_p95)",192,AAM_mineral_rich,OOD,0.6,ID,0
"cũ (clip 0.6/0.4, score_p95)",193,AAM_mineral_rich,OOD,0.6,ID,0
"cũ (clip 0.6/0.4, score_p95)",194,AAM_mineral_rich,OOD,0.6,ID,0
"cũ (clip 0.6/0.4, score_p95)",195,AAM_mineral_rich,OOD,0.6,ID,0
"cũ (clip 0.6/0.4, score_p95)",196,AAM_mineral_rich,OOD,0.6,ID,0
"cũ (clip 0.6/0.4, score_p95)",197,AAM_mineral_rich,OOD,0.6,ID,0
"cũ (clip 0.6/0.4, score_p95)",198,AAM_mineral_rich,OOD,0.6,ID,0
"cũ (clip 0.6/0.4, score_p95)",199,AAM_mineral_rich,OOD,0.6,ID,0
"cũ (clip 0.6/0.4, score_p95)",200,AAM_mineral_rich,OOD,0.6,ID,0
"cũ (clip 0.6/0.4, score_p95)",201,AAM_mineral_rich,OOD,0.6,ID,0
"cũ (clip 0.6/0.4, score_p95)",202,AAM_mineral_rich,OOD,0.6,ID,0
"cũ (clip 0.6/0.4, score_p95)",203,AAM_mineral_rich,OOD,0.6,ID,0
"cũ (clip 0.6/0.4, score_p95)",204,AAM_mineral_rich,OOD,0.6,ID,0
"cũ (clip 0.6/0.4, score_p95)",205,AAM_mineral_rich,OOD,0.6,ID,0
"cũ (clip 0.6/0.4, score_p95)",206,AAM_mineral_rich,OOD,0.6,ID,0
"cũ (clip 0.6/0.4, score_p95)",207,AAM_mineral_rich,OOD,0.6,ID,0
"cũ (clip 0.6/0.4, score_p95)",208,AAM_mineral_rich,OOD,0.6,ID,0
"cũ (clip 0.6/0.4, score_p95)",209,AAM_mineral_rich,OOD,0.6,ID,0
"cũ (clip 0.6/0.4, score_p95)",210,AAM_mineral_rich,OOD,0.6,ID,0
"cũ (clip 0.6/0.4, score_p95)",211,AAM_mineral_rich,OOD,0.6,ID,0
"cũ (clip 0.6/0.4, score_p95)",212,AAM_mineral_rich,OOD,0.6,ID,0
"cũ (clip 0.6/0.4, score_p95)",213,AAM_mineral_rich,OOD,0.6,ID,0
"cũ (clip 0.6/0.4, score_p95)",214,AAM_mineral_rich,OOD,0.6,ID,0
"cũ (clip 0.6/0.4, score_p95)",215,AAM_mineral_rich,OOD,0.6,ID,0
"cũ (clip 0.6/0.4, score_p95)",216,AAM_mineral_rich,OOD,0.6,ID,0
"cũ (clip 0.6/0.4, score_p95)",217,AAM_mineral_rich,OOD,0.6,ID,0
"cũ (clip 0.6/0.4, score_p95)",218,AAM_mineral_rich,OOD,0.6,ID,0
"cũ (clip 0.6/0.4, score_p95)",219,AAM_mineral_rich,OOD,0.6,ID,0
"cũ (clip 0.6/0.4, score_p95)",220,AAM_mineral_rich,OOD,0.6,ID,0
"cũ (clip 0.6/0.4, score_p95)",221,AAM_mineral_rich,OOD,0.6,ID,0
"cũ (clip 0.6/0.4, score_p95)",222,AAM_mineral_rich,OOD,0.6,ID,0
"cũ (clip 0.6/0.4, score_p95)",223,AAM_mineral_rich,OOD,0.6,ID,0
"cũ (clip 0.6/0.4, score_p95)",224,AAM_mineral_rich,OOD,0.6,ID,0
"cũ (clip 0.6/0.4, score_p95)",225,AAM_mineral_rich,OOD,0.6,ID,0
"cũ (clip 0.6/0.4, score_p95)",226,AAM_mineral_rich,OOD,0.6,ID,0
"cũ (clip 0.6/0.4, score_p95)",227,AAM_mineral_rich,OOD,0.530433,ID,0
"cũ (clip 0.6/0.4, score_p95)",228,AAM_mineral_rich,OOD,0.6,ID,0
"cũ (clip 0.6/0.4, score_p95)",229,AAM_mineral_rich,OOD,0.6,ID,0
"cũ (clip 0.6/0.4, score_p95)",230,AAM_mineral_rich,OOD,0.6,ID,0
"cũ (clip 0.6/0.4, score_p95)",231,AAM_mineral_rich,OOD,0.6,ID,0
"cũ (clip 0.6/0.4, score_p95)",232,AAM_mineral_rich,OOD,0.6,ID,0
"cũ (clip 0.6/0.4, score_p95)",233,AAM_mineral_rich,OOD,0.6,ID,0
"cũ (clip 0.6/0.4, score_p95)",234,AAM_mineral_rich,OOD,0.6,ID,0
"cũ (clip 0.6/0.4, score_p95)",235,AAM_mineral_rich,OOD,0.6,ID,0
"cũ (clip 0.6/0.4, score_p95)",236,AAM_mineral_rich,OOD,0.6,ID,0
"cũ (clip 0.6/0.4, score_p95)",237,AAM_mineral_rich,OOD,0.6,ID,0
"cũ (clip 0.6/0.4, score_p95)",238,AAM_mineral_rich,OOD,0.6,ID,0
"cũ (clip 0.6/0.4, score_p95)",239,AAM_mineral_rich,OOD,0.6,ID,0
"cũ (clip 0.6/0.4, score_p95)",240,AAM_mineral_rich,OOD,0.6,ID,0
"cũ (clip 0.6/0.4, score_p95)",241,AAM_mineral_rich,OOD,0.6,ID,0
"cũ (clip 0.6/0.4, score_p95)",242,AAM_mineral_rich,OOD,0.6,ID,0
"cũ (clip 0.6/0.4, score_p95)",243,AAM_mineral_rich,OOD,0.6,ID,0
"cũ (clip 0.6/0.4, score_p95)",244,AAM_mineral_rich,OOD,0.6,ID,0
"cũ (clip 0.6/0.4, score_p95)",245,AAM_mineral_rich,OOD,0.6,ID,0
"cũ (clip 0.6/0.4, score_p95)",246,AAM_mineral_rich,OOD,0.6,ID,0
"cũ (clip 0.6/0.4, score_p95)",247,AAM_mineral_rich,OOD,0.6,ID,0
"cũ (clip 0.6/0.4, score_p95)",248,AAM_mineral_rich,OOD,0.6,ID,0
"cũ (clip 0.6/0.4, score_p95)",249,AAM_mineral_rich,OOD,0.6,ID,0
"cũ (clip 0.6/0.4, score_p95)",250,AAM_mineral_rich,OOD,0.6,ID,0
"cũ (clip 0.6/0.4, score_p95)",251,AAM_mineral_rich,OOD,0.6,ID,0
"cũ (clip 0.6/0.4, score_p95)",252,AAM_mineral_rich,OOD,0.6,ID,0
"cũ (clip 0.6/0.4, score_p95)",253,AAM_mineral_rich,OOD,0.6,ID,0
"cũ (clip 0.6/0.4, score_p95)",254,AAM_mineral_rich,OOD,0.6,ID,0
"cũ (clip 0.6/0.4, score_p95)",255,AAM_mineral_rich,OOD,0.6,ID,0
"cũ (clip 0.6/0.4, score_p95)",256,AAM_mineral_rich,OOD,0.6,ID,0
"cũ (clip 0.6/0.4, score_p95)",257,AAM_mineral_rich,OOD,0.6,ID,0
"cũ (clip 0.6/0.4, score_p95)",258,AAM_mineral_rich,OOD,0.6,ID,0
"cũ (clip 0.6/0.4, score_p95)",259,AAM_mineral_rich,OOD,0.6,ID,0
"cũ (clip 0.6/0.4, score_p95)",260,AAM_mineral_rich,OOD,0.6,ID,0
"cũ (clip 0.6/0.4, score_p95)",261,AAM_mineral_rich,OOD,0.6,ID,0
"cũ (clip 0.6/0.4, score_p95)",262,AAM_mineral_rich,OOD,0.6,ID,0
"cũ (clip 0.6/0.4, score_p95)",263,AAM_mineral_rich,OOD,0.6,ID,0
"cũ (clip 0.6/0.4, score_p95)",264,AAM_mineral_rich,OOD,0.6,ID,0
"cũ (clip 0.6/0.4, score_p95)",265,AAM_mineral_rich,OOD,0.6,ID,0
"cũ (clip 0.6/0.4, score_p95)",266,AAM_mineral_rich,OOD,0.6,ID,0
"cũ (clip 0.6/0.4, score_p95)",267,AAM_mineral_rich,OOD,0.5651,ID,0
"cũ (clip 0.6/0.4, score_p95)",268,AAM_mineral_rich,OOD,0.530779,ID,0
"cũ (clip 0.6/0.4, score_p95)",269,AAM_mineral_rich,OOD,0.6,ID,0
"cũ (clip 0.6/0.4, score_p95)",270,AAM_mineral_rich,OOD,0.6,ID,0
"cũ (clip 0.6/0.4, score_p95)",271,AAM_mineral_rich,OOD,0.6,ID,0
"cũ (clip 0.6/0.4, score_p95)",272,AAM_mineral_rich,OOD,0.6,ID,0
"cũ (clip 0.6/0.4, score_p95)",273,AAM_mineral_rich,OOD,0.6,ID,0
"cũ (clip 0.6/0.4, score_p95)",274,AAM_mineral_rich,OOD,0.6,ID,0
"cũ (clip 0.6/0.4, score_p95)",275,AAM_mineral_rich,OOD,0.6,ID,0
"cũ (clip 0.6/0.4, score_p95)",276,AAM_mineral_rich,OOD,0.6,ID,0
"cũ (clip 0.6/0.4, score_p95)",277,AAM_mineral_rich,OOD,0.6,ID,0
"cũ (clip 0.6/0.4, score_p95)",278,AAM_mineral_rich,OOD,0.6,ID,0
"cũ (clip 0.6/0.4, score_p95)",279,AAM_mineral_rich,OOD,0.6,ID,0
"cũ (clip 0.6/0.4, score_p95)",280,AAM_mineral_rich,OOD,0.6,ID,0
"cũ (clip 0.6/0.4, score_p95)",281,AAM_mineral_rich,OOD,0.6,ID,0
"cũ (clip 0.6/0.4, score_p95)",282,AAM_mineral_rich,OOD,0.6,ID,0
"cũ (clip 0.6/0.4, score_p95)",283,AAM_mineral_rich,OOD,0.6,ID,0
"cũ (clip 0.6/0.4, score_p95)",284,AAM_mineral_rich,OOD,0.6,ID,0
"cũ (clip 0.6/0.4, score_p95)",285,AAM_mineral_rich,OOD,0.6,ID,0
"cũ (clip 0.6/0.4, score_p95)",286,AAM_mineral_rich,OOD,0.6,ID,0
"cũ (clip 0.6/0.4, score_p95)",287,AAM_mineral_rich,OOD,0.6,ID,0
"cũ (clip 0.6/0.4, score_p95)",288,AAM_mineral_rich,OOD,0.6,ID,0
"cũ (clip 0.6/0.4, score_p95)",289,AAM_mineral_rich,OOD,0.6,ID,0
"cũ (clip 0.6/0.4, score_p95)",290,AAM_mineral_rich,OOD,0.6,ID,0
"cũ (clip 0.6/0.4, score_p95)",291,AAM_mineral_rich,OOD,0.6,ID,0
"cũ (clip 0.6/0.4, score_p95)",292,AAM_mineral_rich,OOD,0.6,ID,0
"cũ (clip 0.6/0.4, score_p95)",293,AAM_mineral_rich,OOD,0.6,ID,0
"cũ (clip 0.6/0.4, score_p95)",294,AAM_mineral_rich,OOD,0.6,ID,0
"cũ (clip 0.6/0.4, score_p95)",295,AAM_mineral_rich,OOD,0.6,ID,0
"cũ (clip 0.6/0.4, score_p95)",296,AAM_mineral_rich,OOD,0.6,ID,0
"cũ (clip 0.6/0.4, score_p95)",297,AAM_mineral_rich,OOD,0.6,ID,0
"cũ (clip 0.6/0.4, score_p95)",298,AAM_mineral_rich,OOD,0.6,ID,0
"cũ (clip 0.6/0.4, score_p95)",299,AAM_mineral_rich,OOD,0.6,ID,0
"cũ (clip 0.6/0.4, score_p95)",300,AAM_mineral_rich,OOD,0.6,ID,0
"cũ (clip 0.6/0.4, score_p95)",301,AAM_mineral_rich,OOD,0.6,ID,0
"cũ (clip 0.6/0.4, score_p95)",302,AAM_mineral_rich,OOD,0.6,ID,0
"cũ (clip 0.6/0.4, score_p95)",303,AAM_mineral_rich,OOD,0.6,ID,0
"cũ (clip 0.6/0.4, score_p95)",304,AAM_mineral_rich,OOD,0.6,ID,0
"cũ (clip 0.6/0.4, score_p95)",305,AAM_mineral_rich,OOD,0.6,ID,0
"cũ (clip 0.6/0.4, score_p95)",306,AAM_mineral_rich,OOD,0.6,ID,0
"cũ (clip 0.6/0.4, score_p95)",307,AAM_mineral_rich,OOD,0.6,ID,0
"cũ (clip 0.6/0.4, score_p95)",308,AAM_mineral_rich,OOD,0.6,ID,0
"cũ (clip 0.6/0.4, score_p95)",309,AAM_mineral_rich,OOD,0.6,ID,0
"cũ (clip 0.6/0.4, score_p95)",310,AAM_mineral_rich,OOD,0.6,ID,0
"cũ (clip 0.6/0.4, score_p95)",311,AAM_mineral_rich,OOD,0.6,ID,0
"cũ (clip 0.6/0.4, score_p95)",312,AAM_mineral_rich,OOD,0.6,ID,0
"cũ (clip 0.6/0.4, score_p95)",313,AAM_mineral_rich,OOD,0.6,ID,0
"cũ (clip 0.6/0.4, score_p95)",314,AAM_mineral_rich,OOD,0.6,ID,0
"cũ (clip 0.6/0.4, score_p95)",315,AAM_mineral_rich,OOD,0.6,ID,0
"cũ (clip 0.6/0.4, score_p95)",316,AAM_mineral_rich,OOD,0.6,ID,0
"cũ (clip 0.6/0.4, score_p95)",317,AAM_mineral_rich,OOD,0.6,ID,0
"cũ (clip 0.6/0.4, score_p95)",318,AAM_mineral_rich,OOD,0.6,ID,0
"cũ (clip 0.6/0.4, score_p95)",319,AAM_mineral_rich,OOD,0.6,ID,0
"cũ (clip 0.6/0.4, score_p95)",320,AAM_mineral_rich,OOD,0.6,ID,0
"cũ (clip 0.6/0.4, score_p95)",321,AAM_mineral_rich,OOD,0.6,ID,0
"cũ (clip 0.6/0.4, score_p95)",322,AAM_mineral_rich,OOD,0.6,ID,0
"cũ (clip 0.6/0.4, score_p95)",323,AAM_mineral_rich,OOD,0.6,ID,0
"cũ (clip 0.6/0.4, score_p95)",324,AAM_mineral_rich,OOD,0.6,ID,0
"cũ (clip 0.6/0.4, score_p95)",325,AAM_mineral_rich,OOD,0.6,ID,0
"cũ (clip 0.6/0.4, score_p95)",326,AAM_mineral_rich,OOD,0.6,ID,0
"cũ (clip 0.6/0.4, score_p95)",327,AAM_mineral_rich,OOD,0.310718,ID,0
"cũ (clip 0.6/0.4, score_p95)",328,AAM_mineral_rich,OOD,0.6,ID,0
"cũ (clip 0.6/0.4, score_p95)",329,AAM_mineral_rich,OOD,0.6,ID,0
"cũ (clip 0.6/0.4, score_p95)",330,AAM_mineral_rich,OOD,0.6,ID,0
"cũ (clip 0.6/0.4, score_p95)",331,AAM_mineral_rich,OOD,0.6,ID,0
"cũ (clip 0.6/0.4, score_p95)",332,AAM_mineral_rich,OOD,0.6,ID,0
"cũ (clip 0.6/0.4, score_p95)",333,AAM_mineral_rich,OOD,0.6,ID,0
"cũ (clip 0.6/0.4, score_p95)",334,AAM_mineral_rich,OOD,0.6,ID,0
"cũ (clip 0.6/0.4, score_p95)",335,AAM_mineral_rich,OOD,0.6,ID,0
"cũ (clip 0.6/0.4, score_p95)",336,AAM_mineral_rich,OOD,0.6,ID,0
"cũ (clip 0.6/0.4, score_p95)",337,AAM_mineral_rich,OOD,0.6,ID,0
"cũ (clip 0.6/0.4, score_p95)",338,AAM_mineral_rich,OOD,0.6,ID,0
"cũ (clip 0.6/0.4, score_p95)",339,AAM_mineral_rich,OOD,0.6,ID,0
"cũ (clip 0.6/0.4, score_p95)",340,AAM_mineral_rich,OOD,0.6,ID,0
"cũ (clip 0.6/0.4, score_p95)",341,AAM_mineral_rich,OOD,0.6,ID,0
"cũ (clip 0.6/0.4, score_p95)",342,AAM_mineral_rich,OOD,0.6,ID,0
"cũ (clip 0.6/0.4, score_p95)",343,AAM_mineral_rich,OOD,0.6,ID,0
"cũ (clip 0.6/0.4, score_p95)",344,AAM_mineral_rich,OOD,0.6,ID,0
"cũ (clip 0.6/0.4, score_p95)",345,AAM_mineral_rich,OOD,0.6,ID,0
"cũ (clip 0.6/0.4, score_p95)",346,AAM_mineral_rich,OOD,0.6,ID,0
"cũ (clip 0.6/0.4, score_p95)",347,AAM_mineral_rich,OOD,0.6,ID,0
"cũ (clip 0.6/0.4, score_p95)",348,AAM_mineral_rich,OOD,0.6,ID,0
"cũ (clip 0.6/0.4, score_p95)",349,AAM_mineral_rich,OOD,0.6,ID,0
"cũ (clip 0.6/0.4, score_p95)",350,AAM_mineral_rich,OOD,0.6,ID,0
"cũ (clip 0.6/0.4, score_p95)",351,AAM_mineral_rich,OOD,0.6,ID,0
"cũ (clip 0.6/0.4, score_p95)",352,AAM_mineral_rich,OOD,0.6,ID,0
"cũ (clip 0.6/0.4, score_p95)",353,AAM_mineral_rich,OOD,0.6,ID,0
"cũ (clip 0.6/0.4, score_p95)",354,AAM_mineral_rich,OOD,0.6,ID,0
"cũ (clip 0.6/0.4, score_p95)",355,AAM_mineral_rich,OOD,0.6,ID,0
"cũ (clip 0.6/0.4, score_p95)",356,AAM_mineral_rich,OOD,0.6,ID,0
"cũ (clip 0.6/0.4, score_p95)",357,AAM_mineral_rich,OOD,0.6,ID,0
"cũ (clip 0.6/0.4, score_p95)",358,AAM_mineral_rich,OOD,0.6,ID,0
"cũ (clip 0.6/0.4, score_p95)",359,AAM_mineral_rich,OOD,0.6,ID,0
"cũ (clip 0.6/0.4, score_p95)",360,AAM_mineral_rich,OOD,0.6,ID,0
"cũ (clip 0.6/0.4, score_p95)",361,AAM_mineral_rich,OOD,0.6,ID,0
"cũ (clip 0.6/0.4, score_p95)",362,AAM_mineral_rich,OOD,0.6,ID,0
"cũ (clip 0.6/0.4, score_p95)",363,AAM_mineral_rich,OOD,0.6,ID,0
"cũ (clip 0.6/0.4, score_p95)",364,AAM_mineral_rich,OOD,0.6,ID,0
"cũ (clip 0.6/0.4, score_p95)",365,AAM_mineral_rich,OOD,0.6,ID,0
"cũ (clip 0.6/0.4, score_p95)",366,AAM_mineral_rich,OOD,0.6,ID,0
"cũ (clip 0.6/0.4, score_p95)",367,AAM_mineral_rich,OOD,0.6,ID,0
"cũ (clip 0.6/0.4, score_p95)",368,AAM_mineral_rich,OOD,0.6,ID,0
"cũ (clip 0.6/0.4, score_p95)",369,AAM_mineral_rich,OOD,0.6,ID,0
"cũ (clip 0.6/0.4, score_p95)",370,AAM_mineral_rich,OOD,0.6,ID,0
"cũ (clip 0.6/0.4, score_p95)",371,AAM_mineral_rich,OOD,0.6,ID,0
"cũ (clip 0.6/0.4, score_p95)",372,AAM_mineral_rich,OOD,0.6,ID,0
"cũ (clip 0.6/0.4, score_p95)",373,AAM_mineral_rich,OOD,0.6,ID,0
"cũ (clip 0.6/0.4, score_p95)",374,AAM_mineral_rich,OOD,0.6,ID,0
"cũ (clip 0.6/0.4, score_p95)",375,AAM_mineral_rich,OOD,0.6,ID,0
"cũ (clip 0.6/0.4, score_p95)",376,AAM_mineral_rich,OOD,0.6,ID,0
"cũ (clip 0.6/0.4, score_p95)",377,AAM_mineral_rich,OOD,0.6,ID,0
"cũ (clip 0.6/0.4, score_p95)",378,AAM_mineral_rich,OOD,0.6,ID,0
"cũ (clip 0.6/0.4, score_p95)",379,AAM_mineral_rich,OOD,0.6,ID,0
"cũ (clip 0.6/0.4, score_p95)",380,AAM_mineral_rich,OOD,0.6,ID,0
"cũ (clip 0.6/0.4, score_p95)",381,AAM_mineral_rich,OOD,0.6,ID,0
"cũ (clip 0.6/0.4, score_p95)",382,AAM_mineral_rich,OOD,0.6,ID,0
"cũ (clip 0.6/0.4, score_p95)",383,AAM_mineral_rich,OOD,0.6,ID,0
"cũ (clip 0.6/0.4, score_p95)",384,AAM_mineral_rich,OOD,0.6,ID,0
"cũ (clip 0.6/0.4, score_p95)",385,AAM_mineral_rich,OOD,0.6,ID,0
"cũ (clip 0.6/0.4, score_p95)",386,AAM_mineral_rich,OOD,0.6,ID,0
"cũ (clip 0.6/0.4, score_p95)",387,AAM_mineral_rich,OOD,0.6,ID,0
"cũ (clip 0.6/0.4, score_p95)",388,AAM_mineral_rich,OOD,0.6,ID,0
"cũ (clip 0.6/0.4, score_p95)",389,AAM_mineral_rich,OOD,0.6,ID,0
"cũ (clip 0.6/0.4, score_p95)",390,AAM_mineral_rich,OOD,0.6,ID,0
"cũ (clip 0.6/0.4, score_p95)",391,AAM_mineral_rich,OOD,0.6,ID,0
"cũ (clip 0.6/0.4, score_p95)",392,AAM_mineral_rich,OOD,0.6,ID,0
"cũ (clip 0.6/0.4, score_p95)",393,AAM_mineral_rich,OOD,0.6,ID,0
"cũ (clip 0.6/0.4, score_p95)",394,AAM_mineral_rich,OOD,0.6,ID,0
"cũ (clip 0.6/0.4, score_p95)",395,AAM_mineral_rich,OOD,0.6,ID,0
"cũ (clip 0.6/0.4, score_p95)",396,AAM_mineral_rich,OOD,0.6,ID,0
"cũ (clip 0.6/0.4, score_p95)",397,AAM_mineral_rich,OOD,0.6,ID,0
"cũ (clip 0.6/0.4, score_p95)",398,AAM_mineral_rich,OOD,0.6,ID,0
"cũ (clip 0.6/0.4, score_p95)",399,AAM_mineral_rich,OOD,0.6,ID,0
"cũ (clip 0.6/0.4, score_p95)",400,AAM_mineral_rich,OOD,0.6,ID,0
"cũ (clip 0.6/0.4, score_p95)",401,AAM_mineral_rich,OOD,0.6,ID,0
"cũ (clip 0.6/0.4, score_p95)",402,AAM_mineral_rich,OOD,0.6,ID,0
"cũ (clip 0.6/0.4, score_p95)",403,AAM_mineral_rich,OOD,0.6,ID,0
"cũ (clip 0.6/0.4, score_p95)",404,AAM_mineral_rich,OOD,0.6,ID,0
"cũ (clip 0.6/0.4, score_p95)",405,AAM_mineral_rich,OOD,0.6,ID,0
"cũ (clip 0.6/0.4, score_p95)",406,AAM_mineral_rich,OOD,0.6,ID,0
"cũ (clip 0.6/0.4, score_p95)",407,AAM_mineral_rich,OOD,0.6,ID,0
"cũ (clip 0.6/0.4, score_p95)",408,AAM_mineral_rich,OOD,0.6,ID,0
"cũ (clip 0.6/0.4, score_p95)",409,AAM_mineral_rich,OOD,0.6,ID,0
"cũ (clip 0.6/0.4, score_p95)",410,AAM_mineral_rich,OOD,0.6,ID,0
"cũ (clip 0.6/0.4, score_p95)",411,AAM_mineral_rich,OOD,0.6,ID,0
"cũ (clip 0.6/0.4, score_p95)",412,AAM_mineral_rich,OOD,0.6,ID,0
"cũ (clip 0.6/0.4, score_p95)",413,AAM_mineral_rich,OOD,0.6,ID,0
"cũ (clip 0.6/0.4, score_p95)",414,AAM_mineral_rich,OOD,0.6,ID,0
"cũ (clip 0.6/0.4, score_p95)",415,AAM_mineral_rich,OOD,0.6,ID,0
"cũ (clip 0.6/0.4, score_p95)",416,AAM_mineral_rich,OOD,0.6,ID,0
"cũ (clip 0.6/0.4, score_p95)",417,AAM_mineral_rich,OOD,0.6,ID,0
"cũ (clip 0.6/0.4, score_p95)",418,AAM_mineral_rich,OOD,0.6,ID,0
"cũ (clip 0.6/0.4, score_p95)",419,AAM_mineral_rich,OOD,0.6,ID,0
"cũ (clip 0.6/0.4, score_p95)",420,AAM_mineral_rich,OOD,0.6,ID,0
"cũ (clip 0.6/0.4, score_p95)",421,AAM_mineral_rich,OOD,0.6,ID,0
"cũ (clip 0.6/0.4, score_p95)",422,AAM_mineral_rich,OOD,0.6,ID,0
"cũ (clip 0.6/0.4, score_p95)",423,AAM_mineral_rich,OOD,0.6,ID,0
"cũ (clip 0.6/0.4, score_p95)",424,AAM_mineral_rich,OOD,0.6,ID,0
"cũ (clip 0.6/0.4, score_p95)",425,AAM_mineral_rich,OOD,0.6,ID,0
"cũ (clip 0.6/0.4, score_p95)",426,AAM_mineral_rich,OOD,0.6,ID,0
"cũ (clip 0.6/0.4, score_p95)",427,AAM_mineral_rich,OOD,0.6,ID,0
"cũ (clip 0.6/0.4, score_p95)",428,AAM_mineral_rich,OOD,0.6,ID,0
"cũ (clip 0.6/0.4, score_p95)",429,AAM_mineral_rich,OOD,0.6,ID,0
"cũ (clip 0.6/0.4, score_p95)",430,AAM_mineral_rich,OOD,0.6,ID,0
"cũ (clip 0.6/0.4, score_p95)",431,AAM_mineral_rich,OOD,0.6,ID,0
"cũ (clip 0.6/0.4, score_p95)",432,AAM_mineral_rich,OOD,0.6,ID,0
"cũ (clip 0.6/0.4, score_p95)",433,AAM_mineral_rich,OOD,0.6,ID,0
"cũ (clip 0.6/0.4, score_p95)",434,AAM_mineral_rich,OOD,0.458859,ID,0
"cũ (clip 0.6/0.4, score_p95)",435,AAM_mineral_rich,OOD,0.6,ID,0
"cũ (clip 0.6/0.4, score_p95)",436,AAM_mineral_rich,OOD,0.6,ID,0
"cũ (clip 0.6/0.4, score_p95)",437,AAM_mineral_rich,OOD,0.6,ID,0
"cũ (clip 0.6/0.4, score_p95)",438,AAM_mineral_rich,OOD,0.6,ID,0
"cũ (clip 0.6/0.4, score_p95)",439,AAM_mineral_rich,OOD,0.6,ID,0
"cũ (clip 0.6/0.4, score_p95)",440,AAM_mineral_rich,OOD,0.6,ID,0
"cũ (clip 0.6/0.4, score_p95)",441,AAM_mineral_rich,OOD,0.6,ID,0
"cũ (clip 0.6/0.4, score_p95)",442,AAM_mineral_rich,OOD,0.6,ID,0
"cũ (clip 0.6/0.4, score_p95)",443,AAM_mineral_rich,OOD,0.6,ID,0
"cũ (clip 0.6/0.4, score_p95)",444,AAM_mineral_rich,OOD,0.6,ID,0
"cũ (clip 0.6/0.4, score_p95)",445,AAM_mineral_rich,OOD,0.6,ID,0
"cũ (clip 0.6/0.4, score_p95)",446,AAM_mineral_rich,OOD,0.6,ID,0
"cũ (clip 0.6/0.4, score_p95)",447,AAM_mineral_rich,OOD,0.6,ID,0
"cũ (clip 0.6/0.4, score_p95)",448,AAM_mineral_rich,OOD,0.6,ID,0
"cũ (clip 0.6/0.4, score_p95)",449,AAM_mineral_rich,OOD,0.6,ID,0
"cũ (clip 0.6/0.4, score_p95)",450,AAM_mineral_rich,OOD,0.6,ID,0
"cũ (clip 0.6/0.4, score_p95)",451,AAM_mineral_rich,OOD,0.6,ID,0
"cũ (clip 0.6/0.4, score_p95)",452,AAM_mineral_rich,OOD,0.6,ID,0
"cũ (clip 0.6/0.4, score_p95)",453,AAM_mineral_rich,OOD,0.6,ID,0
"cũ (clip 0.6/0.4, score_p95)",454,AAM_mineral_rich,OOD,0.6,ID,0
"cũ (clip 0.6/0.4, score_p95)",455,AAM_mineral_rich,OOD,0.6,ID,0
"cũ (clip 0.6/0.4, score_p95)",456,AAM_mineral_rich,OOD,0.6,ID,0
"cũ (clip 0.6/0.4, score_p95)",457,AAM_mineral_rich,OOD,0.6,ID,0
"cũ (clip 0.6/0.4, score_p95)",458,AAM_mineral_rich,OOD,0.6,ID,0
"cũ (clip 0.6/0.4, score_p95)",459,AAM_mineral_rich,OOD,0.6,ID,0
"cũ (clip 0.6/0.4, score_p95)",460,AAM_mineral_rich,OOD,0.6,ID,0
"cũ (clip 0.6/0.4, score_p95)",461,AAM_mineral_rich,OOD,0.6,ID,0
"cũ (clip 0.6/0.4, score_p95)",462,AAM_mineral_rich,OOD,0.595497,ID,0
"cũ (clip 0.6/0.4, score_p95)",463,AAM_mineral_rich,OOD,0.6,ID,0
"cũ (clip 0.6/0.4, score_p95)",464,AAM_mineral_rich,OOD,0.6,ID,0
"cũ (clip 0.6/0.4, score_p95)",465,AAM_mineral_rich,OOD,0.6,ID,0
"cũ (clip 0.6/0.4, score_p95)",466,AAM_mineral_rich,OOD,0.6,ID,0
"cũ (clip 0.6/0.4, score_p95)",467,AAM_mineral_rich,OOD,0.6,ID,0
"cũ (clip 0.6/0.4, score_p95)",468,AAM_mineral_rich,OOD,0.6,ID,0
"cũ (clip 0.6/0.4, score_p95)",469,AAM_mineral_rich,OOD,0.6,ID,0
"cũ (clip 0.6/0.4, score_p95)",470,AAM_mineral_rich,OOD,0.6,ID,0
"cũ (clip 0.6/0.4, score_p95)",471,AAM_mineral_rich,OOD,0.6,ID,0
"cũ (clip 0.6/0.4, score_p95)",472,AAM_mineral_rich,OOD,0.6,ID,0
"cũ (clip 0.6/0.4, score_p95)",473,AAM_mineral_rich,OOD,0.6,ID,0
"cũ (clip 0.6/0.4, score_p95)",474,AAM_mineral_rich,OOD,0.6,ID,0
"cũ (clip 0.6/0.4, score_p95)",475,AAM_mineral_rich,OOD,0.6,ID,0
"cũ (clip 0.6/0.4, score_p95)",476,AAM_mineral_rich,OOD,0.6,ID,0
"cũ (clip 0.6/0.4, score_p95)",477,AAM_mineral_rich,OOD,0.6,ID,0
"cũ (clip 0.6/0.4, score_p95)",478,AAM_mineral_rich,OOD,0.6,ID,0
"cũ (clip 0.6/0.4, score_p95)",479,AAM_mineral_rich,OOD,0.6,ID,0
"cũ (clip 0.6/0.4, score_p95)",480,AAM_mineral_rich,OOD,0.6,ID,0
"cũ (clip 0.6/0.4, score_p95)",481,AAM_mineral_rich,OOD,0.6,ID,0
"cũ (clip 0.6/0.4, score_p95)",482,AAM_mineral_rich,OOD,0.6,ID,0
"cũ (clip 0.6/0.4, score_p95)",483,AAM_mineral_rich,OOD,0.6,ID,0
"cũ (clip 0.6/0.4, score_p95)",484,AAM_mineral_rich,OOD,0.6,ID,0
"cũ (clip 0.6/0.4, score_p95)",485,AAM_mineral_rich,OOD,0.6,ID,0
"cũ (clip 0.6/0.4, score_p95)",486,AAM_mineral_rich,OOD,0.6,ID,0
"cũ (clip 0.6/0.4, score_p95)",487,AAM_mineral_rich,OOD,0.6,ID,0
"cũ (clip 0.6/0.4, score_p95)",488,AAM_mineral_rich,OOD,0.6,ID,0
"cũ (clip 0.6/0.4, score_p95)",489,AAM_mineral_rich,OOD,0.6,ID,0
"cũ (clip 0.6/0.4, score_p95)",490,AAM_mineral_rich,OOD,0.6,ID,0
"cũ (clip 0.6/0.4, score_p95)",491,AAM_mineral_rich,OOD,0.6,ID,0
"cũ (clip 0.6/0.4, score_p95)",492,AAM_mineral_rich,OOD,0.6,ID,0
"cũ (clip 0.6/0.4, score_p95)",493,AAM_mineral_rich,OOD,0.6,ID,0
"cũ (clip 0.6/0.4, score_p95)",494,AAM_mineral_rich,OOD,0.6,ID,0
"cũ (clip 0.6/0.4, score_p95)",495,AAM_mineral_rich,OOD,0.6,ID,0
"cũ (clip 0.6/0.4, score_p95)",496,AAM_mineral_rich,OOD,0.6,ID,0
"cũ (clip 0.6/0.4, score_p95)",497,AAM_mineral_rich,OOD,0.6,ID,0
"cũ (clip 0.6/0.4, score_p95)",498,AAM_mineral_rich,OOD,0.6,ID,0
"cũ (clip 0.6/0.4, score_p95)",499,AAM_mineral_rich,OOD,0.6,ID,0
"cũ (clip 0.6/0.4, score_p95)",500,AAM_mineral_rich,OOD,0.6,ID,0
"cũ (clip 0.6/0.4, score_p95)",501,AAM_mineral_rich,OOD,0.6,ID,0
"cũ (clip 0.6/0.4, score_p95)",502,AAM_mineral_rich,OOD,0.6,ID,0
"cũ (clip 0.6/0.4, score_p95)",503,AAM_mineral_rich,OOD,0.6,ID,0
"cũ (clip 0.6/0.4, score_p95)",504,AAM_mineral_rich,OOD,0.6,ID,0
"cũ (clip 0.6/0.4, score_p95)",505,AAM_mineral_rich,OOD,0.6,ID,0
"cũ (clip 0.6/0.4, score_p95)",506,AAM_mineral_rich,OOD,0.6,ID,0
"cũ (clip 0.6/0.4, score_p95)",507,AAM_mineral_rich,OOD,0.6,ID,0
"cũ (clip 0.6/0.4, score_p95)",508,AAM_mineral_rich,OOD,0.6,ID,0
"cũ (clip 0.6/0.4, score_p95)",509,AAM_mineral_rich,OOD,0.6,ID,0
"cũ (clip 0.6/0.4, score_p95)",510,AAM_mineral_rich,OOD,0.6,ID,0
"cũ (clip 0.6/0.4, score_p95)",511,AAM_mineral_rich,OOD,0.6,ID,0
"cũ (clip 0.6/0.4, score_p95)",512,AAM_mineral_rich,OOD,0.6,ID,0
"cũ (clip 0.6/0.4, score_p95)",513,AAM_mineral_rich,OOD,0.6,ID,0
"cũ (clip 0.6/0.4, score_p95)",514,AAM_mineral_rich,OOD,0.6,ID,0
"cũ (clip 0.6/0.4, score_p95)",515,AAM_mineral_rich,OOD,0.6,ID,0
"cũ (clip 0.6/0.4, score_p95)",516,AAM_mineral_rich,OOD,0.375174,ID,0
"cũ (clip 0.6/0.4, score_p95)",517,AAM_mineral_rich,OOD,0.6,ID,0
"cũ (clip 0.6/0.4, score_p95)",518,AAM_mineral_rich,OOD,0.6,ID,0
"cũ (clip 0.6/0.4, score_p95)",519,AAM_mineral_rich,OOD,0.6,ID,0
"cũ (clip 0.6/0.4, score_p95)",520,AAM_mineral_rich,OOD,0.6,ID,0
"cũ (clip 0.6/0.4, score_p95)",521,AAM_mineral_rich,OOD,0.6,ID,0
"cũ (clip 0.6/0.4, score_p95)",522,AAM_mineral_rich,OOD,0.6,ID,0
"cũ (clip 0.6/0.4, score_p95)",523,AAM_mineral_rich,OOD,0.6,ID,0
"cũ (clip 0.6/0.4, score_p95)",524,AAM_mineral_rich,OOD,0.6,ID,0
"cũ (clip 0.6/0.4, score_p95)",525,AAM_mineral_rich,OOD,0.6,ID,0
"cũ (clip 0.6/0.4, score_p95)",526,AAM_mineral_rich,OOD,0.6,ID,0
"cũ (clip 0.6/0.4, score_p95)",527,AAM_mineral_rich,OOD,0.6,ID,0
"cũ (clip 0.6/0.4, score_p95)",528,AAM_mineral_rich,OOD,0.6,ID,0
"cũ (clip 0.6/0.4, score_p95)",529,AAM_mineral_rich,OOD,0.6,ID,0
"cũ (clip 0.6/0.4, score_p95)",530,AAM_mineral_rich,OOD,0.6,ID,0
"cũ (clip 0.6/0.4, score_p95)",531,AAM_mineral_rich,OOD,0.6,ID,0
"cũ (clip 0.6/0.4, score_p95)",532,AAM_mineral_rich,OOD,0.6,ID,0
"cũ (clip 0.6/0.4, score_p95)",533,AAM_mineral_rich,OOD,0.589557,ID,0
"cũ (clip 0.6/0.4, score_p95)",534,AAM_mineral_rich,OOD,0.6,ID,0
"cũ (clip 0.6/0.4, score_p95)",535,AAM_mineral_rich,OOD,0.6,ID,0
"cũ (clip 0.6/0.4, score_p95)",536,AAM_mineral_rich,OOD,0.6,ID,0
"cũ (clip 0.6/0.4, score_p95)",537,AAM_mineral_rich,OOD,0.6,ID,0
"cũ (clip 0.6/0.4, score_p95)",538,AAM_mineral_rich,OOD,0.6,ID,0
"cũ (clip 0.6/0.4, score_p95)",539,AAM_mineral_rich,OOD,0.6,ID,0
"cũ (clip 0.6/0.4, score_p95)",540,AAM_mineral_rich,OOD,0.6,ID,0
"cũ (clip 0.6/0.4, score_p95)",541,AAM_mineral_rich,OOD,0.6,ID,0
"cũ (clip 0.6/0.4, score_p95)",542,AAM_mineral_rich,OOD,0.6,ID,0
"cũ (clip 0.6/0.4, score_p95)",543,AAM_mineral_rich,OOD,0.6,ID,0
"cũ (clip 0.6/0.4, score_p95)",544,AAM_mineral_rich,OOD,0.6,ID,0
"cũ (clip 0.6/0.4, score_p95)",545,AAM_mineral_rich,OOD,0.6,ID,0
"cũ (clip 0.6/0.4, score_p95)",546,AAM_mineral_rich,OOD,0.6,ID,0
"cũ (clip 0.6/0.4, score_p95)",547,AAM_mineral_rich,OOD,0.6,ID,0
"cũ (clip 0.6/0.4, score_p95)",548,AAM_mineral_rich,OOD,0.6,ID,0
"cũ (clip 0.6/0.4, score_p95)",549,AAM_mineral_rich,OOD,0.6,ID,0
"cũ (clip 0.6/0.4, score_p95)",550,AAM_mineral_rich,OOD,0.6,ID,0
"cũ (clip 0.6/0.4, score_p95)",551,AAM_mineral_rich,OOD,0.6,ID,0
"cũ (clip 0.6/0.4, score_p95)",552,AAM_mineral_rich,OOD,0.6,ID,0
"cũ (clip 0.6/0.4, score_p95)",553,AAM_mineral_rich,OOD,0.6,ID,0
"cũ (clip 0.6/0.4, score_p95)",554,AAM_mineral_rich,OOD,0.6,ID,0
"cũ (clip 0.6/0.4, score_p95)",555,AAM_mineral_rich,OOD,0.6,ID,0
"cũ (clip 0.6/0.4, score_p95)",556,AAM_mineral_rich,OOD,0.6,ID,0
"cũ (clip 0.6/0.4, score_p95)",557,AAM_mineral_rich,OOD,0.6,ID,0
"cũ (clip 0.6/0.4, score_p95)",558,AAM_mineral_rich,OOD,0.6,ID,0
"cũ (clip 0.6/0.4, score_p95)",559,AAM_mineral_rich,OOD,0.6,ID,0
"cũ (clip 0.6/0.4, score_p95)",560,AAM_mineral_rich,OOD,0.6,ID,0
"cũ (clip 0.6/0.4, score_p95)",561,AAM_mineral_rich,OOD,0.6,ID,0
"cũ (clip 0.6/0.4, score_p95)",562,AAM_mineral_rich,OOD,0.6,ID,0
"cũ (clip 0.6/0.4, score_p95)",563,AAM_mineral_rich,OOD,0.6,ID,0
"cũ (clip 0.6/0.4, score_p95)",564,AAM_mineral_rich,OOD,0.6,ID,0
"cũ (clip 0.6/0.4, score_p95)",565,AAM_mineral_rich,OOD,0.6,ID,0
"cũ (clip 0.6/0.4, score_p95)",566,AAM_mineral_rich,OOD,0.6,ID,0
"cũ (clip 0.6/0.4, score_p95)",567,AAM_mineral_rich,OOD,0.6,ID,0
"cũ (clip 0.6/0.4, score_p95)",568,AAM_mineral_rich,OOD,0.6,ID,0
"cũ (clip 0.6/0.4, score_p95)",569,AAM_mineral_rich,OOD,0.6,ID,0
"cũ (clip 0.6/0.4, score_p95)",570,AAM_mineral_rich,OOD,0.6,ID,0
"cũ (clip 0.6/0.4, score_p95)",571,AAM_mineral_rich,OOD,0.6,ID,0
"cũ (clip 0.6/0.4, score_p95)",572,AAM_mineral_rich,OOD,0.6,ID,0
"cũ (clip 0.6/0.4, score_p95)",573,AAM_mineral_rich,OOD,0.6,ID,0
"cũ (clip 0.6/0.4, score_p95)",574,AAM_mineral_rich,OOD,0.6,ID,0
"cũ (clip 0.6/0.4, score_p95)",575,AAM_mineral_rich,OOD,0.6,ID,0
"cũ (clip 0.6/0.4, score_p95)",576,AAM_mineral_rich,OOD,0.6,ID,0
"cũ (clip 0.6/0.4, score_p95)",577,AAM_mineral_rich,OOD,0.6,ID,0
"cũ (clip 0.6/0.4, score_p95)",578,AAM_mineral_rich,OOD,0.6,ID,0
"cũ (clip 0.6/0.4, score_p95)",579,AAM_mineral_rich,OOD,0.6,ID,0
"cũ (clip 0.6/0.4, score_p95)",580,AAM_mineral_rich,OOD,0.6,ID,0
"cũ (clip 0.6/0.4, score_p95)",581,AAM_mineral_rich,OOD,0.6,ID,0
"cũ (clip 0.6/0.4, score_p95)",582,AAM_mineral_rich,OOD,0.6,ID,0
"cũ (clip 0.6/0.4, score_p95)",583,AAM_mineral_rich,OOD,0.6,ID,0
"cũ (clip 0.6/0.4, score_p95)",584,AAM_mineral_rich,OOD,0.6,ID,0
"cũ (clip 0.6/0.4, score_p95)",585,AAM_mineral_rich,OOD,0.6,ID,0
"cũ (clip 0.6/0.4, score_p95)",586,AAM_mineral_rich,OOD,0.6,ID,0
"cũ (clip 0.6/0.4, score_p95)",587,AAM_mineral_rich,OOD,0.6,ID,0
"cũ (clip 0.6/0.4, score_p95)",588,AAM_mineral_rich,OOD,0.6,ID,0
"cũ (clip 0.6/0.4, score_p95)",589,AAM_mineral_rich,OOD,0.6,ID,0
"cũ (clip 0.6/0.4, score_p95)",590,AAM_mineral_rich,OOD,0.6,ID,0
"cũ (clip 0.6/0.4, score_p95)",591,AAM_mineral_rich,OOD,0.6,ID,0
"cũ (clip 0.6/0.4, score_p95)",592,AAM_mineral_rich,OOD,0.376525,ID,0
"cũ (clip 0.6/0.4, score_p95)",593,AAM_mineral_rich,OOD,0.6,ID,0
"cũ (clip 0.6/0.4, score_p95)",594,AAM_mineral_rich,OOD,0.6,ID,0
"cũ (clip 0.6/0.4, score_p95)",595,AAM_mineral_rich,OOD,0.6,ID,0
"cũ (clip 0.6/0.4, score_p95)",596,AAM_mineral_rich,OOD,0.6,ID,0
"cũ (clip 0.6/0.4, score_p95)",597,AAM_mineral_rich,OOD,0.6,ID,0
"cũ (clip 0.6/0.4, score_p95)",598,AAM_mineral_rich,OOD,0.6,ID,0
"cũ (clip 0.6/0.4, score_p95)",599,AAM_mineral_rich,OOD,0.6,ID,0
"cũ (clip 0.6/0.4, score_p95)",600,AAM_mineral_rich,OOD,0.6,ID,0
"cũ (clip 0.6/0.4, score_p95)",601,AAM_mineral_rich,OOD,0.6,ID,0
"cũ (clip 0.6/0.4, score_p95)",602,AAM_mineral_rich,OOD,0.6,ID,0
"cũ (clip 0.6/0.4, score_p95)",603,AAM_mineral_rich,OOD,0.6,ID,0
"cũ (clip 0.6/0.4, score_p95)",604,AAM_mineral_rich,OOD,0.6,ID,0
"cũ (clip 0.6/0.4, score_p95)",605,AAM_mineral_rich,OOD,0.6,ID,0
"cũ (clip 0.6/0.4, score_p95)",606,AAM_mineral_rich,OOD,0.6,ID,0
"cũ (clip 0.6/0.4, score_p95)",607,AAM_mineral_rich,OOD,0.6,ID,0
"cũ (clip 0.6/0.4, score_p95)",608,AAM_mineral_rich,OOD,0.6,ID,0
"cũ (clip 0.6/0.4, score_p95)",609,AAM_mineral_rich,OOD,0.6,ID,0
"cũ (clip 0.6/0.4, score_p95)",610,AAM_mineral_rich,OOD,0.6,ID,0
"cũ (clip 0.6/0.4, score_p95)",611,AAM_mineral_rich,OOD,0.6,ID,0
"cũ (clip 0.6/0.4, score_p95)",612,AAM_mineral_rich,OOD,0.6,ID,0
"cũ (clip 0.6/0.4, score_p95)",613,AAM_mineral_rich,OOD,0.6,ID,0
"cũ (clip 0.6/0.4, score_p95)",614,AAM_mineral_rich,OOD,0.6,ID,0
"cũ (clip 0.6/0.4, score_p95)",615,AAM_mineral_rich,OOD,0.6,ID,0
"cũ (clip 0.6/0.4, score_p95)",616,AAM_mineral_rich,OOD,0.6,ID,0
"cũ (clip 0.6/0.4, score_p95)",617,AAM_mineral_rich,OOD,0.6,ID,0
"cũ (clip 0.6/0.4, score_p95)",618,AAM_mineral_rich,OOD,0.6,ID,0
"cũ (clip 0.6/0.4, score_p95)",619,AAM_mineral_rich,OOD,0.6,ID,0
"cũ (clip 0.6/0.4, score_p95)",620,AAM_mineral_rich,OOD,0.6,ID,0
"cũ (clip 0.6/0.4, score_p95)",621,AAM_mineral_rich,OOD,0.6,ID,0
"cũ (clip 0.6/0.4, score_p95)",622,AAM_mineral_rich,OOD,0.6,ID,0
"cũ (clip 0.6/0.4, score_p95)",623,AAM_mineral_rich,OOD,0.6,ID,0
"cũ (clip 0.6/0.4, score_p95)",624,AAM_mineral_rich,OOD,0.6,ID,0
"cũ (clip 0.6/0.4, score_p95)",625,AAM_mineral_rich,OOD,0.6,ID,0
"cũ (clip 0.6/0.4, score_p95)",626,AAM_mineral_rich,OOD,0.6,ID,0
"cũ (clip 0.6/0.4, score_p95)",627,AAM_mineral_rich,OOD,0.6,ID,0
"cũ (clip 0.6/0.4, score_p95)",628,AAM_mineral_rich,OOD,0.6,ID,0
"cũ (clip 0.6/0.4, score_p95)",629,AAM_mineral_rich,OOD,0.6,ID,0
"cũ (clip 0.6/0.4, score_p95)",630,AAM_mineral_rich,OOD,0.6,ID,0
"cũ (clip 0.6/0.4, score_p95)",631,AAM_mineral_rich,OOD,0.6,ID,0
"cũ (clip 0.6/0.4, score_p95)",632,AAM_mineral_rich,OOD,0.6,ID,0
"cũ (clip 0.6/0.4, score_p95)",633,AAM_mineral_rich,OOD,0.6,ID,0
"cũ (clip 0.6/0.4, score_p95)",634,AAM_mineral_rich,OOD,0.6,ID,0
"cũ (clip 0.6/0.4, score_p95)",635,AAM_mineral_rich,OOD,0.6,ID,0
"cũ (clip 0.6/0.4, score_p95)",636,AAM_mineral_rich,OOD,0.6,ID,0
"cũ (clip 0.6/0.4, score_p95)",637,AAM_mineral_rich,OOD,0.6,ID,0
"cũ (clip 0.6/0.4, score_p95)",638,AAM_mineral_rich,OOD,0.6,ID,0
"cũ (clip 0.6/0.4, score_p95)",639,AAM_mineral_rich,OOD,0.218392,ID,0
"cũ (clip 0.6/0.4, score_p95)",640,AAM_mineral_rich,OOD,0.6,ID,0
"cũ (clip 0.6/0.4, score_p95)",641,AAM_mineral_rich,OOD,0.6,ID,0
"cũ (clip 0.6/0.4, score_p95)",642,AAM_mineral_rich,OOD,0.6,ID,0
"cũ (clip 0.6/0.4, score_p95)",643,AAM_mineral_rich,OOD,0.6,ID,0
"cũ (clip 0.6/0.4, score_p95)",644,AAM_mineral_rich,OOD,0.6,ID,0
"cũ (clip 0.6/0.4, score_p95)",645,AAM_mineral_rich,OOD,0.6,ID,0
"cũ (clip 0.6/0.4, score_p95)",646,AAM_mineral_rich,OOD,0.6,ID,0
"cũ (clip 0.6/0.4, score_p95)",647,AAM_mineral_rich,OOD,0.6,ID,0
"cũ (clip 0.6/0.4, score_p95)",648,AAM_mineral_rich,OOD,0.6,ID,0
"cũ (clip 0.6/0.4, score_p95)",649,AAM_mineral_rich,OOD,0.6,ID,0
"cũ (clip 0.6/0.4, score_p95)",650,AAM_mineral_rich,OOD,0.6,ID,0
"cũ (clip 0.6/0.4, score_p95)",651,AAM_mineral_rich,OOD,0.6,ID,0
"cũ (clip 0.6/0.4, score_p95)",652,AAM_mineral_rich,OOD,0.6,ID,0
"cũ (clip 0.6/0.4, score_p95)",653,AAM_mineral_rich,OOD,0.6,ID,0
"cũ (clip 0.6/0.4, score_p95)",654,AAM_mineral_rich,OOD,0.6,ID,0
"cũ (clip 0.6/0.4, score_p95)",655,AAM_mineral_rich,OOD,0.6,ID,0
"cũ (clip 0.6/0.4, score_p95)",656,AAM_mineral_rich,OOD,0.6,ID,0
"cũ (clip 0.6/0.4, score_p95)",657,AAM_mineral_rich,OOD,0.6,ID,0
"cũ (clip 0.6/0.4, score_p95)",658,AAM_mineral_rich,OOD,0.6,ID,0
"cũ (clip 0.6/0.4, score_p95)",659,AAM_mineral_rich,OOD,0.6,ID,0
"cũ (clip 0.6/0.4, score_p95)",660,AAM_mineral_rich,OOD,0.6,ID,0
"cũ (clip 0.6/0.4, score_p95)",661,AAM_mineral_rich,OOD,0.6,ID,0
"cũ (clip 0.6/0.4, score_p95)",662,AAM_mineral_rich,OOD,0.6,ID,0
"cũ (clip 0.6/0.4, score_p95)",663,AAM_mineral_rich,OOD,0.6,ID,0
"cũ (clip 0.6/0.4, score_p95)",664,AAM_mineral_rich,OOD,0.6,ID,0
"cũ (clip 0.6/0.4, score_p95)",665,AAM_mineral_rich,OOD,0.6,ID,0
"cũ (clip 0.6/0.4, score_p95)",666,AAM_mineral_rich,OOD,0.6,ID,0
"cũ (clip 0.6/0.4, score_p95)",667,AAM_mineral_rich,OOD,0.6,ID,0
"cũ (clip 0.6/0.4, score_p95)",668,AAM_mineral_rich,OOD,0.6,ID,0
"cũ (clip 0.6/0.4, score_p95)",669,AAM_mineral_rich,OOD,0.6,ID,0
"cũ (clip 0.6/0.4, score_p95)",670,AAM_mineral_rich,OOD,0.6,ID,0
"cũ (clip 0.6/0.4, score_p95)",671,AAM_mineral_rich,OOD,0.6,ID,0
"cũ (clip 0.6/0.4, score_p95)",672,AAM_mineral_rich,OOD,0.6,ID,0
"cũ (clip 0.6/0.4, score_p95)",673,AAM_mineral_rich,OOD,0.6,ID,0
"cũ (clip 0.6/0.4, score_p95)",674,AAM_mineral_rich,OOD,0.6,ID,0
"cũ (clip 0.6/0.4, score_p95)",675,AAM_mineral_rich,OOD,0.6,ID,0
"cũ (clip 0.6/0.4, score_p95)",676,AAM_mineral_rich,OOD,0.6,ID,0
"cũ (clip 0.6/0.4, score_p95)",677,AAM_mineral_rich,OOD,0.6,ID,0
"cũ (clip 0.6/0.4, score_p95)",678,AAM_mineral_rich,OOD,0.6,ID,0
"cũ (clip 0.6/0.4, score_p95)",679,AAM_mineral_rich,OOD,0.6,ID,0
"cũ (clip 0.6/0.4, score_p95)",680,AAM_mineral_rich,OOD,0.6,ID,0
"cũ (clip 0.6/0.4, score_p95)",681,AAM_mineral_rich,OOD,0.6,ID,0
"cũ (clip 0.6/0.4, score_p95)",682,AAM_mineral_rich,OOD,0.6,ID,0
"cũ (clip 0.6/0.4, score_p95)",683,AAM_mineral_rich,OOD,0.6,ID,0
"cũ (clip 0.6/0.4, score_p95)",684,AAM_mineral_rich,OOD,0.6,ID,0
"cũ (clip 0.6/0.4, score_p95)",685,AAM_mineral_rich,OOD,0.6,ID,0
"cũ (clip 0.6/0.4, score_p95)",686,AAM_mineral_rich,OOD,0.6,ID,0
"cũ (clip 0.6/0.4, score_p95)",687,AAM_mineral_rich,OOD,0.6,ID,0
"cũ (clip 0.6/0.4, score_p95)",688,AAM_mineral_rich,OOD,0.6,ID,0
"cũ (clip 0.6/0.4, score_p95)",689,AAM_mineral_rich,OOD,0.6,ID,0
"cũ (clip 0.6/0.4, score_p95)",690,AAM_mineral_rich,OOD,0.6,ID,0
"cũ (clip 0.6/0.4, score_p95)",691,AAM_mineral_rich,OOD,0.6,ID,0
"cũ (clip 0.6/0.4, score_p95)",692,AAM_mineral_rich,OOD,0.555454,ID,0
"cũ (clip 0.6/0.4, score_p95)",693,AAM_mineral_rich,OOD,0.6,ID,0
"cũ (clip 0.6/0.4, score_p95)",694,AAM_mineral_rich,OOD,0.6,ID,0
"cũ (clip 0.6/0.4, score_p95)",695,AAM_mineral_rich,OOD,0.6,ID,0
"cũ (clip 0.6/0.4, score_p95)",696,AAM_mineral_rich,OOD,0.6,ID,0
"cũ (clip 0.6/0.4, score_p95)",697,AAM_mineral_rich,OOD,0.6,ID,0
"cũ (clip 0.6/0.4, score_p95)",698,AAM_mineral_rich,OOD,0.6,ID,0
"cũ (clip 0.6/0.4, score_p95)",699,AAM_mineral_rich,OOD,0.6,ID,0
"cũ (clip 0.6/0.4, score_p95)",700,AAM_mineral_rich,OOD,0.6,ID,0
"cũ (clip 0.6/0.4, score_p95)",701,AAM_mineral_rich,OOD,0.6,ID,0
"cũ (clip 0.6/0.4, score_p95)",702,AAM_mineral_rich,OOD,0.6,ID,0
"cũ (clip 0.6/0.4, score_p95)",703,AAM_mineral_rich,OOD,0.6,ID,0
"cũ (clip 0.6/0.4, score_p95)",704,AAM_mineral_rich,OOD,0.6,ID,0
"cũ (clip 0.6/0.4, score_p95)",705,AAM_mineral_rich,OOD,0.6,ID,0
"cũ (clip 0.6/0.4, score_p95)",706,AAM_mineral_rich,OOD,0.6,ID,0
"cũ (clip 0.6/0.4, score_p95)",707,AAM_mineral_rich,OOD,0.6,ID,0
"cũ (clip 0.6/0.4, score_p95)",708,AAM_mineral_rich,OOD,0.6,ID,0
"cũ (clip 0.6/0.4, score_p95)",709,AAM_mineral_rich,OOD,0.6,ID,0
"cũ (clip 0.6/0.4, score_p95)",710,AAM_mineral_rich,OOD,0.6,ID,0
"cũ (clip 0.6/0.4, score_p95)",711,AAM_mineral_rich,OOD,0.6,ID,0
"cũ (clip 0.6/0.4, score_p95)",712,AAM_mineral_rich,OOD,0.6,ID,0
"cũ (clip 0.6/0.4, score_p95)",713,AAM_mineral_rich,OOD,0.6,ID,0
"cũ (clip 0.6/0.4, score_p95)",714,AAM_mineral_rich,OOD,0.6,ID,0
"cũ (clip 0.6/0.4, score_p95)",715,AAM_mineral_rich,OOD,0.6,ID,0
"cũ (clip 0.6/0.4, score_p95)",716,AAM_mineral_rich,OOD,0.6,ID,0
"cũ (clip 0.6/0.4, score_p95)",717,AAM_mineral_rich,OOD,0.6,ID,0
"cũ (clip 0.6/0.4, score_p95)",718,AAM_mineral_rich,OOD,0.6,ID,0
"cũ (clip 0.6/0.4, score_p95)",719,AAM_mineral_rich,OOD,0.6,ID,0
"cũ (clip 0.6/0.4, score_p95)",720,AAM_mineral_rich,OOD,0.6,ID,0
"cũ (clip 0.6/0.4, score_p95)",721,AAM_mineral_rich,OOD,0.6,ID,0
"cũ (clip 0.6/0.4, score_p95)",722,AAM_mineral_rich,OOD,0.6,ID,0
"cũ (clip 0.6/0.4, score_p95)",723,AAM_mineral_rich,OOD,0.6,ID,0
"cũ (clip 0.6/0.4, score_p95)",724,AAM_mineral_rich,OOD,0.6,ID,0
"cũ (clip 0.6/0.4, score_p95)",725,AAM_mineral_rich,OOD,0.6,ID,0
"cũ (clip 0.6/0.4, score_p95)",726,AAM_mineral_rich,OOD,0.6,ID,0
"cũ (clip 0.6/0.4, score_p95)",727,AAM_mineral_rich,OOD,0.6,ID,0
"cũ (clip 0.6/0.4, score_p95)",728,AAM_mineral_rich,OOD,0.6,ID,0
"cũ (clip 0.6/0.4, score_p95)",729,AAM_mineral_rich,OOD,0.6,ID,0
"cũ (clip 0.6/0.4, score_p95)",730,AAM_mineral_rich,OOD,0.6,ID,0
"cũ (clip 0.6/0.4, score_p95)",731,AAM_mineral_rich,OOD,0.6,ID,0
"cũ (clip 0.6/0.4, score_p95)",732,AAM_mineral_rich,OOD,0.6,ID,0
"cũ (clip 0.6/0.4, score_p95)",733,AAM_mineral_rich,OOD,0.6,ID,0
"cũ (clip 0.6/0.4, score_p95)",734,AAM_mineral_rich,OOD,0.6,ID,0
"cũ (clip 0.6/0.4, score_p95)",735,AAM_mineral_rich,OOD,0.6,ID,0
"cũ (clip 0.6/0.4, score_p95)",736,AAM_mineral_rich,OOD,0.6,ID,0
"cũ (clip 0.6/0.4, score_p95)",737,AAM_mineral_rich,OOD,0.6,ID,0
"cũ (clip 0.6/0.4, score_p95)",738,AAM_mineral_rich,OOD,0.6,ID,0
"cũ (clip 0.6/0.4, score_p95)",739,AAM_mineral_rich,OOD,0.6,ID,0
"cũ (clip 0.6/0.4, score_p95)",740,AAM_mineral_rich,OOD,0.6,ID,0
"cũ (clip 0.6/0.4, score_p95)",741,AAM_mineral_rich,OOD,0.6,ID,0
"cũ (clip 0.6/0.4, score_p95)",742,AAM_mineral_rich,OOD,0.6,ID,0
"cũ (clip 0.6/0.4, score_p95)",743,AAM_mineral_rich,OOD,0.6,ID,0
"cũ (clip 0.6/0.4, score_p95)",744,AAM_mineral_rich,OOD,0.6,ID,0
"cũ (clip 0.6/0.4, score_p95)",745,AAM_mineral_rich,OOD,0.6,ID,0
"cũ (clip 0.6/0.4, score_p95)",746,AAM_mineral_rich,OOD,0.6,ID,0
"cũ (clip 0.6/0.4, score_p95)",747,AAM_mineral_rich,OOD,0.6,ID,0
"cũ (clip 0.6/0.4, score_p95)",748,AAM_mineral_rich,OOD,0.6,ID,0
"cũ (clip 0.6/0.4, score_p95)",749,AAM_mineral_rich,OOD,0.6,ID,0
"cũ (clip 0.6/0.4, score_p95)",750,AAM_mineral_rich,OOD,0.6,ID,0
"cũ (clip 0.6/0.4, score_p95)",751,AAM_mineral_rich,OOD,0.6,ID,0
"cũ (clip 0.6/0.4, score_p95)",752,AAM_mineral_rich,OOD,0.6,ID,0
"cũ (clip 0.6/0.4, score_p95)",753,AAM_mineral_rich,OOD,0.6,ID,0
"cũ (clip 0.6/0.4, score_p95)",754,AAM_mineral_rich,OOD,0.6,ID,0
"cũ (clip 0.6/0.4, score_p95)",755,AAM_mineral_rich,OOD,0.6,ID,0
"cũ (clip 0.6/0.4, score_p95)",756,AAM_mineral_rich,OOD,0.6,ID,0
"cũ (clip 0.6/0.4, score_p95)",757,AAM_mineral_rich,OOD,0.6,ID,0
"cũ (clip 0.6/0.4, score_p95)",758,AAM_mineral_rich,OOD,0.6,ID,0
"cũ (clip 0.6/0.4, score_p95)",759,AAM_mineral_rich,OOD,0.6,ID,0
"cũ (clip 0.6/0.4, score_p95)",760,AAM_mineral_rich,OOD,0.6,ID,0
"cũ (clip 0.6/0.4, score_p95)",761,AAM_mineral_rich,OOD,0.6,ID,0
"cũ (clip 0.6/0.4, score_p95)",762,AAM_mineral_rich,OOD,0.6,ID,0
"cũ (clip 0.6/0.4, score_p95)",763,AAM_mineral_rich,OOD,0.6,ID,0
"cũ (clip 0.6/0.4, score_p95)",764,AAM_mineral_rich,OOD,0.6,ID,0
"cũ (clip 0.6/0.4, score_p95)",765,AAM_mineral_rich,OOD,0.6,ID,0
"cũ (clip 0.6/0.4, score_p95)",766,AAM_mineral_rich,OOD,0.6,ID,0
"cũ (clip 0.6/0.4, score_p95)",767,AAM_mineral_rich,OOD,0.6,ID,0
"cũ (clip 0.6/0.4, score_p95)",768,AAM_mineral_rich,OOD,0.6,ID,0
"cũ (clip 0.6/0.4, score_p95)",769,AAM_mineral_rich,OOD,0.6,ID,0
"cũ (clip 0.6/0.4, score_p95)",770,AAM_mineral_rich,OOD,0.6,ID,0
"cũ (clip 0.6/0.4, score_p95)",771,AAM_mineral_rich,OOD,0.6,ID,0
"cũ (clip 0.6/0.4, score_p95)",772,AAM_mineral_rich,OOD,0.6,ID,0
"cũ (clip 0.6/0.4, score_p95)",773,AAM_mineral_rich,OOD,0.6,ID,0
"cũ (clip 0.6/0.4, score_p95)",774,AAM_mineral_rich,OOD,0.6,ID,0
"cũ (clip 0.6/0.4, score_p95)",775,AAM_mineral_rich,OOD,0.6,ID,0
"cũ (clip 0.6/0.4, score_p95)",776,AAM_mineral_rich,OOD,0.6,ID,0
"cũ (clip 0.6/0.4, score_p95)",777,AAM_mineral_rich,OOD,0.6,ID,0
"cũ (clip 0.6/0.4, score_p95)",778,AAM_mineral_rich,OOD,0.6,ID,0
"cũ (clip 0.6/0.4, score_p95)",779,AAM_mineral_rich,OOD,0.6,ID,0
"cũ (clip 0.6/0.4, score_p95)",780,AAM_mineral_rich,OOD,0.6,ID,0
"cũ (clip 0.6/0.4, score_p95)",781,AAM_mineral_rich,OOD,0.6,ID,0
"cũ (clip 0.6/0.4, score_p95)",782,AAM_mineral_rich,OOD,0.6,ID,0
"cũ (clip 0.6/0.4, score_p95)",783,AAM_mineral_rich,OOD,0.6,ID,0
"cũ (clip 0.6/0.4, score_p95)",784,AAM_mineral_rich,OOD,0.6,ID,0
"cũ (clip 0.6/0.4, score_p95)",785,AAM_mineral_rich,OOD,0.6,ID,0
"cũ (clip 0.6/0.4, score_p95)",786,AAM_mineral_rich,OOD,0.6,ID,0
"cũ (clip 0.6/0.4, score_p95)",787,AAM_mineral_rich,OOD,0.6,ID,0
"cũ (clip 0.6/0.4, score_p95)",788,AAM_mineral_rich,OOD,0.6,ID,0
"cũ (clip 0.6/0.4, score_p95)",789,AAM_mineral_rich,OOD,0.6,ID,0
"cũ (clip 0.6/0.4, score_p95)",790,AAM_mineral_rich,OOD,0.6,ID,0
"cũ (clip 0.6/0.4, score_p95)",791,AAM_mineral_rich,OOD,0.6,ID,0
"cũ (clip 0.6/0.4, score_p95)",792,AAM_mineral_rich,OOD,0.6,ID,0
"cũ (clip 0.6/0.4, score_p95)",793,AAM_mineral_rich,OOD,0.6,ID,0
"cũ (clip 0.6/0.4, score_p95)",794,AAM_mineral_rich,OOD,0.6,ID,0
"cũ (clip 0.6/0.4, score_p95)",795,AAM_mineral_rich,OOD,0.6,ID,0
"cũ (clip 0.6/0.4, score_p95)",796,AAM_mineral_rich,OOD,0.6,ID,0
"cũ (clip 0.6/0.4, score_p95)",797,AAM_mineral_rich,OOD,0.6,ID,0
"cũ (clip 0.6/0.4, score_p95)",798,AAM_mineral_rich,OOD,0.6,ID,0
"cũ (clip 0.6/0.4, score_p95)",799,AAM_mineral_rich,OOD,0.430561,ID,0
"cũ (clip 0.6/0.4, score_p95)",800,AAM_mineral_rich,OOD,0.6,ID,0
"cũ (clip 0.6/0.4, score_p95)",801,AAM_mineral_rich,OOD,0.6,ID,0
"cũ (clip 0.6/0.4, score_p95)",802,AAM_mineral_rich,OOD,0.6,ID,0
"cũ (clip 0.6/0.4, score_p95)",803,AAM_mineral_rich,OOD,0.6,ID,0
"cũ (clip 0.6/0.4, score_p95)",804,AAM_mineral_rich,OOD,0.6,ID,0
"cũ (clip 0.6/0.4, score_p95)",805,AAM_mineral_rich,OOD,0.6,ID,0
"cũ (clip 0.6/0.4, score_p95)",806,AAM_mineral_rich,OOD,0.6,ID,0
"cũ (clip 0.6/0.4, score_p95)",807,AAM_mineral_rich,OOD,0.6,ID,0
"cũ (clip 0.6/0.4, score_p95)",808,AAM_mineral_rich,OOD,0.6,ID,0
"cũ (clip 0.6/0.4, score_p95)",809,AAM_mineral_rich,OOD,0.6,ID,0
"cũ (clip 0.6/0.4, score_p95)",810,AAM_mineral_rich,OOD,0.6,ID,0
"cũ (clip 0.6/0.4, score_p95)",811,AAM_mineral_rich,OOD,0.6,ID,0
"cũ (clip 0.6/0.4, score_p95)",812,AAM_mineral_rich,OOD,0.6,ID,0
"cũ (clip 0.6/0.4, score_p95)",813,AAM_mineral_rich,OOD,0.6,ID,0
"cũ (clip 0.6/0.4, score_p95)",814,AAM_mineral_rich,OOD,0.6,ID,0
"cũ (clip 0.6/0.4, score_p95)",815,AAM_mineral_rich,OOD,0.6,ID,0
"cũ (clip 0.6/0.4, score_p95)",816,AAM_mineral_rich,OOD,0.6,ID,0
"cũ (clip 0.6/0.4, score_p95)",817,AAM_mineral_rich,OOD,0.6,ID,0
"cũ (clip 0.6/0.4, score_p95)",818,AAM_mineral_rich,OOD,0.6,ID,0
"cũ (clip 0.6/0.4, score_p95)",819,AAM_mineral_rich,OOD,0.6,ID,0
"cũ (clip 0.6/0.4, score_p95)",820,AAM_mineral_rich,OOD,0.6,ID,0
"cũ (clip 0.6/0.4, score_p95)",821,AAM_mineral_rich,OOD,0.6,ID,0
"cũ (clip 0.6/0.4, score_p95)",822,AAM_mineral_rich,OOD,0.6,ID,0
"cũ (clip 0.6/0.4, score_p95)",823,AAM_mineral_rich,OOD,0.6,ID,0
"cũ (clip 0.6/0.4, score_p95)",824,AAM_mineral_rich,OOD,0.6,ID,0
"cũ (clip 0.6/0.4, score_p95)",825,AAM_mineral_rich,OOD,0.6,ID,0
"cũ (clip 0.6/0.4, score_p95)",826,AAM_mineral_rich,OOD,0.6,ID,0
"cũ (clip 0.6/0.4, score_p95)",827,AAM_mineral_rich,OOD,0.6,ID,0
"cũ (clip 0.6/0.4, score_p95)",828,AAM_mineral_rich,OOD,0.6,ID,0
"cũ (clip 0.6/0.4, score_p95)",829,AAM_mineral_rich,OOD,0.6,ID,0
"cũ (clip 0.6/0.4, score_p95)",830,AAM_mineral_rich,OOD,0.6,ID,0
"cũ (clip 0.6/0.4, score_p95)",831,AAM_mineral_rich,OOD,0.6,ID,0
"cũ (clip 0.6/0.4, score_p95)",832,AAM_mineral_rich,OOD,0.6,ID,0
"cũ (clip 0.6/0.4, score_p95)",833,AAM_mineral_rich,OOD,0.6,ID,0
"cũ (clip 0.6/0.4, score_p95)",834,AAM_mineral_rich,OOD,0.6,ID,0
"cũ (clip 0.6/0.4, score_p95)",835,AAM_mineral_rich,OOD,0.6,ID,0
"cũ (clip 0.6/0.4, score_p95)",836,AAM_mineral_rich,OOD,0.6,ID,0
"cũ (clip 0.6/0.4, score_p95)",837,AAM_mineral_rich,OOD,0.6,ID,0
"cũ (clip 0.6/0.4, score_p95)",838,AAM_mineral_rich,OOD,0.6,ID,0
"cũ (clip 0.6/0.4, score_p95)",839,AAM_mineral_rich,OOD,0.6,ID,0
"cũ (clip 0.6/0.4, score_p95)",840,AAM_mineral_rich,OOD,0.6,ID,0
"cũ (clip 0.6/0.4, score_p95)",841,AAM_mineral_rich,OOD,0.6,ID,0
"cũ (clip 0.6/0.4, score_p95)",842,AAM_mineral_rich,OOD,0.6,ID,0
"cũ (clip 0.6/0.4, score_p95)",843,AAM_mineral_rich,OOD,0.6,ID,0
"cũ (clip 0.6/0.4, score_p95)",844,AAM_mineral_rich,OOD,0.6,ID,0
"cũ (clip 0.6/0.4, score_p95)",845,AAM_mineral_rich,OOD,0.6,ID,0
"cũ (clip 0.6/0.4, score_p95)",846,AAM_mineral_rich,OOD,0.6,ID,0
"cũ (clip 0.6/0.4, score_p95)",847,AAM_mineral_rich,OOD,0.6,ID,0
"cũ (clip 0.6/0.4, score_p95)",848,AAM_mineral_rich,OOD,0.471786,ID,0
"cũ (clip 0.6/0.4, score_p95)",849,AAM_mineral_rich,OOD,0.6,ID,0
"cũ (clip 0.6/0.4, score_p95)",850,AAM_mineral_rich,OOD,0.6,ID,0
"cũ (clip 0.6/0.4, score_p95)",851,AAM_mineral_rich,OOD,0.6,ID,0
"cũ (clip 0.6/0.4, score_p95)",852,AAM_mineral_rich,OOD,0.6,ID,0
"cũ (clip 0.6/0.4, score_p95)",853,AAM_mineral_rich,OOD,0.6,ID,0
"cũ (clip 0.6/0.4, score_p95)",854,AAM_mineral_rich,OOD,0.6,ID,0
"cũ (clip 0.6/0.4, score_p95)",855,AAM_mineral_rich,OOD,0.6,ID,0
"cũ (clip 0.6/0.4, score_p95)",856,AAM_mineral_rich,OOD,0.6,ID,0
"cũ (clip 0.6/0.4, score_p95)",857,AAM_mineral_rich,OOD,0.6,ID,0
"cũ (clip 0.6/0.4, score_p95)",858,AAM_mineral_rich,OOD,0.6,ID,0
"cũ (clip 0.6/0.4, score_p95)",859,AAM_mineral_rich,OOD,0.512673,ID,0
"cũ (clip 0.6/0.4, score_p95)",860,AAM_mineral_rich,OOD,0.6,ID,0
"cũ (clip 0.6/0.4, score_p95)",861,AAM_mineral_rich,OOD,0.575562,ID,0
"cũ (clip 0.6/0.4, score_p95)",862,AAM_mineral_rich,OOD,0.6,ID,0
"cũ (clip 0.6/0.4, score_p95)",863,AAM_mineral_rich,OOD,0.6,ID,0
"cũ (clip 0.6/0.4, score_p95)",864,AAM_mineral_rich,OOD,0.6,ID,0
"cũ (clip 0.6/0.4, score_p95)",865,AAM_mineral_rich,OOD,0.6,ID,0
"cũ (clip 0.6/0.4, score_p95)",866,AAM_mineral_rich,OOD,0.6,ID,0
"cũ (clip 0.6/0.4, score_p95)",867,AAM_mineral_rich,OOD,0.6,ID,0
"cũ (clip 0.6/0.4, score_p95)",868,AAM_mineral_rich,OOD,0.6,ID,0
"cũ (clip 0.6/0.4, score_p95)",869,AAM_mineral_rich,OOD,0.6,ID,0
"cũ (clip 0.6/0.4, score_p95)",870,AAM_mineral_rich,OOD,0.6,ID,0
"cũ (clip 0.6/0.4, score_p95)",871,AAM_mineral_rich,OOD,0.6,ID,0
"cũ (clip 0.6/0.4, score_p95)",872,AAM_mineral_rich,OOD,0.6,ID,0
"cũ (clip 0.6/0.4, score_p95)",873,AAM_mineral_rich,OOD,0.6,ID,0
"cũ (clip 0.6/0.4, score_p95)",874,AAM_mineral_rich,OOD,0.6,ID,0
"cũ (clip 0.6/0.4, score_p95)",875,AAM_mineral_rich,OOD,0.6,ID,0
"cũ (clip 0.6/0.4, score_p95)",876,AAM_mineral_rich,OOD,0.6,ID,0
"cũ (clip 0.6/0.4, score_p95)",877,AAM_mineral_rich,OOD,0.6,ID,0
"cũ (clip 0.6/0.4, score_p95)",878,AAM_mineral_rich,OOD,0.6,ID,0
"cũ (clip 0.6/0.4, score_p95)",879,AAM_mineral_rich,OOD,0.6,ID,0
"cũ (clip 0.6/0.4, score_p95)",880,AAM_mineral_rich,OOD,0.6,ID,0
"cũ (clip 0.6/0.4, score_p95)",881,AAM_mineral_rich,OOD,0.6,ID,0
"cũ (clip 0.6/0.4, score_p95)",882,AAM_mineral_rich,OOD,0.6,ID,0
"cũ (clip 0.6/0.4, score_p95)",883,AAM_mineral_rich,OOD,0.6,ID,0
"cũ (clip 0.6/0.4, score_p95)",884,AAM_mineral_rich,OOD,0.6,ID,0
"cũ (clip 0.6/0.4, score_p95)",885,AAM_mineral_rich,OOD,0.6,ID,0
"cũ (clip 0.6/0.4, score_p95)",886,AAM_mineral_rich,OOD,0.6,ID,0
"cũ (clip 0.6/0.4, score_p95)",887,AAM_mineral_rich,OOD,0.6,ID,0
"cũ (clip 0.6/0.4, score_p95)",888,AAM_mineral_rich,OOD,0.6,ID,0
"cũ (clip 0.6/0.4, score_p95)",889,AAM_mineral_rich,OOD,0.6,ID,0
"cũ (clip 0.6/0.4, score_p95)",890,AAM_mineral_rich,OOD,0.6,ID,0
"cũ (clip 0.6/0.4, score_p95)",891,AAM_mineral_rich,OOD,0.6,ID,0
"cũ (clip 0.6/0.4, score_p95)",892,AAM_mineral_rich,OOD,0.6,ID,0
"cũ (clip 0.6/0.4, score_p95)",893,AAM_mineral_rich,OOD,0.6,ID,0
"cũ (clip 0.6/0.4, score_p95)",894,AAM_mineral_rich,OOD,0.6,ID,0
"cũ (clip 0.6/0.4, score_p95)",895,AAM_mineral_rich,OOD,0.6,ID,0
"cũ (clip 0.6/0.4, score_p95)",896,AAM_mineral_rich,OOD,0.6,ID,0
"cũ (clip 0.6/0.4, score_p95)",897,AAM_mineral_rich,OOD,0.6,ID,0
"cũ (clip 0.6/0.4, score_p95)",898,AAM_mineral_rich,OOD,0.6,ID,0
"cũ (clip 0.6/0.4, score_p95)",899,AAM_mineral_rich,OOD,0.6,ID,0
"cũ (clip 0.6/0.4, score_p95)",900,AAM_mineral_rich,OOD,0.6,ID,0
"cũ (clip 0.6/0.4, score_p95)",901,AAM_mineral_rich,OOD,0.6,ID,0
"cũ (clip 0.6/0.4, score_p95)",902,AAM_mineral_rich,OOD,0.6,ID,0
"cũ (clip 0.6/0.4, score_p95)",903,AAM_mineral_rich,OOD,0.6,ID,0
"cũ (clip 0.6/0.4, score_p95)",904,AAM_mineral_rich,OOD,0.6,ID,0
"cũ (clip 0.6/0.4, score_p95)",905,AAM_mineral_rich,OOD,0.6,ID,0
"cũ (clip 0.6/0.4, score_p95)",906,AAM_mineral_rich,OOD,0.6,ID,0
"cũ (clip 0.6/0.4, score_p95)",907,AAM_mineral_rich,OOD,0.6,ID,0
"cũ (clip 0.6/0.4, score_p95)",908,AAM_mineral_rich,OOD,0.6,ID,0
"cũ (clip 0.6/0.4, score_p95)",909,AAM_mineral_rich,OOD,0.6,ID,0
"cũ (clip 0.6/0.4, score_p95)",910,AAM_mineral_rich,OOD,0.6,ID,0
"cũ (clip 0.6/0.4, score_p95)",911,AAM_mineral_rich,OOD,0.6,ID,0
"cũ (clip 0.6/0.4, score_p95)",912,AAM_mineral_rich,OOD,0.6,ID,0
"cũ (clip 0.6/0.4, score_p95)",913,AAM_mineral_rich,OOD,0.6,ID,0
"cũ (clip 0.6/0.4, score_p95)",914,AAM_mineral_rich,OOD,0.6,ID,0
"cũ (clip 0.6/0.4, score_p95)",915,AAM_mineral_rich,OOD,0.6,ID,0
"cũ (clip 0.6/0.4, score_p95)",916,AAM_mineral_rich,OOD,0.6,ID,0
"cũ (clip 0.6/0.4, score_p95)",917,AAM_mineral_rich,OOD,0.6,ID,0
"cũ (clip 0.6/0.4, score_p95)",918,AAM_mineral_rich,OOD,0.6,ID,0
"cũ (clip 0.6/0.4, score_p95)",919,AAM_mineral_rich,OOD,0.6,ID,0
"cũ (clip 0.6/0.4, score_p95)",920,AAM_mineral_rich,OOD,0.6,ID,0
"cũ (clip 0.6/0.4, score_p95)",921,AAM_mineral_rich,OOD,0.6,ID,0
"cũ (clip 0.6/0.4, score_p95)",922,AAM_mineral_rich,OOD,0.6,ID,0
"cũ (clip 0.6/0.4, score_p95)",923,AAM_mineral_rich,OOD,0.6,ID,0
"cũ (clip 0.6/0.4, score_p95)",924,AAM_mineral_rich,OOD,0.6,ID,0
"cũ (clip 0.6/0.4, score_p95)",925,AAM_mineral_rich,OOD,0.6,ID,0
"cũ (clip 0.6/0.4, score_p95)",926,AAM_mineral_rich,OOD,0.6,ID,0
"cũ (clip 0.6/0.4, score_p95)",927,AAM_mineral_rich,OOD,0.6,ID,0
"cũ (clip 0.6/0.4, score_p95)",928,AAM_mineral_rich,OOD,0.6,ID,0
"cũ (clip 0.6/0.4, score_p95)",929,AAM_mineral_rich,OOD,0.6,ID,0
"cũ (clip 0.6/0.4, score_p95)",930,AAM_mineral_rich,OOD,0.6,ID,0
"cũ (clip 0.6/0.4, score_p95)",931,AAM_mineral_rich,OOD,0.6,ID,0
"cũ (clip 0.6/0.4, score_p95)",932,AAM_mineral_rich,OOD,0.6,ID,0
"cũ (clip 0.6/0.4, score_p95)",933,AAM_mineral_rich,OOD,0.6,ID,0
"cũ (clip 0.6/0.4, score_p95)",934,AAM_mineral_rich,OOD,0.6,ID,0
"cũ (clip 0.6/0.4, score_p95)",935,AAM_mineral_rich,OOD,0.260583,ID,0
"cũ (clip 0.6/0.4, score_p95)",936,AAM_mineral_rich,OOD,0.6,ID,0
"cũ (clip 0.6/0.4, score_p95)",937,AAM_mineral_rich,OOD,0.6,ID,0
"cũ (clip 0.6/0.4, score_p95)",938,AAM_mineral_rich,OOD,0.6,ID,0
"cũ (clip 0.6/0.4, score_p95)",939,AAM_mineral_rich,OOD,0.6,ID,0
"cũ (clip 0.6/0.4, score_p95)",940,AAM_mineral_rich,OOD,0.6,ID,0
"cũ (clip 0.6/0.4, score_p95)",941,AAM_mineral_rich,OOD,0.6,ID,0
"cũ (clip 0.6/0.4, score_p95)",942,AAM_mineral_rich,OOD,0.6,ID,0
"cũ (clip 0.6/0.4, score_p95)",943,AAM_mineral_rich,OOD,0.6,ID,0
"cũ (clip 0.6/0.4, score_p95)",944,AAM_mineral_rich,OOD,0.6,ID,0
"cũ (clip 0.6/0.4, score_p95)",945,AAM_mineral_rich,OOD,0.6,ID,0
"cũ (clip 0.6/0.4, score_p95)",946,AAM_mineral_rich,OOD,0.6,ID,0
"cũ (clip 0.6/0.4, score_p95)",947,AAM_mineral_rich,OOD,0.6,ID,0
"cũ (clip 0.6/0.4, score_p95)",948,AAM_mineral_rich,OOD,0.6,ID,0
"cũ (clip 0.6/0.4, score_p95)",949,AAM_mineral_rich,OOD,0.6,ID,0
"cũ (clip 0.6/0.4, score_p95)",950,AAM_mineral_rich,OOD,0.6,ID,0
"cũ (clip 0.6/0.4, score_p95)",951,AAM_mineral_rich,OOD,0.6,ID,0
"cũ (clip 0.6/0.4, score_p95)",952,AAM_mineral_rich,OOD,0.6,ID,0
"cũ (clip 0.6/0.4, score_p95)",953,AAM_mineral_rich,OOD,0.6,ID,0
"cũ (clip 0.6/0.4, score_p95)",954,AAM_mineral_rich,OOD,0.6,ID,0
"cũ (clip 0.6/0.4, score_p95)",955,AAM_mineral_rich,OOD,0.6,ID,0
"cũ (clip 0.6/0.4, score_p95)",956,AAM_mineral_rich,OOD,0.6,ID,0
"cũ (clip 0.6/0.4, score_p95)",957,AAM_mineral_rich,OOD,0.6,ID,0
"cũ (clip 0.6/0.4, score_p95)",958,AAM_mineral_rich,OOD,0.6,ID,0
"cũ (clip 0.6/0.4, score_p95)",959,AAM_mineral_rich,OOD,0.6,ID,0
"cũ (clip 0.6/0.4, score_p95)",960,AAM_mineral_rich,OOD,0.6,ID,0
"cũ (clip 0.6/0.4, score_p95)",961,AAM_mineral_rich,OOD,0.6,ID,0
"cũ (clip 0.6/0.4, score_p95)",962,AAM_mineral_rich,OOD,0.6,ID,0
"cũ (clip 0.6/0.4, score_p95)",963,AAM_mineral_rich,OOD,0.6,ID,0
"cũ (clip 0.6/0.4, score_p95)",964,AAM_mineral_rich,OOD,0.6,ID,0
"cũ (clip 0.6/0.4, score_p95)",965,AAM_mineral_rich,OOD,0.6,ID,0
"cũ (clip 0.6/0.4, score_p95)",966,AAM_mineral_rich,OOD,0.6,ID,0
"cũ (clip 0.6/0.4, score_p95)",967,AAM_mineral_rich,OOD,0.6,ID,0
"cũ (clip 0.6/0.4, score_p95)",968,AAM_mineral_rich,OOD,0.6,ID,0
"cũ (clip 0.6/0.4, score_p95)",969,AAM_mineral_rich,OOD,0.6,ID,0
"cũ (clip 0.6/0.4, score_p95)",970,AAM_mineral_rich,OOD,0.6,ID,0
"cũ (clip 0.6/0.4, score_p95)",971,AAM_mineral_rich,OOD,0.6,ID,0
"cũ (clip 0.6/0.4, score_p95)",972,AAM_mineral_rich,OOD,0.6,ID,0
